place	lemma_andersen	explanation	year	years	volumes	work	page	occurrences	references	confidence	evidence	geo_id
Abbotsford	Abbotsford	Walter Scotts herregård ved Tweed i Skotland.	1849	1849	5	De to Baronesser	413	1	v5:413 (1849)	medium	located+place-type	
Absalon	Absalon	(ca. 1128-1201), statsmand og ærkebiskop, omdannede i 1162 familiens benediktinerkloster i Sorø til en cistercienserstiftelse og begunstigede klosteret af både sit privatgods og sit embedsgods.	1872	1872	3	Kometen	256	1	v3:256 (1872)	medium	located+place-type	
Abydos	Abydos	antikke græske byer på hhv. den asiatiske og den europæiske side af Dardanellerne.	1842	1842	14	En Digters Bazar	448	1	v14:448 (1842)	high	head-noun+place-type+split-ellipsis	
Achilles	Achilles	på sletten ved Troja findes flere gravhøje, som er blevet dyrket som høje for heltene fra den trojanske krig og især den dygtigste græske kriger, Achilleus.	1842	1842	14	En Digters Bazar	444	1	v14:444 (1842)	medium	located+place-type+split-ellipsis	
Acropolis	Acropolis	ruinerne af Athens højtbeliggende borg- og tempelområde.	1846	1846	16	Mit eget Eventyr uden Digtning	258	1	v16:258 (1846)	high	in-register+head-noun+place-type	geo-265409
Agamemnons Grav	Agamemnons Grav	græsk sagnkonge i Mykene (se kort) på det nordøstlige Peloponnes, søn af Atreus; leder af togtet mod Troja. Efter hjemkomsten fra Troja blev han myrdet af sin hustru Klytaimnestra som hævn, fordi han under togtet havde ofret datteren Ifigenia for at få gunstig vind. Atreus’ skatkammer i Mykene, der er en såkaldt kuppelgrav fra 1300-1250 f.Kr., kaldes også Agamemnons grav.	1842	1842	14	En Digters Bazar	376	1	v14:376 (1842)	high	se-kort	
Akropolis	Akropolis	ruinerne af en befæstet by og religiøst centrum i Athen. Jf. Hackländer: »man könnte sagen, sie ist die Akropolis von Granada« (2 s. 254).	1863	1863	15	I Spanien	294	1	v15:294 (1863)	high	head-noun+located+place-type	
Alameda	Alameda	hovedgaden.	1869	1869	18	Mit Livs Eventyr (inklusive Fortsættelse og Tillæg)	257	1	v18:257 (1869)	high	head-noun+place-type	
Albanerbjergene	Albanerbjergene	30 km sydøst for Rom; se kort.	1870	1870	15	Breve fra og til Hans Christian Ørsted, 2. Samling	491	1	v15:491 (1870)	high	se-kort	
Albano	Albano	(Albano-Laziale) ved Lago Albano; se kort.	1842	1842	14	En Digters Bazar	337	1	v14:337 (1842)	high	se-kort	
Alcázar de San Juan	Alcazar de San Juan	Alcázar de San Juan, se kort.	1863	1863	15	I Spanien	379	1	v15:379 (1863)	high	se-kort	
Alexisbad	Alexisbad	kurbadested i Selke-dalen, grundlagt 1810.	1831	1831	14	Skyggebilleder af en Reise til Harzen, det sachsiske Schweitz etc. etc., i Sommeren 1831	125	1	v14:125 (1831)	high	in-register+place-type	geo-2958541
Algeciras	Algeciras	se kort.	1863	1863	15	I Spanien	256	1	v15:256 (1863)	high	se-kort	
Alhama de Granada	Alhama	Alhama de Granada, se kort.	1863	1863	15	I Spanien	290	1	v15:290 (1863)	high	se-kort	
Alhambra	Alhambra | Alhambra(s)	slot i Granada. ¶ Maurerkongernes slot uden for Granada i Spanien. ¶ maurerkongernes slot uden for Granada; det omtalte besøg fandt sted den 7.	1837	1837 1853 1869	2 5 18	Kun en Spillemand	219	3	v5:219 (1837); v2:72 (1853); v18:257 (1869)	high	head-noun+located+place-type	
Alleenberg	Alleenberg	forlystelseshave på Frederiksberg Allé 1841-1923.	1863	1863	15	I Spanien	309	1	v15:309 (1863)	medium	located+place-type	
Almadén	Almaden	Almadén, se kort.	1863	1863	15	I Spanien	275	1	v15:275 (1863)	high	se-kort	
Almanaken	Almanaken	tårnet forekommer på almanakkens titelblad fra 1685; det blev bygget 1637-1642 som erstatning for den danske adelsmand og astronom Tycho Brahes (1546-1601) observatorium på Ven, som han havde forladt allerede 1597. Det officielle latinske navn var Stelleburgi Regis Hauniensis (Københavns Kongelige Stjerneborg).	1857	1857	6	»At være eller ikke være«	27	1	v6:27 (1857)	high	head-noun+place-type+split-ellipsis	
Almería	Almeria	Almería, se kort.	1863	1863	15	I Spanien	286	1	v15:286 (1863)	high	se-kort	
Alster	Alster(en) | Alsteren	53 km lang biflod til Elben. Opdæmmes i Hamburg til de to kunstige søer Außen-Alster og Binnen-Alster. ¶ biflod til Elben, der opdæmmes i to kunstige søer i Hamburg, Außen-Alster og Binnen-Alster. ¶ Alster, biflod til Elben, der løber igennem Hamburg (og som er omdannet til søerne Binnen-Alster og Außen-Alster).	1831	1831 1842 1855	14 17	Skyggebilleder af en Reise til Harzen, det sachsiske Schweitz etc. etc., i Sommeren 1831	74	3	v14:74 (1831); v14:578 (1842); v17:249 (1855)	high	in-register+located+place-type+head-noun	geo-2958108
Altdorf	Altorf	Altdorf, by ved enden af Vierwaldstättersees østlige gren; se kort.	1861	1861	15	Illustreret Tidende	209	1	v15:209 (1861)	high	se-kort+place-type	
Altona	Altona	by nordvest for Hamburg, der dengang hørte under den danske krone og senere voksede sammen med Hamburg.	1842	1842	14	En Digters Bazar	578	1	v14:578 (1842)	high	in-register+head-noun+located+place-type	geo-2911296
Amalfi	Amalfi	kystby i Salernobugten syd for Napoli. ¶ kystby i Salernobugten syd for Napoli; se kort ¶ kystby i Salernobugten 25 km vest for Salerno.	1835	1835 1855	4 14 17	Improvisatoren	254	3	v4:254 (1835); v14:201 (1835); v17:153 (1855)	high	in-register+head-noun+located+place-type+se-kort	geo-3183130
Amrom	Amrom	øen Amrum vest for Föhr.	1849	1849 1855	5 17	De to Baronesser	384	2	v5:384 (1849); v17:287 (1855)	high	head-noun+place-type	
Ancona	Ancona	se kort.	1842	1842	14	En Digters Bazar	351	1	v14:351 (1842)	high	se-kort	
Andújar	Andujar	Andújar, se kort.	1863	1863	15	I Spanien	376	1	v15:376 (1863)	high	se-kort	
Anna Barbara Jensenius	Præste-Enke	Anna Barbara Jensenius, f. Petersen, enke efter sognepræst til Vejlby ved Middelfart Johan Jürgen Jensenius. Hun boede i stiftelsen Eilschous Boliger i Munkemøllestræde skråt overfor H.C. Andersens barndomshjem.	1846	1846	16	Mit eget Eventyr uden Digtning	189	1	v16:189 (1846)	medium	located+place-type	
Antvorskov Kloster	Antvorskov Kloster | Antvorskou-Slot	johanitterkloster fra ca. 1164, ombygget til kongeslot 1580-1584. Nord- og vestfløjen blev nedrevet 1814-1816 og østfløjen i 1830’erne. ¶ Antvorskov Kloster, 1 km syd for Slagelse, blev nedrevet 1816.	1846	1846 1859	2 16	Mit eget Eventyr uden Digtning	213	2	v16:213 (1846); v2:281 (1859)	high	head-noun+place-type+located	
Apatin	Apatin	se kort.	1842	1842	14	En Digters Bazar	550	1	v14:550 (1842)	high	se-kort+split-ellipsis	geo-3204793
Apenniner	Apenniner	bjergkæde i Mellemitalien.	1835	1835	4	Improvisatoren	159	1	v4:159 (1835)	high	head-noun+located+place-type	
Appeninerne	Appeninerne	bjergkæde i det centrale Italien, der strækker sig fra Posletten og sydpå.	1835	1835	4	Improvisatoren	307	1	v4:307 (1835)	high	head-noun+place-type	
Aranjuez	Aranjuez | Aranjues	se kort. ¶ Aranjuez, spansk by ca. 40 km syd for Madrid, kendt for sit kongelige slot med det smukke haveanlæg, bygget 1561-1567 under Filip 2.	1863	1863 1869	15 18	I Spanien	379	2	v15:379 (1863); v18:263 (1869)	high	se-kort+located+place-type	
Arcadien	Arcadien	oprindelig navnet på græsk landskab på Peloponnes; fra 1600-tallets hyrdedigtning tillige navnet på idyllisk og fredfyldt landskab.	1829	1829	9	Fodreise fra Holmens Canal til Østpynten af Amager i Aarene 1828 og 1829	208	1	v9:208 (1829)	medium	located+place-type	
Archipel	Archipel	øhav, oprindeligt brugt om Ægæerhavet.	1851	1851	15	I Sverrig	53	1	v15:53 (1851)	high	head-noun+place-type	
Archipelagus	Archipelagus	(græsk: arkipelagos) øhav. ¶ øhav.	1846	1846 1849	5 16	Mit eget Eventyr uden Digtning	244	3	v16:244 (1846); v16:292 (1846); v5:322 (1849)	high	head-noun+place-type	
Arcone	Arcone	forbjerget Arkona på den tyske ø Rügen, der, som Stevns Klint, bl.a. består af kridt.	1830	1830	7	Digte	95	1	v7:95 (1830)	high	head-noun+place-type	
Arezzo	Arezzo	se kort.	1842	1842	14	En Digters Bazar	284	1	v14:284 (1842)	high	in-register+se-kort	geo-3182884
Ariccia	Ariccia	by i Albanerbjergene. ¶ by 11 km syd for Grottaferrata.	1835	1835 1855	4 17	Improvisatoren	194	2	v4:194 (1835); v17:138 (1855)	high	head-noun+located+place-type	
Arkadien	Arkadien(s)	bjergrigt område på Peloponnes, den sydlige halvø på det græske hovedland (se kort); siden antikken også navnet på et idyllisk sted, hvor livet leves enkelt og lykkeligt.	1842	1842	14	En Digters Bazar	374	1	v14:374 (1842)	high	se-kort+located+place-type	
Arno	Arno	flod, der udspringer i Appenninerne, flyder igennem Firenze og videre ud mod Middelhavet. ¶ flod i Norditalien.	1842	1842	14	En Digters Bazar	271	2	v14:271 (1842); v14:522 (1842)	high	head-noun+located+place-type	
Ascanii Grav	Ascanii Grav	plads ved vejen fra Albano til Rom, hvor Æneas’ søn, Ascanius, skulle være begravet. ¶ plads på vejen mellem Rom og Albano, hvor den trojanske sagnprins Ascanius, Æneas’ søn, ifølge traditionen er begravet.	1835	1835 1842	4 14	Improvisatoren	283	2	v4:283 (1835); v14:337 (1842)	high	head-noun+located+place-type	
Asmildkloster	Asmildkloster	herregård ved Viborg. Oprindelig et kloster for nonner af Augustinerordenen beliggende i Asmild Kirkes nordfløj. Efter reformationen blev klostret omdannet til herregård.	1832	1832	16	Levnedsbog	159	1	v16:159 (1832)	high	head-noun+located+place-type	
Assisi	Assisi	se kort.	1842	1842	14	En Digters Bazar	288	1	v14:288 (1842)	high	in-register+se-kort	geo-3182722
Astrakhan	Astrakan	Astrakhan, russisk havneby ved Det Kaspiske Hav.	1831	1831	14	Skyggebilleder af en Reise til Harzen, det sachsiske Schweitz etc. etc., i Sommeren 1831	175	1	v14:175 (1831)	medium	located+place-type	
Asturien	Asturien	region i Nordvestspanien.	1863	1863	15	I Spanien	301	1	v15:301 (1863)	high	head-noun+located+place-type	
Atlasbjerge	Atlasbjerge	bjergkæde, der strækker sig fra Sydvest-Marokko til Nordøst-Tunesien.	1863	1863	15	I Spanien	336	1	v15:336 (1863)	high	head-noun+located+place-type	
Attica	Attica(s)	Attika er navnet på den halvø i den østlige del af det centrale Grækenland, hvor Athen ligger.	1842	1842	14	En Digters Bazar	544	1	v14:544 (1842)	high	in-register+place-type	geo-6692632
Augsburg	Augsborg | Augsburg	Augsburg; se kort. ¶ H.C. Andersen opholdt sig her 16.-17. november 1840.	1842	1842	14	En Digters Bazar	237	2	v14:237 (1842); v14:243 (1842)	high	se-kort+in-register	geo-2954172
Augustenborg	Augustenborg	slottet ligger på Als.	1846	1846	16	Mit eget Eventyr uden Digtning	294	1	v16:294 (1846)	high	head-noun+located+place-type	
Augustenborg Liedertafel	»Liedertafel«	Augustenborg Liedertafel, den lokale tyske sangforening, stiftet 1843; da flere af medlemmerne havde forbindelser til hoffet, medvirkede foreningen ved flere lejligheder ved hertugfamiliens fester.	1855	1855	17	Mit Livs Eventyr (inklusive Fortsættelse og Tillæg)	294	1	v17:294 (1855)	high	head-noun+place-type	
Aveiro	Aveiro	se kort; romernes Talabriga, gammelt bispesæde og vigtig havn med salteksport frem til 1575, da havnen sandede til. På H.C. Andersens tid var byen hensygnende. Udflugten fandt sted den 20.21. juli.	1868	1868	15	Et Besøg i Portugal 1866	461	1	v15:461 (1868)	high	se-kort+place-type	
Avesta	Avesta(’s)	se kort 2. Fra 1636 lå her et kobberforædlingsværk.	1851	1851	15	I Sverrig	118	1	v15:118 (1851)	high	se-kort	
Axelshuus	Axelshuus	antoges tidligere for navnet på den borg i København, som biskop Absalon (ca. 1128-1201) lod opføre 1167; 1500-tallets historikere antog fejlagtigt, at biskop Absalon egentlig hed Aksel og hans hus derfor Akselhus.	1829	1829	9	Fodreise fra Holmens Canal til Østpynten af Amager i Aarene 1828 og 1829	172	1	v9:172 (1829)	medium	located+place-type	
Baalbek	Baalbek	by i Libanon, der var centrum for Baalkulten, fik navnet Heliopolis (solens by) under grækernes herredømme. Blev i 100-tallet e.Kr. romersk koloni; romerne byggede flere templer, hvoraf det største var for Jupiter.	1842	1842	14	En Digters Bazar	463	1	v14:463 (1842)	high	head-noun+located+place-type	
Babeltaarn	Babeltaarn(e)	tårn i Babylon, der skulle nå helt op til himlen. Ifølge 1. Mosebog 11,1-9 havde indbyggerne i Babylon oprindelig kun et sprog, men da Gud så, at de magtede at bygge et tårn, der rakte til himlen, spredte han det babylonske folk og gav dem forskellige sprog, så de ikke kunne fungere som ét folk.	1831	1831	14	Skyggebilleder af en Reise til Harzen, det sachsiske Schweitz etc. etc., i Sommeren 1831	87	1	v14:87 (1831)	high	head-noun+located+place-type	
Bad Berneck	Bernech	Bad Berneck, by mellem Münchberg og Bayreuth; se kort.	1842	1842	14	En Digters Bazar	238	1	v14:238 (1842)	high	se-kort+located+place-type	
Baikos	Baikos	by på Bosporusstrædets østbred, ca. 40 km nord for Istanbul; se kort.	1842	1842	14	En Digters Bazar	493	1	v14:493 (1842)	high	se-kort+head-noun+located+place-type	
Bailen	Baylen	Bailen, se kort; her sejrede spanske styrker over Napoleon juli 1808 under uafhængighedskrigen.	1863	1863	15	I Spanien	376	1	v15:376 (1863)	high	se-kort	
Bajæ	Bajæ	kystby syd for Napoli.	1835	1835	14	Søndagsblad. Et æsthetisk Ugeskrift	198	1	v14:198 (1835)	high	head-noun+located+place-type	
Bakken	Bakken	Valby bakke. ¶ Valby Bakke.	1859	1859 1869	2 9	Børnesnak	280	2	v2:280 (1859); v9:535 (1869)	high	head-noun+place-type	
Balkanbjergene	Balkanbjergene	bjergkæde, der strækker sig fra Bulgariens nordvestlige hjørne til Sortehavet.	1842	1842	14	En Digters Bazar	515	1	v14:515 (1842)	high	head-noun+located+place-type	
Balle-Kirke	Balle-Kirke	i sognet nord for Silkeborg i det daværende Viborg amt.	1854	1854	15	Folkekalender for Danmark	139	1	v15:139 (1854)	medium	located+place-type	
Banke	Banke	Næsbyhoved borgbanke nær Odense Havn blev antagelig anlagt i 1100-tallet, der findes spor af bebyggelse fra omkring 1340 og befæstningsanlæg fra omkring 1370; slottet på banken blev ødelagt i 1534 under Grevens Fejde, og de sidste bygninger blev revet ned i 1764.			8	(untitled)	441	1	v8:441 ()	medium	located+place-type+split-ellipsis	
Barcelona	Barcelona	se kort; H.C. Andersen opholdt sig her 6.-16. september 1862.	1863	1863	15	I Spanien	226	1	v15:226 (1863)	high	se-kort	
Barkedalen	Barkedalen	Barkdalen ved Leksand, hvor kirkegængere, der kom ad søvejen, lagde til.	1851	1851	15	I Sverrig	86	1	v15:86 (1851)	high	head-noun+place-type	
Barnaby Rudge	Barnaby Rudge	Barnaby Rudge, 1840-1841, (dansk med samme titel 1845).	1860	1860	15	Berlingske politiske Avertissements-Tidende	166	1	v15:166 (1860)	high	head-noun+place-type	
Bascara	Bascara	se kort.	1863	1863	15	I Spanien	224	1	v15:224 (1863)	high	se-kort	
Basiasch	Basiasch	Bazias med græsk kloster; se kort.	1842	1842	14	En Digters Bazar	542	1	v14:542 (1842)	high	se-kort	
Basnæs	Basnæs	hovedgård og gods ved Skælskør. ¶ hovedgård og gods sydøst for Skælskør; ejet af familien Scavenius, hvor specielt Henriette Scavenius (1819-1989) var en nær veninde af H.C. Andersen. ¶ familien Scavenius’ hovedgård og gods sydøst for Skælskør, hvor specielt Henriette Scavenius, Lucies mor, var en nær veninde af H.C. Andersen. ¶ familien Scavenius’ hovedgård og gods sydøst for Skælskør, hvor specielt Henriette Scavenius var en nær veninde af H.C. Andersen.	1868	1868 1874	3 8	Bemærkninger	387	4	v3:387 (1868); v3:396 (1874); v8:380 (); v8:492 ()	high	head-noun+located+place-type	
Bastei	Bastei	bjergmassiv i Sachsiske Schweiz; se kort.	1842	1842	14	En Digters Bazar	576	1	v14:576 (1842)	high	in-register+se-kort+located	geo-2952248
Bastholms Bibliothek	Bastholms Bibliothek	præst ved Sankt Peders Kirke i Slagelse, Hans Bastholm, havde samlet et omfattende bibliotek, der i 1825 bestod af 5435 bind og i 1847 af 7226. I 1826 traf Bastholm aftale med Sorø Akademi om, at man kunne overtage bogsamlingen på et senere tidspunkt mod en livrente til ham og hans kone. I 1846 overgik de første 5000 bind og resten efter Bastholms død i 1866.	1832	1832	16	Levnedsbog	99	1	v16:99 (1832)	medium	located+place-type	
Bastillen	Bastillen	borg i Paris, anvendt som fængsel, nedrevet i 1789 ved begyndelsen på den franske revolution. ¶ middelalderborg i Paris anvendt som fængsel, stormet den 14. juli 1789 som start på den franske revolution og nedrevet umiddelbart efter.	1837	1837 1855 1866	3 5 17	Kun en Spillemand	196	3	v5:196 (1837); v17:15 (1855); v3:127 (1866)	high	head-noun+located+place-type	
Bayonne	Bayonne | Bajonne	fransk by ved grænsen til Spanien. ¶ Bayonne, by ved Golfe de Gascogne ca. 25 km fra grænsen til Spanien.	1863	1863 1868	15	I Spanien	350	2	v15:350 (1863); v15:422 (1868)	medium	located+place-type	
Bazar	Bazar(en)	gade eller torv med købmandsboder.	1840	1840	11	Maurerpigen	461	1	v11:461 (1840)	high	head-noun+place-type	
Bebek	Bebek	se kort.	1842	1842	14	En Digters Bazar	492	1	v14:492 (1842)	high	in-register+se-kort	geo-750864
Behobie	Behobie	lille by ca. 2 km fra Irún.	1863	1863	15	I Spanien	412	1	v15:412 (1863)	high	head-noun+located+place-type	
Belgrads Fæstning	Belgrads Fæstning	den første fæstning ved Beograd blev bygget af kelterne i 200-tallet; ødelagt og genopbygget utallige gange frem til slutningen af 1700-tallet.	1842	1842	14	En Digters Bazar	544	1	v14:544 (1842)	high	head-noun+located+place-type	
Ben Lomond	Ben Lomond	bjerg ved bredden af Loch Lomond.	1869	1869	18	Mit Livs Eventyr (inklusive Fortsættelse og Tillæg)	54	1	v18:54 (1869)	high	head-noun+place-type	
Benavente	Benavente	se kort.	1868	1868	15	Et Besøg i Portugal 1866	461	1	v15:461 (1868)	high	se-kort	
Bergsäng	Bergsäng	se kort 2 (mellem Leksand og Rättvik).	1851	1851	15	I Sverrig	96	1	v15:96 (1851)	high	se-kort	
Berner-Oberland	Berner-Oberland	bjergkæde i det sydvestlige Schweiz, der strækker sig langs Rhôneflodens nordlige bred. –	1862	1862	2	Iisjomfruen	394	1	v2:394 (1862)	high	head-noun+place-type	
Besançon	Besançon	fransk by nordvest for Le Locle.	1836	1836	4	O. T.	452	1	v4:452 (1836)	medium	located+place-type	
Biarrits	Biarrits	kystby sydvest for Bayonne.	1868	1868	15	Et Besøg i Portugal 1866	422	1	v15:422 (1868)	high	head-noun+located+place-type	
Biarritz	Biarrits	Biarritz, fransk by ved den vestlige grænse til Spanien. H.C. Andersen opholdt sig her 27.-29. december 1862.	1863	1863	15	I Spanien	407	1	v15:407 (1863)	medium	located+place-type	
Bilbao	Bilbao	se kort.	1863	1863	15	I Spanien	408	1	v15:408 (1863)	high	se-kort	
Bjergene	Bjergene	Sierra de Guadarrama nordøst for Madrid, se kort.	1863	1863	15	I Spanien	384	1	v15:384 (1863)	high	se-kort	
Blankenburg	Blankenburg	se kort.	1831	1831	14	Skyggebilleder af en Reise til Harzen, det sachsiske Schweitz etc. etc., i Sommeren 1831	116	1	v14:116 (1831)	high	in-register+se-kort	geo-2948071
Blankenese	Blankenese	den gang lille skipper- og fiskerby ved Elben ca. 7 km fra Altona.	1831	1831	14	Skyggebilleder af en Reise til Harzen, det sachsiske Schweitz etc. etc., i Sommeren 1831	78	1	v14:78 (1831)	medium	located+place-type	
Blegdam	Blegdam(men)	plads, hvor tøjet lægges til blegning i solen.	1829	1829	14	Brudstykke af en Udflugt i Sommeren 1829	53	1	v14:53 (1829)	high	head-noun+place-type	
Blegen	Blegen	plads, hvor tøjet efter vask blev lagt til tørre og bleget i solen.	1835	1835 1836	4	Improvisatoren	200	2	v4:200 (1835); v4:427 (1836)	high	head-noun+place-type	
Blois	Blois	fransk by ved Loirefloden, 60 km sydvest for Orléans. Slottet i Blois stammer fra 1200-tallet og er senere udvidet.	1865	1865	13	Da Spanierne var her	500	1	v13:500 (1865)	medium	located+place-type	
Bloksbjerg	Brocken | Brocken(s)	Bloksbjerg; det højeste bjerg i Harzen. ¶ Bloksbjerg; det højeste bjerg i Harzen, hvor heksene ifølge folketroen samlede sig. ¶ Bloksbjerg, det højeste bjerg i Harzen, hvor heksene efter sagnet samlede sig. ¶ Bloksbjerg, bjergkæde i Harzen.	1833	1833 1837 1857 1868 1869	5 6 7 15 18	Af Samlede Digte	455	6	v7:455 (1833); v5:47 (1837); v5:277 (1837); v6:83 (1857); v15:468 (1868); v18:315 (1869)	high	in-register+head-noun+located+place-type	place-000023
Blomberg	Blomberg	herregård.	1851	1851	15	I Sverrig	25	1	v15:25 (1851)	high	head-noun+place-type	
Bodensee	Bodensøe	Bodensee; se kort.	1858	1858	15	Fortællinger og Vers for Større og Mindre	153	1	v15:153 (1858)	high	se-kort	
Bohus	Bohus	se kort 2.	1851	1851	15	I Sverrig	71	1	v15:71 (1851)	high	se-kort	
Boldgade	Boldgade	distrikt.	1860	1860	2	Gaardhanen og Veirhanen	297	1	v2:297 (1860)	high	head-noun+place-type	
Bologna	Bologna	se kort.	1842	1842	14	En Digters Bazar	265	1	v14:265 (1842)	high	in-register+se-kort	geo-3181928
Bordeaux	Bordeaux	by i det sydvestlige Frankrig ved Biscayabugten ca. 200 km fra grænsen til Spanien.	1868	1868	15	Et Besøg i Portugal 1866	421	1	v15:421 (1868)	high	head-noun+place-type	
Borg	Borg	Næsbyhoved Slot. Ødelagt i 1534 under Grevens Fejde og endelig nedrevet i 1764.	1832	1832	16	Levnedsbog	160	1	v16:160 (1832)	medium	located+place-type	
Borreby	Borreby	Borreby, herregård syd for Skælskør, ligger kun få km fra Basnæs; sagnet har ikke kunnet identificeres. ¶ hovedgård 2 km syd for Skelskør.	1869	1869	8 18	Mit Livs Eventyr (inklusive Fortsættelse og Tillæg)	224	2	v18:224 (1869); v8:380 ()	high	head-noun+located+place-type	
Bosporus	Bosporus	stræde, der deler Istanbul i en europæisk og en asiatisk del og forbinder Marmarahavet med Sortehavet; se kort. ¶ stræde ved Istanbul, der forbinder Sortehavet med Marmarahavet.	1842	1842 1855	14 17	En Digters Bazar	454	2	v14:454 (1842); v17:297 (1855)	high	in-register+se-kort+head-noun+place-type+located	geo-745043
Bosporusstrædet	Bosporus	Bosporusstrædet, 30 km langt stræde ved Istanbul.	1851	1851	15	I Sverrig	61	1	v15:61 (1851)	high	in-register+located+place-type	
Bouchain	Bouchain	by i Nordfrankrig, hvor Mikkels herskab, majoren, har fået anvist kvarter, men som han forlader for at tage til Paris.	1840	1840	11	Mikkel(s)majorens tjener i J.L. Heibergs vaudeville <i>De Danske i Paris</i>, opført på Det Kongelige Teater 1833.Mikkels Kjærligheds Historier i Paris	377	1	v11:377 (1840)	high	head-noun+located+place-type	
Bozen	Botzen	Bozen, nuværende Bolzano i italienske Sydtyrol; se kort.	1842	1842	14	En Digters Bazar	257	1	v14:257 (1842)	high	se-kort	
Braunschweig	Braunschweig(s) | Braunschweig	se kort.	1831	1831 1842	14	Skyggebilleder af en Reise til Harzen, det sachsiske Schweitz etc. etc., i Sommeren 1831	86	2	v14:86 (1831); v14:232 (1842)	high	in-register+se-kort+split-ellipsis	geo-2945024
Bredgadens Gaard	Bredgadens Gaard	Jonas Collins gård (bindingsværksbygning) i Bredgade 4 i København, hvor familien Collin boede fra 1802 til 1838, og hvor Louise Collin således voksede op.			8	(untitled)	361	1	v8:361 ()	medium	located+place-type	
Bregentved	Bregentved(s) | Bregentved	herregård ved Haslev. ¶ A.W. Moltkes herregård fra ca. 1650 ved Haslev. ¶ lensgreve A.W. Moltkes herregård fra ca. 1650 ved Haslev. ¶ herregård fra ca. 1650 ved Haslev, ejet af lensgreve A.W. Moltke. ¶ herregård fra ca. 1650 ved Haslev, ejet af lensgreve A.W. Moltke, hvor H.C. Andersen fejrede julen 1848. ¶ hovedgård 5 km sydøst for Haslev. ¶ hovedgård ved Haslev, ejet af lensgreve Adam Wilhelm Moltke og komtesse Marie Elisabeth Moltke. H.C. Andersen var første gang gæst på Bregentved i sommeren 1842 og kom der flittigt op igennem 1840’erne.	1846	1846 1849 1855	5 8 16 17	Mit eget Eventyr uden Digtning	263	7	v16:263 (1846); v5:444 (1849); v17:234 (1855); v8:130 (); v8:256 (); v8:475 (); v8:500 ()	high	head-noun+located+place-type	
Breitenburg	Breitenburg	gehejmestatsminister Rantzaus borg syd for Itzehoe i Slesvig-Holsten, hvor H.C. Andersens var på besøg i både 1840, 1843 og 1844; Rantzau bevirkede, at Andersen i 1838 tildeltes en årlig offentlig understøttelse på 400 Rdl. ¶ slot ca. 3 km sydøst for Itzehoe (se kort), grundlagt i begyndelsen af 1500-tallet som hovedsæde for adelsfamilien Rantzau. ¶ gehejmestatsminister Andreas Conrad Peter Rantzaus borg syd for Itzehoe i Slesvig-Holsten, hvor H.C. Andersen opholdt sig 2.-19. februar 1843.	1842	1842 1855	8 14 17	En Digters Bazar	221	3	v14:221 (1842); v17:249 (1855); v8:95 ()	high	in-register+located+place-type+se-kort+head-noun	geo-2944627
Bremen	Bremen	se kort.	1842	1842	14	En Digters Bazar	230	1	v14:230 (1842)	high	se-kort	
Brenner	Brenner	Brennerpasset mellem Østrig og Italien; se kort.	1842	1842	14	En Digters Bazar	255	1	v14:255 (1842)	high	se-kort	
Brenta	Brenta	flod, der udmunder ved Venezia.	1835	1835	4	Improvisatoren	347	1	v4:347 (1835)	high	head-noun+located+place-type	
Brobye	Brobye	landsby på midtfyn mellem Odense og Fåborg.	1822	1822	9	Ungdoms-Forsøg	54	1	v9:54 (1822)	high	head-noun+located+place-type	
Brocken	Brocken	Bloksbjerg. Det højeste bjerg i Harzen på 1142 m, hvor heksene ifølge folketroen samlede sig.	1831	1831	14	Skyggebilleder af en Reise til Harzen, det sachsiske Schweitz etc. etc., i Sommeren 1831	88	1	v14:88 (1831)	high	in-register+head-noun+located+place-type	geo-2943991
Broholm	Broholm	herregård i Gudme nord for Svendborg.	1837	1837	5	Kun en Spillemand	56	1	v5:56 (1837)	high	head-noun+located+place-type	
Brudeskare	Brudeskare	kilden er ikke fundet.	1860	1860	15	Folkekalender for Danmark	195	1	v15:195 (1860)	high	head-noun+place-type+split-ellipsis	
Brunnbäcks Färja	Brunbäck Færge	Brunnbäcks Färja; færgested ved Dalälvens udmunding nær Avesta. Se kort 2.	1851	1851	15	I Sverrig	95	1	v15:95 (1851)	high	se-kort+located	
Bråviken	Braavigen	Bråviken; se kort 2.	1851	1851	15	I Sverrig	53	1	v15:53 (1851)	high	se-kort	
Bukarest	Buccharest	Bukarest, Rumæniens hovedstad; se kort.	1842	1842	14	En Digters Bazar	510	1	v14:510 (1842)	high	se-kort	
Bålstad	Bålstad	muligvis Båtsta ca. 3 km nordvest for Borlänge (se kort 2). Österdalälven og Västerdalälven mødes dog lidt længere mod vest, nemlig syd for Siljan.	1851	1851	15	I Sverrig	117	1	v15:117 (1851)	high	se-kort	
Bækken	Bækken	den kastaliske kilde, nu Hagios Johannes. Ifølge sagnet kastede nymfen Kastalia sig i kilden, da hun blev forfulgt af Apollon. Kildevandet antoges at kunne begejstre digtere.	1862	1862	3	Venskabs-Pagten	28	1	v3:28 (1862)	high	head-noun+place-type+split-ellipsis	
Børglum Kloster	Børglum Kloster	hovedgård 20 km sydvest for Hjørring nær Løkken Strand; tidligere kongsgård (1000-tallet), bispesæde (fra 1130’erne) og præmonstratenserkloster; ved reformationen inddraget under kronen, siden privateje, fra 1835 i slægten Rottbøll.	1869	1869	18	Mit Livs Eventyr (inklusive Fortsættelse og Tillæg)	213	1	v18:213 (1869)	high	head-noun+located+place-type	
Büjükdere	Bujukdere	Büjükdere, by på Bosporusstrædets vestbred, ca. 35 km nord for Istanbul; se kort.	1842	1842	14	En Digters Bazar	485	1	v14:485 (1842)	high	se-kort+located+place-type	
Calabrien	Calabrien	halvø og den sydligste region på Italiens fastland.	1842	1842	14	En Digters Bazar	356	1	v14:356 (1842)	high	head-noun+located+place-type	
Camaldoli	Camaldoli	kloster ved Napoli, beliggende ved et af Vesuvs kratere.	1855	1855	17	Mit Livs Eventyr (inklusive Fortsættelse og Tillæg)	331	1	v17:331 (1855)	high	head-noun+located+place-type	
Campagne	Campagne	den store slette, der omgiver Rom.	1835	1835	4	Improvisatoren	77	1	v4:77 (1835)	high	head-noun+place-type	
Campagnen	Campagnen	landskabet omkring Rom. ¶ den store slette, der omgiver Rom. ¶ sletten, der omgiver Rom.	1837	1837 1846 1849 1853 1870	2 5 6 8 16	Kun en Spillemand	251	6	v5:251 (1837); v16:320 (1846); v5:462 (1849); v2:73 (1853); v6:333 (1870); v8:124 ()	high	head-noun+located+place-type	
Campagnien	Campagnien	den store slette omkring Rom.	1835	1835	14	Søndagsblad. Et æsthetisk Ugeskrift	200	1	v14:200 (1835)	high	head-noun+located+place-type	
Canton	Canton | Canton(et)	en republik inden for den schweiziske forbundsstat.	1855	1855 1862	2 17	Mit Livs Eventyr (inklusive Fortsættelse og Tillæg)	123	2	v17:123 (1855); v2:393 (1862)	high	head-noun+place-type	
Cap Colonne	Cap Colonne	se kort.	1842	1842	14	En Digters Bazar	432	1	v14:432 (1842)	high	se-kort	
Cap Finisterre	Cap Finisterre	se kort.	1868	1868	15	Et Besøg i Portugal 1866	477	1	v15:477 (1868)	high	se-kort	
Cap Matapan	Cap Matapan(s)	ældre navn for Tainaron (Tenaro); se kort.	1842	1842	14	En Digters Bazar	376	1	v14:376 (1842)	high	se-kort	
Cap Mysenum	Cap Mysenum	forbjerget Capo di Miseno ved Napoli. ¶ halvø nordvest for Napoli; se kort.	1835	1835 1837	5 14	Søndagsblad. Et æsthetisk Ugeskrift	199	2	v14:199 (1835); v5:15 (1837)	high	head-noun+place-type+se-kort+located	
Capellanen	Capellanen	Stephan Tetens var fra 1811 sognepræst ved St. Knuds Kirke i Odense samt stiftsprovst for Fyn; sognekapellan ved kirken var fra 1816 Andreas Frederik Wiberg.	1855	1855	17	Mit Livs Eventyr (inklusive Fortsættelse og Tillæg)	32	1	v17:32 (1855)	medium	located+place-type+split-ellipsis	
Capris Klippehuler	Capris Klippehuler	kysten på øen Capri i Middelhavet ud for Napoli er rig på huler dannet af havet.	1837	1837	5	Kun en Spillemand	87	1	v5:87 (1837)	high	head-noun+place-type	
Capuziner-Klostret	Capuziner-Klostret	kirken Santa Maria della Concezione blev bygget 1626-1631 sammen med et cappuccinerkloster, der dog senere blev nedrevet ved etableringen af Via Veneto. Krypten er berømt for at være udsmykket med knogler, jf. s. 142-143.	1842	1842	14	En Digters Bazar	298	1	v14:298 (1842)	high	head-noun+place-type	
Caribien	Karaiber-Pigen(s)	Caribien, øerne mellem Nord- og Sydamerika, omfatter Store og Små Antiller samt Bahamaøerne.			12	AhasverusDen evige Jøde, Jerusalems Skomager, skikkelse fra et middelalderligt sagn, ofte behandlet i dansk litteratur på H.C. Andersens tid. If. sagnet slog Ahasverus Jesus, da denne var på vej til korsfæstelsen på Golgathabjerget; derfor må han vandre fredløs om i verden til evig tid uden at kunne dø. En dansk bearbejdelse, 1607, af en tysk folkebog om Ahasverus fra 1602 er gået tabt; en dansk udgave fra 1631 er bevaret. En almuevise om Ahasverus stammer formentlig fra 1700-tallets første del.Ahasverus	348	1	v12:348 ()	medium	located+place-type	
Caroline Amalie	Caroline Amalie	H.C. Andersen var 17.20. maj hendes gæst på Sorgenfri Slot ved Lyngby.	1869	1869	18	Mit Livs Eventyr (inklusive Fortsættelse og Tillæg)	192	1	v18:192 (1869)	medium	located+place-type	
Carrara	Carrara	by nordvest for Firenze, berømt for sine marmorbrud. ¶ se kort.	1835	1835 1836 1870	4 15	Improvisatoren	229	4	v4:229 (1835); v4:349 (1835); v4:382 (1836); v15:490 (1870)	high	head-noun+located+place-type+se-kort	
Cartagena	Cartagena	havneby på den spanske sydkyst, hvor H.C. Andersen opholdt sig fra 16. til 19. september 1862. ¶ se kort.	1863	1863	8 15	I Spanien	256	2	v15:256 (1863); v8:340 ()	high	head-noun+place-type+se-kort	
Carthagenienser	Carthagenienser	Karthago var en stor handelsby på Afrikas nordkyst i oldtiden; førte i 3.-2. årh. f.Kr. de såkaldte puniske krige mod Rom. Karthago blev tilintetgjort 146 f.Kr.			12	AhasverusDen evige Jøde, Jerusalems Skomager, skikkelse fra et middelalderligt sagn, ofte behandlet i dansk litteratur på H.C. Andersens tid. If. sagnet slog Ahasverus Jesus, da denne var på vej til korsfæstelsen på Golgathabjerget; derfor må han vandre fredløs om i verden til evig tid uden at kunne dø. En dansk bearbejdelse, 1607, af en tysk folkebog om Ahasverus fra 1602 er gået tabt; en dansk udgave fra 1631 er bevaret. En almuevise om Ahasverus stammer formentlig fra 1700-tallets første del.Ahasverus	275	1	v12:275 ()	medium	located+place-type	
Carthaginienser	Carthaginienser	Karthago var en stor handelsby på Afrikas nordkyst i oldtiden; førte i 3.-2. årh. f.Kr., de såkaldte puniske krige mod Rom. Karthago blev tilintetgjort 146 f.Kr.			12	Fragmenter af »Ahasverus«	46	1	v12:46 ()	medium	located+place-type	
Cartuja	Cartuja	karteuserkloster fra 1516.	1863	1863	15	I Spanien	297	1	v15:297 (1863)	high	head-noun+place-type	
Casa de Pilatos	Casa de Pilatos	Casa de Pilatos, palads fra midten af 1500-tallet. Størstedelen er bygget af don Fabrique, marquis af Tarifa efter en rejse til Jerusalem, og det fik ry for at være en efterligning af den romerske præfekt Pontius Pilatus’ (d. 35 e.Kr.) hus. Det blev siden residens for hertugerne af Alcalá de los Gazules (se kort) og Medinaceli (se kort).	1863	1863	15	I Spanien	362	1	v15:362 (1863)	high	se-kort+place-type	
Cascade	Cascade	vandfald; her Trevifontænens kunstige vandfald.	1835	1835	4	Improvisatoren	73	1	v4:73 (1835)	high	head-noun+place-type	
Cascader	Cascader	vandfald.	1842	1842 1857	6 14	En Digters Bazar	320	2	v14:320 (1842); v6:82 (1857)	high	head-noun+place-type	
Castel	Castel	(mindre) fæstning, skanse.	1868	1868	15	Et Besøg i Portugal 1866	456	1	v15:456 (1868)	high	head-noun+place-type	
Castel Sant’Elmo	St. Elmo	Castel Sant’Elmo, fæstning på Napolis højeste punkt, bygget 1329 og ombygget i slutningen af 1500-tallet.	1842	1842	14	En Digters Bazar	344	1	v14:344 (1842)	medium	located+place-type	geo-3167334
Castelamare	Castelamare	by syd for Napoli.	1835	1835	4	Improvisatoren	248	1	v4:248 (1835)	high	head-noun+located+place-type	
Castelfiorentino	Castellone	Castelfiorentino; se kort.	1842	1842	14	En Digters Bazar	285	1	v14:285 (1842)	high	se-kort	geo-3179696
Castellet	Castellet	paladset Dar el Makhzen, bygget af Mulay Ismail, fungerede som bolig for sultanens repræsentant i byen.	1863	1863	15	I Spanien	343	1	v15:343 (1863)	high	head-noun+place-type	
Castelo de Palmela	Palmella	Castelo de Palmela, beliggende på en klippe højt over bjerglandsbyen Palmela i Serra da Arrábida; se kort. Fæstningen, som går tilbage til maurertiden, blev erobret af portugiserne i 1100-taller, ombygget til kloster i 1423 under João 1.	1868	1868	15	Et Besøg i Portugal 1866	431	2	v15:431 (1868); v15:445 (1868)	high	se-kort+place-type	
Cechy	Böhmen	Cechy; landområde omkring Prag i det nuværendeˇ Tjekkiet; oprindelig fyrstendømme og fra 1198 kongerige i Centraleuropa. ¶ Cechy; landområde omkring Prag i det nuværende Tjekkiet; oprindelig fyrstendømme og fra 1198 kongerige i Centraleuropa.	1832	1832	7 9	Af Ideer og Udkast	356	2	v7:356 (1832); v9:288 (1832)	high	in-register	
Cecrops	Cecrops	if. myten er Kekrops Athens første konge, som byggede den første borg på Akropolis. Ofte fremstilles han som født af jorden. Dyrkedes som hero.	1842	1842	14	En Digters Bazar	389	1	v14:389 (1842)	medium	located+place-type	
Cerigo	Cerigo	ældre navn for Kithira; se kort.	1842	1842	14	En Digters Bazar	376	1	v14:376 (1842)	high	se-kort	
Ceuta	Ceuta	spansk enklave ved Marokkos kyst, se kort.	1863	1863	15	I Spanien	328	1	v15:328 (1863)	high	se-kort+place-type	
Charlottenborg	Charlottenborg	slot ved Kongens Nytorv, hvor Kunstakademiet havde til huse, og hvor Thorvaldsen som Kunstakademiets direktør 1833-1844 havde embedsbolig. ¶ slot ved Kongens Nytorv, hvor Kunstakademiet havde til huse. ¶ Charlottenborg, slot ved Kgs. Nytorv, hvor Det kongelige Academie for de Skønne Kunster havde til huse, og hvor Bertel Thorvaldsen som akademiets direktør 1833-1844 havde sin embedsbolig.	1849	1849 1855	5 8 17	De to Baronesser	491	3	v5:491 (1849); v17:237 (1855); v8:479 ()	high	head-noun+located+place-type	
Chaumonydalen	Chaumonydalen	Chamonixdalen nord for Mont Blanc i Frankrig.	1835	1835	4	Improvisatoren	350	1	v4:350 (1835)	high	head-noun+place-type	
Chaux de Fonds	Chaux de Fonds	La Chaux de Fonds i Jurabjergene lidt nordøst for Le Locle; se kort.	1869	1869	15	For Romantik og Historie	484	1	v15:484 (1869)	high	se-kort+place-type	
Cheapside	Cheapside(-Anmeldelse)	forretningsgade i London.	1855	1855	17	Mit Livs Eventyr (inklusive Fortsættelse og Tillæg)	266	1	v17:266 (1855)	high	head-noun+located+place-type	
Chillon	Chillon	middelalderborg ved Genèvesøen (Lac Léman), tæt ved Montreux, som H.C. Andersen besøgte 23. august 1833. ¶ middelalderborg ved Genèvesøen (Lac Léman), tæt ved Montreux; den engelske digter Lord Byron udgav 1816 sonnetten The Prisoner of Chillon (dansk Fangen i Chillon, 1842). H.C. Andersen besøgte slottet 29. juli 1846.	1855	1855 1869	17 18	Mit Livs Eventyr (inklusive Fortsættelse og Tillæg)	122	2	v17:122 (1855); v18:15 (1869)	high	head-noun+located+place-type	
Chios	Chios	se kort. Homer levede if. en tradition på øen. ¶ se kort.	1842	1842	14	En Digters Bazar	387	2	v14:387 (1842); v14:463 (1842)	high	se-kort+place-type	
Christian IV	Christian IV	Christian IV, Thorvaldsens Museum, 1840; findes tillige i bronze i Christian 4.s kapel i Roskilde Domkirke.	1844	1844	9	Berlingske politiske og Avertissements-Tidende	439	1	v9:439 (1844)	medium	located+place-type	
Christiansborg Slot	Slottet	Christiansborg Slot, opført 1731-1740.	1868	1868	3	Gudfaders Billedbog	184	1	v3:184 (1868)	high	head-noun+place-type	
Christiansdals Skov	Christiansdals Skov	tilhørte hovedgården af samme navn i Dalum sogn.	1829	1829	14	Brudstykke af en Udflugt i Sommeren 1829	55	1	v14:55 (1829)	medium	located+place-type	
Christiansdals Stamhuus	Christiansdals Stamhuus	hovedgård syd for Odense, egentlig Dalum Kloster, i perioden 1682-1930 kaldet Christiansdal. Fra slutningen af 1100-tallet til 1580, hvor den sidste nonne døde, fungerede det som benediktinerkloster.	1822	1822	9	Ungdoms-Forsøg	64	1	v9:64 (1822)	high	head-noun+located+place-type	
Cicero	Cicero	i Mola di Gaeta, nuværende Formia (se kort), findes resterne af en villa, der har tilhørt den romerske politiker, advokat og forfatter Marcus Tullius Cicero (106-43 f.Kr.). Cicero blev likvideret i nærheden af byen.	1842	1842	14	En Digters Bazar	340	1	v14:340 (1842)	high	se-kort+split-ellipsis	
Circes Klippeø	Circes Klippeø	klippeudspringet Monte Circeo (se kort) ligger isoleret, men er ikke en ø. Den er traditionelt blevet knyttet til det græske sagn om troldkvinden Kirke, der holdt Odysseus tryllebundet på sin ø og forvandlede nogle af hans mænd til svin (10. sang af Homers Odysseen, ca. 700 f.Kr.).	1842	1842	14	En Digters Bazar	338	1	v14:338 (1842)	high	se-kort+place-type	
Cisterna	Cisterna	se kort.	1842	1842	14	En Digters Bazar	338	1	v14:338 (1842)	high	se-kort	
Civita Castellana	Civitta Castellane	Civita Castellana; se kort.	1842	1842	14	En Digters Bazar	291	1	v14:291 (1842)	high	se-kort	geo-3178595
Civita Vecchia	Civita Vecchia	havneby i Pavestaten; se kort. ¶ kystby nordøst for Rom.	1861	1861 1868	15	Dagbladet	215	2	v15:215 (1861); v15:427 (1868)	high	se-kort+head-noun+located+place-type	
Clapton	Clapton	forstad nord for London; besøget fandt sted 11. juli 1847. En anden og noget afvigende skildring af besøget findes trykt i Mary Howitt An Autobiography, bd. 2, 1889, s. 29-31.	1869	1869	18	Mit Livs Eventyr (inklusive Fortsættelse og Tillæg)	41	1	v18:41 (1869)	high	head-noun+located+place-type	
Coimbra	Coimbra	se kort; byen har rod i den romerske Aeminium, senere Conimbriga; universitetsby 1308 og i en senere periode hovedstad; se kort. ¶ byen, der ligger i det nordlige Portugal, har rod i den romerske Aeminium, senere Conimbriga; universitetsby 1308 og i en senere periode hovedstad	1868	1868 1869	15 18	Et Besøg i Portugal 1866	461	2	v15:461 (1868); v18:311 (1869)	high	se-kort+place-type+head-noun	
Colonnade-Gangen	Colonnade-Gangen	søjlegangen ved Christiansborg Slot {E2-E3}.	1829	1829	9	Fodreise fra Holmens Canal til Østpynten af Amager i Aarene 1828 og 1829	178	1	v9:178 (1829)	medium	located+place-type	
Colosseum	Colosseum	ruinen af det mægtige amfiteater i Rom (opført i det 1. århundrede e.Kr.). ¶ romersk amfiteater, indviet 80 e.Kr. ¶ amfiteater bygget 72-80 e.Kr.	1835	1835 1842	4 12 14	Improvisatoren	66	4	v4:66 (1835); v14:331 (1842); v12:46 (); v12:275 ()	high	in-register	geo-6269248
Condition	Condition	plads.	1849	1849	12	Meer end Perler og Guld	472	1	v12:472 (1849)	high	head-noun+place-type	
Constantinopel	Constantinopel	nu Istanbul; se kort.	1842	1842	14	En Digters Bazar	436	1	v14:436 (1842)	high	se-kort	
Copenhague	Copenhague	(fransk) København.	1855	1855	17	Mit Livs Eventyr (inklusive Fortsættelse og Tillæg)	119	1	v17:119 (1855)	high	head-noun+place-type	
Corfu	Corfu	se kort.	1842	1842	14	En Digters Bazar	351	1	v14:351 (1842)	high	se-kort	
Corselitze	Corselitze	herregård på Falsters østkyst.			8	Af Samlede Skrifter	509	1	v8:509 ()	high	head-noun+located+place-type	
Cultusminister	Cultusminister	dækkede både kirke- og undervisningsministeriet, indtil de blev adskilt i 1916. ¶ kirke- og undervisningsminister; Monrad var kultusminister maj-december 1859 og fra februar 1860.	1857	1857 1869	6 18	»At være eller ikke være«	131	2	v6:131 (1857); v18:224 (1869)	high	head-noun+place-type	
Cultusministeren, Biskop Monrad	Cultusministeren, Biskop Monrad	kirke- og undervisningsminister D.G. Monrad, kultusminister maj-december 1859 og fra februar 1860; H.C. Andersen kom for at aflevere et eksemplar af I Spanien.	1869	1869	18	Mit Livs Eventyr (inklusive Fortsættelse og Tillæg)	269	1	v18:269 (1869)	high	head-noun+place-type	
Cumnor-Place	Cumnor-Place	på Elisabeth 1.s tid et landsted i Cumnor, en by i Berkshire øst for Oxford. H.C. Andersens og Weyses tidlige version (Collinske Samling 21, I, 4°, nr. 668) har, i lighed med stavemåden i Scotts roman: Cumnor. Den ukomplette omarbejdelse nr. 2 har begge stavemåder, dog hyppigst: Cumnor. Alle sufflørbøger har: Cunmor. Jf. rettelseslisten.	1774	1774	11	Festen paa Kenilworthengelsk by sydøst for Birmingham med ruiner af Kenilworth Slot.Kenilworth	12	1	v11:12 (1774)	medium	located+place-type	
Cycladerne	Cycladerne	Kykladerne (Kiklades); se kort.	1842	1842	14	En Digters Bazar	376	1	v14:376 (1842)	high	se-kort	
Czerna-Woda	Czerna-Woda	Cernavoda˘; se kort.	1842	1842	14	En Digters Bazar	501	1	v14:501 (1842)	high	se-kort	
Cádiz	Cadiz	Cádiz, se kort.	1863	1863	15	I Spanien	334	1	v15:334 (1863)	high	se-kort	
Dalarne	Dalarne	landskab, der omfatter den indre, nordlige del af Mellemsverige.	1851	1851	15	I Sverrig	38	1	v15:38 (1851)	high	head-noun+place-type	
Dalj	Dalja	Dalj; se kort.	1842	1842	14	En Digters Bazar	550	1	v14:550 (1842)	high	se-kort	geo-3202215
Dalum	Dalum	landsby tæt ved Odense; nu bydel ca. 4 km fra Odense centrum.	1822	1822	9	Ungdoms-Forsøg	62	1	v9:62 (1822)	high	in-register+head-noun+located+place-type	place-000009
Dalälven	Dal-Elven	Dalälven; se kort 2.	1851	1851	15	I Sverrig	117	1	v15:117 (1851)	high	se-kort	
Danmarks Riimkrønike	Danmarks Riimkrønike	er blevet til i klosteret i Sorø, forfattet af munken broder Niels. Den slutter med året 1477 og er sandsynligvis afsluttet samme år. Den er udgivet som den første trykte bog på dansk af Gotfred af Ghemen i 1495 og genudgivet af Chr. Molbech i 1825.	1868	1868	3	Gudfaders Billedbog	174	1	v3:174 (1868)	medium	located+place-type	
Dannemora	Dannemora	se kort 2. Jernmalmminen Dannemora gruva i Uppland 100 km nord for Stockholm har været i drift siden 1400-tallet.	1851	1851	15	I Sverrig	123	1	v15:123 (1851)	high	se-kort	
Dardanelbyerne	Dardanelbyerne	byer langs Dardanellerne, det smalle stræde, der deler Tyrkiet i en europæisk og en asiatisk del og forbinder det Ægæiske Hav og Marmarahavet.	1842	1842	14	En Digters Bazar	351	1	v14:351 (1842)	high	head-noun+place-type	
Dardaneller	Dardaneller	smalt stræde mellem Europa og Asien i det nordvestlige Tyrkiet.	1855	1855	17	Mit Livs Eventyr (inklusive Fortsættelse og Tillæg)	297	1	v17:297 (1855)	medium	located+place-type	
Dardanellerne	Dardanellerne	smalt stræde mellem Europa og Asien i det nordvestlige Tyrkiet.	1855	1855	17	Mit Livs Eventyr (inklusive Fortsættelse og Tillæg)	218	1	v17:218 (1855)	medium	located+place-type	
Darius	Darius	kilden er Herodots (o. 480-420 f.Kr.) historie om perserkrigene (ca. 550-479 f.Kr.).	1842	1842	14	En Digters Bazar	492	1	v14:492 (1842)	high	head-noun+place-type+split-ellipsis	
Delfí	Delphi	Delfí; det antikke Delfi var sædet for en Apollon-helligdom, hvortil der var knyttet et orakel, der fungerede som medium for guden. Oraklet eksisterede fra 700-tallet f.Kr. til det blev nedlagt ca. 385 e.Kr. af den kristne kejser Theodosius (347-395, kejser fra 379); se kort.	1842	1842	14	En Digters Bazar	395	1	v14:395 (1842)	high	in-register+se-kort	
Delphi	Delphi	græsk by, i oldtiden kendt for sit Apollontempel med tilhørende orakel.	1862	1862	3	Venskabs-Pagten	27	1	v3:27 (1862)	high	in-register+place-type	geo-263219
Den Collinske Gaard	Den Collinske Gaard	Den Collinske Gaard, en gammel bindingsværksbygning, lå i Bredgade på det nuværende nr. 4’s plads, ved siden af Kanneworffs hus. Nedrevet 1853.	1846	1846	16	Mit eget Eventyr uden Digtning	207	1	v16:207 (1846)	medium	located+place-type	
Den Engelske Kanal	Canalen	Den Engelske Kanal, farvandet mellem England og Frankrig, der forbinder Nordsøen med Atlanterhavet.	1844	1844	9	Berlingske politiske og Avertissements-Tidende	418	1	v9:418 (1844)	high	head-noun+located+place-type	
Det Adelige Jomfrukloster	Det Adelige Jomfrukloster	Det Adelige Jomfrukloster, opført 1504-1508 som bispegård, 1717 oprettet som adeligt jomfrukloster på initiativ af den lærde, velhavende adelige Karen Brahe (1657-1736); udover at skænke indtægterne fra sine godser til jomfruklosteret oprettede hun et stort bibliotek.	1829	1829	14	Brudstykke af en Udflugt i Sommeren 1829	53	1	v14:53 (1829)	high	head-noun+place-type	
Diablerets	Diablerets	kalkstensbjerg på 3246 m i Freiburgeralperne.	1862	1862	2	Iisjomfruen	422	1	v2:422 (1862)	high	head-noun+located+place-type	
Dijon	Dijon	by i det sydøstlige Frankrig ca. 120 km fra grænsen til Schweiz.	1869	1869	15	For Romantik og Historie	482	1	v15:482 (1869)	high	head-noun+place-type	
Dom	Dom	domkirke.	1838	1838 1853 1855 1868	2 3 8 9 17	Tre Digtninger	353	5	v9:353 (1838); v2:83 (1853); v17:127 (1855); v3:178 (1868); v8:263 ()	high	head-noun+place-type	
Domkirke	Domkirke	den gotiske katedral Saint-Pierre de Poitiers, grundlagt 1162.	1869	1869	18	Mit Livs Eventyr (inklusive Fortsættelse og Tillæg)	266	1	v18:266 (1869)	high	head-noun+place-type	
Domkirken	Domkirken	domkirken blev påbegyndt 1262, dvs. Cid har ikke kunnet overse byen fra kirkens tårn. ¶ kirken El Salvador er påbegyndt i 1300-tallet og fik status af domkirke i 1500-tallet, da Orihuela blev bispedømme. ¶ den gotiske katedral Saint André, grundlagt 1096.	1863	1863 1869	15 18	I Spanien	245	3	v15:245 (1863); v15:258 (1863); v18:266 (1869)	high	head-noun+place-type+split-ellipsis	
Donaus Keiserborg	Donaus Keiserborg	slottet Hofburg i Wien, hvor næsten alle europæiske fyrster, herunder Frederik 6., opholdt sig under Wienerkongressen fra 16. september 1814 til 10. juni 1815, med det formål at ordne de territoriale forhold efter Napoleons 1.s fald.			8	(untitled)	16	1	v8:16 ()	high	head-noun+place-type+split-ellipsis	
Doubfald	Doubfald	vandfald i Doubfloden tæt på Le Locle.	1855	1855	17	Mit Livs Eventyr (inklusive Fortsættelse og Tillæg)	123	1	v17:123 (1855)	high	head-noun+located+place-type	
Doubfaldet	Doubfaldet	vandfald i Doubfloden tæt på Le Locle.	1836	1836	4	O. T.	450	1	v4:450 (1836)	high	head-noun+located+place-type	
Drencova	Drencova	knap 5 km øst for Berzasca, opstået i 1836 i forbindelse med dampskibsfarten; se kort.	1842	1842	14	En Digters Bazar	523	1	v14:523 (1842)	high	in-register+se-kort	geo-678841
Dresden	Dresden	se kort; rummer blandt andet bydelene Neustadt og Altstadt. ¶ se kort. ¶ H.C. Andersen ankommer til Dresden 3. juni.	1831	1831 1842 1855	14 17	Skyggebilleder af en Reise til Harzen, det sachsiske Schweitz etc. etc., i Sommeren 1831	142	4	v14:142 (1831); v14:214 (1842); v14:576 (1842); v17:90 (1855)	high	in-register+se-kort	geo-2935022
Dronningens Palais	Dronningens Palais	slottet fra 1359-1362 på Plaça del Rei var da residens for Isabel 2.	1863	1863	15	I Spanien	230	1	v15:230 (1863)	high	head-noun+located+place-type	
Dyrehavs Bakken	Dyrehavs Bakken	Kirsten Piils kilde i Jægersborg Dyrehave blev i 1700-tallet et valfartssted; omkring det samlede Dyrehavsbakkens forlystelser sig med tiden, og stedet blev en hovedattraktion for københavnerne.	1864	1864	13	Paa Langebrovar tidligst anlagt et stykke nordligere end den nuværende Langebro; den lå i linje med byens vold i sydvest, i forlængelse af den nuværende Langebrogade på Christianshavn, og førte over Kalvebodsstrømmen til Christians Brygge.Langebro	373	1	v13:373 (1864)	medium	located+place-type	
Ecija	Ecija	se kort.	1863	1863	15	I Spanien	369	1	v15:369 (1863)	high	se-kort	
Edinburgh	Edinburgh	hovedstaden i Skotland.	1868	1868	15	Et Besøg i Portugal 1866	438	1	v15:438 (1868)	high	head-noun+located+place-type	
Edirne	Adrianopel	Edirne, tyrkisk by nær den bulgarske grænse; se kort.	1842	1842	14	En Digters Bazar	486	1	v14:486 (1842)	high	se-kort+place-type	
Egerias Grotte	Egerias Grotte	kilde i en lund uden for Porta Capena ved Via Appia Antica lidt syd for Rom; viet til den romerske kildegudinde Egeria.	1835	1835	4	Improvisatoren	66	1	v4:66 (1835)	high	head-noun+located+place-type	
Eggert Christopher Tryde	Provst Tryde	Eggert Christopher Tryde, sognepræst ved Vor Frue Kirke; C.E. Trydes tale er gengivet i Hans Christian Ørsteds Jordefærd, 1851, s. 19-29.	1869	1869	18	Mit Livs Eventyr (inklusive Fortsættelse og Tillæg)	126	1	v18:126 (1869)	medium	located+place-type	
Ehrenbreitstein	Ehrenbreitstein	tysk fæstning ved Rhinen over for Koblenz; se kort. Det oprindelige slot fra 1000-tallet blev genopbygget i 1816-1832 til en af Europas stærkeste fæstninger.	1842	1842	14	En Digters Bazar	548	1	v14:548 (1842)	high	se-kort+located+place-type	
Eideren	Eideren(s)	grænsefloden mellem Slesvig og Holsten.	1857	1857	6	»At være eller ikke være«	173	1	v6:173 (1857)	high	head-noun+located+place-type	
Eiderstedt	Eiderstedt	halvø i Vadehavet nord for byen Husum i Slesvig.	1849	1849	5	De to Baronesser	433	1	v5:433 (1849)	high	head-noun+located+place-type	
Einsiedeln	Einsiedeln	kloster og valfartssted i en sidedal i kanton Schwyz, godt 30 km fra Brunnen, hvortil H.C. Andersen kom 14. juli.	1869	1869	18	Mit Livs Eventyr (inklusive Fortsættelse og Tillæg)	240	1	v18:240 (1869)	high	head-noun+place-type	
Eisleben	Eisleben	se kort.	1831	1831	14	Skyggebilleder af en Reise til Harzen, det sachsiske Schweitz etc. etc., i Sommeren 1831	128	1	v14:128 (1831)	high	se-kort	
El Escorial	Escorial	El Escorial, landsby 42 km uden for Madrid (se kort), hvor Filip 2. lod bygge et palads og kloster, San Lorenzo del Escorial 1563-1567, der samtidig skulle fungere som kongelig begravelsesplads.	1863	1863	15	I Spanien	384	1	v15:384 (1863)	high	se-kort+located+place-type	
Elben	Elben	1165 km lang flod. Udspringer i Riesengebirge i Tjekkiet og løber ud i Nordsøen nordvest for Hamburg; se kort.	1831	1831	14	Skyggebilleder af en Reise til Harzen, det sachsiske Schweitz etc. etc., i Sommeren 1831	140	1	v14:140 (1831)	high	in-register+se-kort+place-type	geo-6553378
Elbingerode	Elbingerode	se kort.	1831	1831	14	Skyggebilleder af en Reise til Harzen, det sachsiske Schweitz etc. etc., i Sommeren 1831	112	1	v14:112 (1831)	high	in-register+se-kort	geo-2931245
Elche	Elche	byen passeredes den 23. september på veje til Murcia, hvor de blev til den 26.	1869	1869	18	Mit Livs Eventyr (inklusive Fortsættelse og Tillæg)	254	1	v18:254 (1869)	high	head-noun+place-type	
Elche Murcia	Elche (til) Murcia	se kort.	1863	1863	15	I Spanien	256	1	v15:256 (1863)	high	se-kort	
Elefsina	Eleusis	Elefsina, i oldtiden helligsted, centrum for de eleusinske mysterier (dyrkelsen af kornets gudinde Demeter), der gik tilbage til o.1500 f.Kr. og først blev nedlagt af den romerske kejser Theodosius 1. den Store (347-395, kejser fra 379) ca. 392 e.Kr.; se kort.	1842	1842	14	En Digters Bazar	399	1	v14:399 (1842)	high	se-kort	
Elfkarleby Fald	Elfkarleby Fald	Dalälvens nederste og største vandfald ved Älvkarleby (se kort 2), nu vandkraftværk.	1851	1851	15	I Sverrig	117	1	v15:117 (1851)	high	se-kort+located+place-type	
Ellora	Ellora	by i Indien, der er kendt for et kompleks af 34 templer, der er udhugget i klipperne i byens omegn.	1851	1851	15	I Sverrig	26	1	v15:26 (1851)	high	head-noun+located+place-type	
Elvedgaard	Elvedgaard	hovedgård nordvest for Odense.	1830	1830	1 7	Dödningen	52	2	v1:52 (1830); v7:143 (1830)	high	head-noun+located+place-type	
Emilies Kilde	Emilies Kilde	kilde ved Strandvejen syd for Klampenborg med mindesmærke over Emilie Schimmelmann, rejst 1780 af hendes mand, H.E. Schimmelmann; beskrevet af Pram i digtet Emilias Kilde, 1782.	1832	1832	7	Vignetter til danske Digtere	327	1	v7:327 (1832)	high	head-noun+located+place-type	
Ems	Ems	kurbyen Bad Ems nær ved Koblenz.			8	(untitled)	184	1	v8:184 ()	high	head-noun+place-type	
En Hr Boas	En Hr Boas	forfatteren Eduard Boas havde 1843 på vej fra Norge besøgt København, hvor H.P. Holst tog sig af ham. Sine rejseindtryk samlede han i bogen In Scandinavien. Nordlichter, 1845, der afsluttes med en artikel »Die dänische Poesie der Gegenwart«, tidligere trykt i tidsskriftet Die Grenzboten. H.C. Andersen omtales s. 314-321. If. Boas er af danske digtere kun Oehlenschläger og Andersen kendt i Tyskland; imidlertid er der andre, der vurderes betydeligt højere i Danmark. Boas genfortæller derpå H.C. Andersens biografi (efter Jenssen), roser eventyrene, men kritiserer romanerne (navnlig Kun en Spillemand) og En Digters Bazar, især fordi H.C. Andersen her stadig stiller sit eget jeg i forgrunden. Forfængelighed går som en rød tråd gennem alle hans værker, »und eitel ist Andersen über die Maaßen. Das Lob gehört ihm zur Lebesluft, jeder Tadel verletzt ihn schneidend (...) Er kennt alle die kleinen Toilettenkünste der Literatur, macht sich den theatralischen Apparat gehörig zu Nutz, und weiß sogar mit seiner romantischen Lebensgeschichte zu kokettieren« (s. 319-320).	1846	1846	16	Mit eget Eventyr uden Digtning	277	1	v16:277 (1846)	medium	located+place-type	
En Kirke	En Kirke	kirken på Piazza Navona er Sant’ Agnese in Agone, der formodentlig er bygget i 700-tallet og ombygget i 1672.	1842	1842	14	En Digters Bazar	318	1	v14:318 (1842)	high	head-noun+located+place-type+split-ellipsis	
Erzgebirge	Erzgebirge	bjergkæde på grænsen mellem Tyskland og Tjekkiet.	1831	1831	14	Skyggebilleder af en Reise til Harzen, det sachsiske Schweitz etc. etc., i Sommeren 1831	155	1	v14:155 (1831)	high	head-noun+located+place-type	
Escorial	Escurial(s)	Escorial, by ca. 50 km nordvest for Madrid med et storslået slots- og klosteranlæg, bygget 1563-1584 for Filip 2.	1836	1836	11	Skilles og mødes	177	1	v11:177 (1836)	medium	located+place-type	
Estrella	Estrella	se kort.	1868	1868	15	Et Besøg i Portugal 1866	461	1	v15:461 (1868)	high	se-kort	
Etna	Ætna	Etna, vulkan på Sicilien; se kort. ¶ Etna; vulkan på Sicilien.	1842	1842 1855	14 17	En Digters Bazar	228	2	v14:228 (1842); v17:216 (1855)	high	se-kort+head-noun+located+place-type	
Ettersburg	Ettersburg	jagtslottet Schloß Ettersburg i Thüringerwald nordvest for Weimar.	1855	1855	17	Mit Livs Eventyr (inklusive Fortsættelse og Tillæg)	278	1	v17:278 (1855)	high	head-noun+place-type	
Euphrat	Euphrat	floden Eufrat udsprang if. 1. Mosebog 2, 1014 i Edens have, som Adam og Eva efter syndefaldet blev uddrevet af (1. Mosebog 3,16-24); jf. evt. også 2. Krønikebog 35,20-25. ¶ flod i det nuværende Irak, som det vidtstrakte osmanniske rige også omfattede.	1842	1842	12 14	En Digters Bazar	482	2	v14:482 (1842); v12:270 ()	high	head-noun+place-type	
Evia	Euboea(s)	Evia, se note til s. 311.	1842	1842	14	En Digters Bazar	421	1	v14:421 (1842)	high	in-register	
Evrotas	Eurotas	Evrotas, flod; se kort; også navnet på Lakedaimons forgænger.	1842	1842	14	En Digters Bazar	376	1	v14:376 (1842)	high	se-kort	
Eyemouth	Eymouth	Eyemouth, fiskerhavn på Skotlands østkyst.	1832	1832	10	Bruden fra Lammermoor	175	1	v10:175 (1832)	medium	located+place-type	
FabrikenFabrikken	FabrikenFabrikken	Silkeborg Papirfabrik.	1857	1857	6	»At være eller ikke være«	39	1	v6:39 (1857)	high	head-noun+place-type	
Fahlun	Fahlun(s) | Fahlun	by i Dalarne, Sverige. ¶ by i Dalarne, Sverige, hvor Fodreise blev udgivet 1841 af P.A. Huldbergs Forlag i samlingen »Danske Klassiker«.	1850	1850 1855	1 17	Fugl Phønixifølge græsk mytologi en fugl, som efter en vis tid brænder sig selv op, men derpå genopstår af sin egen aske.Fugl Phønix	488	2	v1:488 (1850); v17:80 (1855)	high	head-noun+located+place-type+split-ellipsis	
Fallerslebertor	Falleberthor	Fallerslebertor, byport (nu nedlagt) og bro over Okerfloden i Braunschweig.	1831	1831	14	Skyggebilleder af en Reise til Harzen, det sachsiske Schweitz etc. etc., i Sommeren 1831	92	1	v14:92 (1831)	high	in-register+place-type	
Falun	Fahlun(s) | Fahlun	Falun; se kort 1-2.	1851	1851	15	I Sverrig	22	2	v15:22 (1851); v15:108 (1851)	high	se-kort	
Familien	Familien	Borreby ejedes af cand.jur. Adolph Frederik Holten Castenschiold, gift med en datter af den unge H.C. Andersens velgører, notarius publicus, etatsraad G.H. Olsen.	1869	1869	18	Mit Livs Eventyr (inklusive Fortsættelse og Tillæg)	224	1	v18:224 (1869)	high	head-noun+place-type	
Feen	Feen	ifølge en legende boede feen Morgana i et krystalslot under vandet ved Messinastrædet; hun har givet navn til de optiske bedrag eller luftspejlinger, som går under navnet fata Morgana, og som hun havde magiske kræfter til at skabe.	1842	1842	11	Fuglen i Pæretræet	541	1	v11:541 (1842)	medium	located+place-type+split-ellipsis	
Ferrara	Ferrara	by på Posletten.	1835	1835	4	Improvisatoren	335	1	v4:335 (1835)	high	head-noun+located+place-type	
Fezzan	Fezzan(s)	provins i Libyen.	1840	1840	9	Billedbog uden Billederjf. den tyske komponist Felix Mendelssohn-Bartholdys (1809-1847) klaverstykker <i>Lieder ohne Worte</i>, 1829-1845 (sange uden ord).Billedbog uden Billeder	387	1	v9:387 (1840)	high	head-noun+located+place-type	
Figueras	Figueras	se kort.	1863	1863	15	I Spanien	223	1	v15:223 (1863)	high	se-kort	
Finderup	Finnerup	Finderup; by sydvest for Viborg.	1833	1833	7	Aarets tolv Maaneder, Tegnede med Blæk og Pen	429	1	v7:429 (1833)	high	head-noun+located+place-type	
Firenze	Florents	Firenze; se kort.	1870	1870	15	Breve fra og til Hans Christian Ørsted, 2. Samling	491	1	v15:491 (1870)	high	se-kort	
Fjaltring	Fjaltring	landsby syd for Bovbjerg.	1860	1860	2	En Historie fra Klitterne	311	1	v2:311 (1860)	high	head-noun+located+place-type	
Flensborg	Flensborg	den sønderjyske købstad, som dengang var dansk, og hvis indbyggere i hovedsagen var dansksindede op til 1848, var kommet godt på fode efter krigen 1807-1814; efter 1848 gik det tilbage for byen.	1842	1842	11	Fuglen i Pæretræet	550	1	v11:550 (1842)	high	head-noun+place-type+split-ellipsis	
Florentin	Florentin	se kort.	1842	1842	14	En Digters Bazar	519	1	v14:519 (1842)	high	in-register+se-kort	geo-731593
Florents	Florents	tysk for Firenze; se kort.	1861	1861	15	Dagbladet	215	1	v15:215 (1861)	high	se-kort	
Fluvia	Fluvia	se kort.	1863	1863	15	I Spanien	224	1	v15:224 (1863)	high	se-kort	
Fokaia	Fokaia	Fokaia; se kort; jonisk (oldgræsk folk i centrale Lilleasien, nuværende Tyrkiet) bystat, hvis indbyggere bl.a. skabte kolonien Massalia (senere Marseille) ca. 600 f.Kr.	1842	1842	14	En Digters Bazar	444	1	v14:444 (1842)	high	se-kort	
Foligno	Foligno	den mellemitalienske by Foligno (Fuligno).	1855	1855	17	Mit Livs Eventyr (inklusive Fortsættelse og Tillæg)	134	1	v17:134 (1855)	high	head-noun+place-type	
Fondi	Fondi	mindre by syd for Terracina. ¶ se kort.	1835	1835 1842	4 14	Improvisatoren	206	2	v4:206 (1835); v14:340 (1842)	high	in-register+head-noun+located+place-type+se-kort	geo-3176843
Forli	Forli	se kort.	1842	1842	14	En Digters Bazar	293	1	v14:293 (1842)	high	se-kort	
Fort	Fort	et slot med fæstningsværker blev bygget i 300-tallet på Kadifekale-bjerget, men de eksisterende ruiner er fra middelaladeren.	1842	1842	14	En Digters Bazar	441	1	v14:441 (1842)	high	head-noun+located+place-type+split-ellipsis	
Forum	Forum	torv, her måske: mødeplads. ¶ (latin) torv, forsamlingsplads.	1842	1842	14	En Digters Bazar	285	2	v14:285 (1842); v14:520 (1842)	high	head-noun+place-type	
Fos	Fos(sens)	vandfald.	1822	1822	9	Ungdoms-Forsøg	80	1	v9:80 (1822)	high	head-noun+place-type	
Frascati	Frascati	by 21 km sydøst for Rom.	1855	1855	17	Mit Livs Eventyr (inklusive Fortsættelse og Tillæg)	137	1	v17:137 (1855)	high	head-noun+located+place-type	
Fraskati	Fraskati	by tæt ved Tusculum.	1835	1835	4	Improvisatoren	189	1	v4:189 (1835)	high	head-noun+located+place-type	
Fredensborg	Fredensborg	Fredensborg Slot eller by. ¶ Fredensborg Slotskirke. ¶ kongeligt residensslot opført af Frederik 4. (1671-1736, konge fra 1699) i 1720-1726 og udbygget i flere omgange frem til 1770’erne.	1826	1826 1860	8 9 14	Nyeste Skilderie af Kjøbenhavn	48	3	v14:48 (1826); v9:459 (1860); v8:453 ()	high	in-register+head-noun+place-type	geo-2621956
Fredericia	Fredericia	den første danske by, hvortil indvandrede jøder fik adgang (fra 1600-tallet). ¶ slesvigholstenerne indesluttede byen efter slaget ved Kolding, mens rigstropperne forfulgte general Olaf Rye nordpå.	1837	1837 1857	5 6	Kun en Spillemand	31	2	v5:31 (1837); v6:198 (1857)	high	head-noun+place-type+located	
Frederiksborg	Frederiksborg	slot ved Hillerød i Nordsjælland. Dets ældste del er opført i 1560 af Frederik 2. (1534-1588, konge fra 1559), men hovedparten er bygget 1600-1620 under Christian 4 (1577-1648, konge fra 1588).	1826	1826	14	Nyeste Skilderie af Kjøbenhavn	48	1	v14:48 (1826)	high	head-noun+located+place-type	
Frederiksborg Slot	Frederiksborg | Frederiksborg Slot	Frederiksborg Slot, tidligere konge- og jagtslot ved Hillerød nord for København; erhvervet af Frederik 2. (1534-1588; konge fra 1559), 1602-1625 lod Christian 4. de gamle bygninger nedrive og det nuværende slot opføre. ¶ Frederiksborg Slot brændte natten mellem den 16. og 17. december 1859.	1829	1829 1869	9 18	Fodreise fra Holmens Canal til Østpynten af Amager i Aarene 1828 og 1829	182	2	v9:182 (1829); v18:223 (1869)	high	head-noun+located+place-type+in-register	geo-2621938
Frederikshavn	Fladstrand	Frederikshavn, hvor H.C. Andersen opholdt sig 11.-16. august.	1869	1869	18	Mit Livs Eventyr (inklusive Fortsættelse og Tillæg)	217	1	v18:217 (1869)	high	head-noun+place-type	
Frederikssteens	Frederikssteens	fæstningen i Frederikshald (nu Halden, Norge), hvor Karl 12. faldt 1718.	1836	1836	4	O. T.	391	1	v4:391 (1836)	high	head-noun+located+place-type+split-ellipsis	
Frederikssteens Fæstning	Frederikssteens Fæstning	fæstningen i Frederikshald (nu Halden, Norge).	1836	1836	4	O. T.	520	1	v4:520 (1836)	high	head-noun+located+place-type	
Freiburg	Freiburg	Freibourg eller Fribourg, by i det vestlige Schweiz ved floden Saane; se kort.	1861	1861	15	Illustreret Tidende	209	1	v15:209 (1861)	high	se-kort+place-type	
Frijsenborg	Frijsenborg	hovedgård og gods ved Hammel, nordvest for Århus. ¶ hovedgård 2 km nordøst for Hammel ejet af konseilspræsident, lensgreve C.E. Krag-Juel-Vind-Frijs. H.C. Andersen opholdt sig her 12.-30. juni og igen 8.-15. juli.	1868	1868 1869	3 18	Bemærkninger	389	2	v3:389 (1868); v18:282 (1869)	high	head-noun+located+place-type	
Frue Kirke	Frue Kirke	Vor Frue Kirke i Odense.	1832	1832	16	Levnedsbog	64	1	v16:64 (1832)	medium	located+place-type	
Frøkenklosteret	Frøkenklosteret	Odense Adelige Jomfrukloster (Karen Brahes Kloster).	1836	1836	4	O. T.	587	1	v4:587 (1836)	high	head-noun+place-type	
Fusina	Fusina	kystby på fastlandet vest for Venezia.	1835	1835 1855	4 17	Improvisatoren	346	2	v4:346 (1835); v17:155 (1855)	high	head-noun+located+place-type	
Fyrisaa	Fyrisaa	å, der løber igennem Uppsala og ud i Mälaren.	1851	1851	15	I Sverrig	69	1	v15:69 (1851)	high	head-noun+located+place-type	
Fædreneborg	Fædreneborg	gehejmestatsminister A.C.P. Rantzaus borg syd for Itzehoe i Slesvig-Holsten, hvor H.C. Andersens var på besøg i både 1840, 1843 og 1844.	1855	1855	17	Mit Livs Eventyr (inklusive Fortsættelse og Tillæg)	207	1	v17:207 (1855)	medium	located+place-type+split-ellipsis	
Fæstning	Fæstning	fæstningen i Frederikshald (nu Halden, Norge), hvor Karl 12. faldt 1718. ¶ København var omgivet af volde med porte indtil 1857.	1836	1836 1849	4 5	O. T.	391	2	v4:391 (1836); v5:445 (1849)	high	head-noun+located+place-type+split-ellipsis	
Fæstningen	Fæstningen	fæstningen på Ada Kaleh blev bygget af østrigerne i slutningen af 1600-tallet, men var på tyrkiske hænder 1738-1878.	1842	1842	14	En Digters Bazar	526	1	v14:526 (1842)	high	head-noun+located+place-type	
Fündüklu	Fündüklu	eller Fundukli, forstad ca. 4 km nordøst for Pera.	1842	1842	14	En Digters Bazar	490	1	v14:490 (1842)	medium	located+place-type	
Gailingen	Gailingen	by ca. 8 km øst for Schaffhausen; se kort.	1842	1842	14	En Digters Bazar	240	1	v14:240 (1842)	high	se-kort+head-noun+located+place-type	
Galata	Galata	bydel på højre side af det Gyldne Horn.	1842	1842	14	En Digters Bazar	455	1	v14:455 (1842)	high	in-register+head-noun+place-type	geo-747059
Galati	Galatz	Galati, østrumænsk havneby på Donaus nord-‚ bred; se kort.	1842	1842	14	En Digters Bazar	485	1	v14:485 (1842)	high	se-kort+located+place-type	
Galipoli	Galipoli	Gallipoli (tyrkisk Gelibolu), se kort.	1842	1842	14	En Digters Bazar	451	1	v14:451 (1842)	high	se-kort	
Gallipoli	Gallipoli	den tyrkiske havneby Gelibolu på den europæiske side af Dardanellerne.	1855	1855	17	Mit Livs Eventyr (inklusive Fortsættelse og Tillæg)	219	1	v17:219 (1855)	high	head-noun+place-type	
Gammelholm	Gammel Holm	Gammelholm; bydel i København beliggende på det tidligere Bremerholm ud mod Amager.	1832	1832	16	Levnedsbog	84	1	v16:84 (1832)	high	head-noun+located+place-type	
Gammeltorv	Gammeltorv	Gammeltorv, hvor springvandet på de kongelige fødselsdage springer med ‘guldæbler’, dvs. forgyldte kugler, som hviler på springvandets stråler.	1837	1837	5	Kun en Spillemand	111	1	v5:111 (1837)	high	head-noun+place-type	
Ganges	Ganges	hellig flod i Indien.	1833	1833 1837	5 7	Den femte Mai (1821)	442	2	v7:442 (1833); v5:188 (1837)	medium	located+place-type	
Garnisons-Kirken	Garnisons-Kirken	på Sankt Annæ Plads i København, færdigopført 1706.			8	(untitled)	452	1	v8:452 ()	medium	located+place-type	
Garnisonspladsen	Garnisonspladsen	nu Skt. Annæ Plads (ved Garnisonskirken, Den Herre Zebaoths Kirke). Pladsen var planlagt sammen med den øvrige Frederiksstad (omkring Amalienborg) 1750, men blev først beplantet 1852; skildringen må sigte til forholdene kort forinden. ¶ Sankt Annæ Plads i København.	1857	1857	6 8	»At være eller ikke være«	131	2	v6:131 (1857); v8:534 ()	medium	located+place-type	
Gehenna	Gehenna	navn på en klippedal syd for Jerusalem; den betragtedes som et urent sted og de usaliges pinested efter døden.			12	AhasverusDen evige Jøde, Jerusalems Skomager, skikkelse fra et middelalderligt sagn, ofte behandlet i dansk litteratur på H.C. Andersens tid. If. sagnet slog Ahasverus Jesus, da denne var på vej til korsfæstelsen på Golgathabjerget; derfor må han vandre fredløs om i verden til evig tid uden at kunne dø. En dansk bearbejdelse, 1607, af en tysk folkebog om Ahasverus fra 1602 er gået tabt; en dansk udgave fra 1631 er bevaret. En almuevise om Ahasverus stammer formentlig fra 1700-tallets første del.Ahasverus	316	1	v12:316 ()	medium	located+place-type	
Genfersøen	Genfersøen(s)	Genève søen, Lac Léman.	1868	1868	15	Et Besøg i Portugal 1866	468	1	v15:468 (1868)	high	head-noun+place-type	
Genil	Xenils	Genil, Jenil; flod (og dal, Valle del Genil) i udkanten af Sierra Nevada ved Granada.			8	Digte fra Spanien	342	1	v8:342 ()	high	head-noun+place-type	
Genova	Genua	Genova, italiensk havneby ved Det Liguriske Hav.	1868	1868	15	Et Besøg i Portugal 1866	438	1	v15:438 (1868)	medium	located+place-type	
Genua	Genua	stor handels- og havneby, tidligere selvstændig republik, 1814-1861 del af kongeriget Sardinien; se kort; jf. Dagbøger I, s.191-197.	1870	1870	15	Breve fra og til Hans Christian Ørsted, 2. Samling	490	1	v15:490 (1870)	high	se-kort+place-type	
Genzano di Roma	Genzano	Genzano di Roma, godt 2 km sydøst for Ariccia; se kort.	1842	1842	14	En Digters Bazar	338	1	v14:338 (1842)	high	se-kort	geo-3176203
Gernrode	Gernrode	se kort.	1831	1831	14	Skyggebilleder af en Reise til Harzen, det sachsiske Schweitz etc. etc., i Sommeren 1831	123	1	v14:123 (1831)	high	in-register+se-kort	geo-2920999
Gibraltar	Gibraltar	se kort. H.C. Andersen opholdt sig her 30. oktober-2. november 1862.	1863	1863	15	I Spanien	322	1	v15:322 (1863)	high	se-kort	
Gifhorn	Gifhorn	se kort.	1831	1831	14	Skyggebilleder af en Reise til Harzen, det sachsiske Schweitz etc. etc., i Sommeren 1831	88	1	v14:88 (1831)	high	in-register+se-kort	geo-2920478
Gisselfeld	Gisselfeldt	Gisselfeld, hovedgård fra middelalderen 14 km nordøst for Næstved. ¶ Gisselfeld; herregård ved Haslev på Sjælland. ¶ Gisselfeld, hovedgård nordøst for Næstved, testamenteredes 1701 til Gisselfeld Adelige Jomfrukloster; klosterets leder har siden været et medlem af slægten Danneskiold-Samsøe.	1839	1839 1855 1863	3 7 8 17	Sang afsjunget ved Deres kongelige Høiheder Prinds Christians og Prindsesse Caroline Amalies Møde paa Gisselfeldt den 30 August 1839	561	4	v7:561 (1839); v17:233 (1855); v3:372 (1863); v8:31 ()	high	located+place-type+head-noun	
Gisselfeldt	Gisselfeldt	herregård ved Haslev på Sjælland. ¶ hovedgård på Sjælland 14 km nordøst for Haslev.	1846	1846 1849	5 16	Mit eget Eventyr uden Digtning	261	2	v16:261 (1846); v5:444 (1849)	high	head-noun+located+place-type	
Giurgiu	Giurgevo	Giurgiu; se kort.	1842	1842	14	En Digters Bazar	512	1	v14:512 (1842)	high	se-kort	geo-677106
Gjødvad	Gjødvad	landsby øst for Silkeborg.	1857	1857	6	»At være eller ikke være«	43	1	v6:43 (1857)	high	head-noun+located+place-type	
Glorup	Glorup	hovedgård i Gudme Herred, 13 km syd for Nyborg; ejeren var geheimekonferensråd, grev Gebhard Moltke-Hvitfeldt; H.C. Andersen besøgte gården 1. gang 1839, siden 23 gange.	1846	1846	16	Mit eget Eventyr uden Digtning	245	1	v16:245 (1846)	high	head-noun+located+place-type	
Glorup i Fyen	Glorup i Fyen	hovedgård fra middelalderen syd for Nyborg.	1863	1863	3	Bemærkninger	376	1	v3:376 (1863)	high	head-noun+located+place-type	
Goa	Goa	førende handelsby på Malabarkysten, nu kun ruinby.	1868	1868	15	Et Besøg i Portugal 1866	438	1	v15:438 (1868)	high	head-noun+located+place-type	
Gobulaza	Gobulaza	Golubacz (se kort), fæstning, hvis ældste dele går tilbage til romertiden, jf. Müller bd. 2, s. 186f.	1842	1842	14	En Digters Bazar	542	1	v14:542 (1842)	high	se-kort+place-type	
Godset Sæby	Godset Sæby	godset Mem i Tåby (Östergötland), som Edvard Fredrik von Saltza erhvervede sig 1803 og beboede fra 1804. På godset Sæby syd for Linköping opholdt H.C. Andersen sig 14.-20. juli 1849.	1869	1869	18	Mit Livs Eventyr (inklusive Fortsættelse og Tillæg)	96	1	v18:96 (1869)	high	head-noun+place-type+split-ellipsis	
Golfo di Catania	Catania-Bugten	Golfo di Catania, ud for byen Catania; se kort.	1842	1842	14	En Digters Bazar	358	1	v14:358 (1842)	high	se-kort	
Graabrødre Kirke	Graabrødre Kirke	Graabrødre Kirke, delvis nedrevet i 1828, var oprindelig klosterkirke i det gamle Gråbrødrekloster (ca. 1236-1533). En tofløjet bygning lidt nord for kirken blev på romanens tid i folkemunde kaldt Klostergaarden. ¶ Graabrødre Kirke, nedrevet 1817-1819.	1837	1837 1846	5 16	Kun en Spillemand	44	2	v5:44 (1837); v16:183 (1846)	high	head-noun+place-type	
Graabrødre-Kirke	Graabrødre-Kirke	den forfaldne klosterkirke, som var opført i 1280’erne, og hvis nedrivning påbegyndtes 1805, blev af de spanske hjælpetropper brugt til militært depot og kvarter.	1836	1836	11	Skilles og mødes	173	1	v11:173 (1836)	high	head-noun+place-type	
Granada	Granada	se kort.	1863	1863	15	I Spanien	256	1	v15:256 (1863)	high	se-kort	
Graven	Graven	Valdemar blev begravet i Vordingborg 1375, men blev to år senere flyttet til Sorø.	1833	1833	7	Aarets tolv Maaneder, Tegnede med Blæk og Pen	429	1	v7:429 (1833)	medium	located+place-type+split-ellipsis	
Greenwich	Greenwich	bydel i London; en kongelig residens i Greenwich er omtalt, mens Edvard 1. (konge 1272-1307) regerede. Henrik 5. (konge 1413-1422) opførte her slottet Bella Court, som bestod under skiftende navne og var genstand for ombygninger og, bl.a. under Elisabeth 1., for udvidelser. Elisabeth holdt hof her.	1774	1774	11	Festen paa Kenilworthengelsk by sydøst for Birmingham med ruiner af Kenilworth Slot.Kenilworth	47	1	v11:47 (1774)	high	head-noun+located+place-type	
Grotterne	Grotterne	under vandfaldet er to grotter, Grotta di Nettuno og Grotta delle Sirene.	1842	1842	14	En Digters Bazar	321	1	v14:321 (1842)	high	in-register	place-000073
Großenhain	Grosenhain	Großenhain; se kort.	1831	1831	14	Skyggebilleder af en Reise til Harzen, det sachsiske Schweitz etc. etc., i Sommeren 1831	171	1	v14:171 (1831)	high	se-kort	geo-2916630
Grund	Grund	(tysk) dal.	1831	1831	14	Skyggebilleder af en Reise til Harzen, det sachsiske Schweitz etc. etc., i Sommeren 1831	150	1	v14:150 (1831)	high	head-noun+place-type	
Grönne Gade	Grönne Gade	Store Grønnegade {D5-D6} eller Lille Grønnegade (efter 1795: Ny Adelgade {E6}), gader i det indre København, som Bertel Thorvaldsen begge har boet i.	1840	1840	9	Billedbog uden Billederjf. den tyske komponist Felix Mendelssohn-Bartholdys (1809-1847) klaverstykker <i>Lieder ohne Worte</i>, 1829-1845 (sange uden ord).Billedbog uden Billeder	391	1	v9:391 (1840)	high	head-noun+place-type	
Guadalaviar	Guadalaviar(s)	også kaldet Turia; flod, der munder ud i Middelhavet ved Valencia.	1863	1863	15	I Spanien	246	1	v15:246 (1863)	medium	located+place-type	
Guadalmedina	Guadalmedina(s)	flod, der løber igennem og udmunder i Málaga.	1863	1863	15	I Spanien	323	1	v15:323 (1863)	high	head-noun+place-type	
Guadalmedina-Floden	Guadalmedina-Floden	floden løber igennem den østlige del af byens centrum.	1863	1863	15	I Spanien	279	1	v15:279 (1863)	high	head-noun+place-type	
Guadalquivir	Guadalquivir	flod, der udspringer nord for Sierra Nevada og løber forbi Cordóba, Sevilla og dernæst ud i Cádiz-golfen, nord for byen Cádiz.	1863	1863	15	I Spanien	353	1	v15:353 (1863)	high	head-noun+located+place-type	
Guldkroken	Guldkroken	ældre navn på egnen omkring byen Hjo (se kort 2) på vestsiden af Vättern.	1851	1851	15	I Sverrig	37	1	v15:37 (1851)	high	se-kort+place-type	
Gurre	Gurre	kongeligt jagtslot ved Gurre Sø i Nordsjælland.			8	(untitled)	44	1	v8:44 ()	medium	located+place-type	
Gävle	Gefle	Gävle; se kort 1 og 2.	1851	1851	15	I Sverrig	118	1	v15:118 (1851)	high	se-kort	
Haarlem	Haarlem	by i Holland.	1849	1849	5	De to Baronesser	421	1	v5:421 (1849)	high	head-noun+located+place-type	
Haarlemmer	Haarlemmer(-Tulipaner)	fra Haarlem, by i Holland.	1829	1829	9	Fodreise fra Holmens Canal til Østpynten af Amager i Aarene 1828 og 1829	239	1	v9:239 (1829)	medium	located+place-type	
Hald	Hald	i dag navnet på en herregård beliggende sydvest for Viborg. Navnet har dog gennem tiden været knyttet til en række gårde og en borg, der alle har været beliggende i nærheden af den nuværende herregård. Muligvis gjaldt H.C. Andersens besøg det såkaldt tredje Hald – resterne af en bispeborg, der blev opført i 1528 – ved Hald Sø.	1832	1832	16	Levnedsbog	159	1	v16:159 (1832)	medium	located+place-type+split-ellipsis	
Halland	Halland(s)	landskab i det vestlige Sydsverige langs Kattegatkysten mellem Skåne og Göteborg.	1851	1851	15	I Sverrig	13	1	v15:13 (1851)	high	head-noun+place-type	
Halle	Halle	se kort. ¶ hal.	1831	1831 1863	14 15	Skyggebilleder af en Reise til Harzen, det sachsiske Schweitz etc. etc., i Sommeren 1831	131	2	v14:131 (1831); v15:286 (1863)	high	in-register+se-kort	geo-2911522
Hallein	Hallein | Halleins Saltværk	by i Østrig med saltmine, hvorigennem besøgende kunne gå og rutsche ad meget stejle gange til bjergets fod. ¶ by 15 km syd for Salzburg; H.C. Andersen besøgte saltværket 3. juni. ¶ Hallein, by syd for Salzburg, hvis saltværk H.C. Andersen besøgte 3. juni 1831.	1851	1851 1855 1869	15 17 18	I Sverrig	124	3	v15:124 (1851); v17:162 (1855); v18:93 (1869)	high	head-noun+located+place-type+split-ellipsis	
Halliger	Halliger	øer med marskland ved Slesvigs vestkyst.	1855	1855	17	Mit Livs Eventyr (inklusive Fortsættelse og Tillæg)	287	1	v17:287 (1855)	high	head-noun+located+place-type	
Halligerne	Halligerne	ti ganske flade øer med marskland ved Slesvigs vestkyst. ¶ øgruppe på ti uindigede småøer i det Nordfrisiske Vadehav ved Slesvig-Holstens vestkyst.	1846	1846 1849	5 16	Mit eget Eventyr uden Digtning	290	2	v16:290 (1846); v5:355 (1849)	high	located+place-type+head-noun	
Hamborg	Hamborg	se kort.	1842	1842	14	En Digters Bazar	221	2	v14:221 (1842); v14:576 (1842)	high	se-kort	
Hamilton	Hamilton	byen Hamilton i Skotland (sydvest for Glasgow), hvorfra David Livingstone oprindelig kom, og hvor en stor del af hans familie var bosat. ¶ 30. juli 1849 ankom H.C. Andersen til grev Hugo David Hamiltons gods på Hönsäter ved Venerns østkyst, 31. juli besøgtes bjerget Kinnekulle og 1. august fortsatte H.C. Andersen videre til grev Hamiltons søn, Adolf Ludvig Hamilton, på Blomberg, som var gift med historikeren Erik Gustaf Geijers datter, Agnes. Den 2. august fortsatte han fra Hellekis med damperen til Venersborg.	1869	1869 1872	9 18	Mit Livs Eventyr (inklusive Fortsættelse og Tillæg)	104	2	v18:104 (1869); v9:555 (1872)	high	head-noun+place-type+located+split-ellipsis	
Hamlets Grav	Hamlets Grav	Marienlyst Slot lidt nord for Helsingør skulle efter dronning Juliane Maries død 1796 have været hofslot; i den anledning anlagdes nær slottet en romantisk have, »Hamlets have«, med bl.a. en gravhøj, der kaldtes »Hamlets grav«. Slottet kom dog ikke til at huse hoffet.	1836	1836	11	Skilles og mødes	200	1	v11:200 (1836)	medium	located+place-type	
Hannoveransk	Hannoveransk (Side)	dvs. sydvestlig el. niedersachsisk; se kort.	1842	1842	14	En Digters Bazar	224	1	v14:224 (1842)	high	se-kort	
Harburg	Haarburg	Harburg; se kort.	1842	1842	14	En Digters Bazar	230	1	v14:230 (1842)	high	se-kort	geo-2910685
Hartzgerode	Hartzgerode	se kort.	1831	1831	14	Skyggebilleder af en Reise til Harzen, det sachsiske Schweitz etc. etc., i Sommeren 1831	125	1	v14:125 (1831)	high	se-kort	
Havblik	Havblik	havet ved vindstille, blank vandflade.	1840	1840	9	Billedbog uden Billederjf. den tyske komponist Felix Mendelssohn-Bartholdys (1809-1847) klaverstykker <i>Lieder ohne Worte</i>, 1829-1845 (sange uden ord).Billedbog uden Billeder	394	1	v9:394 (1840)	high	head-noun+place-type	
Haven	Haven(s) | Haven	Frederiksberg Have ved Frederiksberg Slot.	1855	1855	8 17	Mit Livs Eventyr (inklusive Fortsættelse og Tillæg)	37	2	v17:37 (1855); v8:55 ()	medium	located+place-type	
Hekla	Hekla | Hekla(s)	vulkan på Sydisland.	1853	1853	2 8	Om Aartusinder	73	2	v2:73 (1853); v8:53 ()	high	head-noun+located+place-type	
Helicon	Helicon(s)	bjerg i Boiotien i Grækenland; if. græsk mytologi var det opholdssted for musikkens og digtningens gud Apollon og de ni muser, som var gudinder for hver deres område inden for kunst og videnskab og havde Apollon som anfører.	1853	1853	13	Indledning til Carnevalet	185	1	v13:185 (1853)	high	head-noun+located+place-type	
Hellig Anders Kors	Hellig Anders Kors	Anders var if. traditionen præst ved St. Peders Kirke i Slagelse ca. 1200; hans kors står paa Hvilehøj 3,5 km sydvest for Slagelse, tæt ved landevejen til Korsør. ¶ krucifiks til minde om Hellig Anders, præst ved Skt. Peders Kirke i Slagelse, rejst på Hvilehøj vest for Slagelse, hvor en legende fortæller, at han vågnede påskedag, efter at være faldet i søvn i Jerusalem.	1846	1846 1855	16 17	Mit eget Eventyr uden Digtning	213	2	v16:213 (1846); v17:67 (1855)	medium	located+place-type	
Hendrik Løves Kobberløve	Hendrik Løves Kobberløve	Heinrich der Löwe rejste i 1166 Löwendenkmal (Löwe-mindesmærke) ved borgen i Braunschweig, der stammer fra 1100-tallet.	1831	1831	14	Skyggebilleder af en Reise til Harzen, det sachsiske Schweitz etc. etc., i Sommeren 1831	86	1	v14:86 (1831)	medium	located+place-type	
Henry Wynns Landsted	Henry Wynns Landsted	måske Bernstorff Slot, nord for København, som i en del af Frederiks 7.s regeringsperiode var lejet ud til den engelske ambassadør Henry Wynn, der opholdt sig i Danmark 1824-1853.			8	Af Samlede Skrifter	482	1	v8:482 ()	medium	located+place-type	
Herat	Herat | (Perser fra) Herat	oaseby, da under Persien og siden indlemmet i Afghanistan. ¶ oaseby i Persien (Iran), siden indlemmet i Afghanistan. ¶ oaseby i det vestlige Afghanistan.	1842	1842 1855	14 17	En Digters Bazar	351	3	v14:351 (1842); v14:392 (1842); v17:216 (1855)	high	head-noun+place-type+located	
Herculanum	Herculanum	oldtidsby, der sammen med Pompeji og Stabiae blev begravet ved Vesuvs udbrud 79 e.Kr. ¶ oldtidsby, der sammen med Pompeji og Stabiae blev begravet ved Vesuvs udbrud 79 e.Kr.; H.C. Andersen var her 8. marts 1841.	1855	1855	17	Mit Livs Eventyr (inklusive Fortsættelse og Tillæg)	153	2	v17:153 (1855); v17:215 (1855)	high	head-noun+place-type	
Herlufsholm	Herlufsholm	herregård ved Næstved på Sjælland.	1849	1849	5	De to Baronesser	442	1	v5:442 (1849)	high	head-noun+located+place-type	
Herodes Atticus-teatret	Herodes-Theater	Herodes Atticus-teatret, amfiteater hugget ud i klippen på Akropolis sydskråning; opført under den romerske konsul Herodes Atticus (101-177) mellem 161 og 174.	1842	1842	14	En Digters Bazar	390	1	v14:390 (1842)	medium	located+place-type	
Herregaarden	Herregaarden	den nuværende herregård blev bygget i 1700-tallet.	1851	1851	15	I Sverrig	119	1	v15:119 (1851)	high	head-noun+place-type	
Herrnskretschen	Hirniskretschen	Herrnskretschen; se kort.	1831	1831	14	Skyggebilleder af en Reise til Harzen, det sachsiske Schweitz etc. etc., i Sommeren 1831	163	1	v14:163 (1831)	high	se-kort	
Hexenbrunnen	Hexebrønden	Hexenbrunnen; en kilde på Brocken.	1831	1831	14	Skyggebilleder af en Reise til Harzen, det sachsiske Schweitz etc. etc., i Sommeren 1831	110	1	v14:110 (1831)	high	head-noun+located+place-type	
Hierarchie	Hierarchie(ts)	pavekirken (teknisk betegnelse).			12	AhasverusDen evige Jøde, Jerusalems Skomager, skikkelse fra et middelalderligt sagn, ofte behandlet i dansk litteratur på H.C. Andersens tid. If. sagnet slog Ahasverus Jesus, da denne var på vej til korsfæstelsen på Golgathabjerget; derfor må han vandre fredløs om i verden til evig tid uden at kunne dø. En dansk bearbejdelse, 1607, af en tysk folkebog om Ahasverus fra 1602 er gået tabt; en dansk udgave fra 1631 er bevaret. En almuevise om Ahasverus stammer formentlig fra 1700-tallets første del.Ahasverus	323	1	v12:323 ()	high	head-noun+place-type	
Hietzing	Hitzing	Hietzing, forstad til Wien.	1855	1855	17	Mit Livs Eventyr (inklusive Fortsættelse og Tillæg)	162	1	v17:162 (1855)	medium	located+place-type	geo-2776421
Hjemmets Lande	Hjemmets Lande	slottet Hofburg i Wien, hvor næsten alle europæiske fyrster, herunder Frederik 6., opholdt sig under Wienerkongressen fra 16. september 1814 til 10. juni 1815, med det formål at ordne de territoriale forhold efter Napoleons 1.s fald.			8	(untitled)	16	1	v8:16 ()	high	head-noun+place-type+split-ellipsis	
Hjälmaren	Hjelmaren	Hjälmaren; se kort 2.	1851	1851	15	I Sverrig	20	1	v15:20 (1851)	high	se-kort	
Hof	Hof	se kort.	1842	1842	14	En Digters Bazar	237	1	v14:237 (1842)	high	in-register+se-kort	geo-2902768
Hofkirken	Hofkirken	barokkirken St. Kajetan (Theatinerkirche) fra 1688, som var hofkirke og gravsted for den bayeriske adelsslægt Wittelsbach.	1842	1842	14	En Digters Bazar	245	1	v14:245 (1842)	high	head-noun+place-type	
Hohnstein	Hohnstein	lille bjergby omkring borganlæg fra 1353; se kort.	1831	1831	14	Skyggebilleder af en Reise til Harzen, det sachsiske Schweitz etc. etc., i Sommeren 1831	158	1	v14:158 (1831)	high	in-register+se-kort+head-noun+place-type	geo-6550820
Holmen	Holmen	fællesbetegnelse for søværnets tidligere område i sundet mellem København og Amager. Holmen bestod oprindeligt af en række øer og holme, heriblandt Gammelholm, Dokøen og Nyholm; øerne tilhørte kongen og var i århundreder frem til og efter H.C. Andersens tid orlogsflådens base og værft.	1857	1857	6	»At være eller ikke være«	18	1	v6:18 (1857)	medium	located+place-type	
Holmens Magt	Holmens Magt	matroser. Holmen var orlogsværftet på Gammelholm (Bremerholm), nedlagt 1859, og det nye værft på Nyholm på Refshaleøen, anlagt 1686.	1829	1829	10	Kjærlighed paa Nicolai TaarnSankt Nicolai Kirke på Nicolai Plads er første gang nævnt 1261, men er formentlig betydelig ældre. Tårnet opførtes 1582-1591.Ved branden 1795 blev kirken ødelagt og lå hen som ruin; tårnet blev siden indrettet til brug for brandvæsenet, der ejede det 1808-1882. Fra 1820 anvendtes det til brandvagt og signalstation. Den nuværende kirkebygning er opført 1914-1917. Tårnet blev istandsat og fik nyt spir 1908-1910. Om helgenen Sankt Nicolai: se note til s. 87.Nicolai Taarn eller Hvad siger Parterretstå- og siddepladser på teatrets gulv; blev benyttet af bl.a. borgere og studenter og var billigere end logerne, hvor det fine publikum sad. Ofte gav tilskuerne i parterret deres bifald eller mishag stærkt til kende.Parterret	76	1	v10:76 (1829)	medium	located+place-type	
Holsteinborg	Holsteinborg	herregård 13 km øst for Skælskør. ¶ hovedgård og gods ved Skælskør.	1867	1867 1868	3	Vænø og Glænø	146	2	v3:146 (1867); v3:389 (1868)	high	head-noun+located+place-type	
Horne	Horne	landsby i nærheden af Fåborg.	1837	1837	5	Kun en Spillemand	21	1	v5:21 (1837)	high	head-noun+place-type	
Hovedvagten	Hovedvagten	den gamle hovedvagtbygning på Kongens Nytorv, hvor vagtparaden trak op (nedrevet 1875).	1837	1837	5	Kun en Spillemand	116	1	v5:116 (1837)	medium	located+place-type	
Hradschin	Hradschin	tysk navn for Hradcˇany, gammel bydel i Prag.	1855	1855	17	Mit Livs Eventyr (inklusive Fortsættelse og Tillæg)	321	1	v17:321 (1855)	medium	located+place-type	
Hubertsburg	Hubertsburg	tidligere kurfyrsteligt jagtslot i Sachsen. Opførslen blev påbegyndt i 1721.	1831	1831	14	Skyggebilleder af en Reise til Harzen, det sachsiske Schweitz etc. etc., i Sommeren 1831	140	1	v14:140 (1831)	medium	located+place-type	
Hunderup	Hunderup	landsby i Skt. Knuds landsogn syd for Odense, nu del af byen.	1829	1829	14	Brudstykke af en Udflugt i Sommeren 1829	54	1	v14:54 (1829)	high	head-noun+located+place-type	
Hunderup-Skov	Hunderup-Skov	skovområde beliggende ved Odense Å.	1832	1832	16	Levnedsbog	104	1	v16:104 (1832)	medium	located+place-type	
Hundsrück	Hundsrück	bjerglandskab ved Mosel i Rhin-provinsen.	1855	1855	17	Mit Livs Eventyr (inklusive Fortsættelse og Tillæg)	213	1	v17:213 (1855)	medium	located+place-type	
Husaby	Husaby	se kort.	1851	1851	15	I Sverrig	37	1	v15:37 (1851)	high	se-kort	
Huusby-Klitter	Huusby-Klitter	ligger mellem Nissum Fjord og Vest Stadil Fjord vest for Vedersø.	1860	1860	2	En Historie fra Klitterne	310	1	v2:310 (1860)	medium	located+place-type	
Hvidehavet	Hvidehavet	Hvidehavet; havbugt i Barentshavet syd for Kolahalvøen.	1851	1851	15	I Sverrig	53	1	v15:53 (1851)	medium	located+place-type	
Hvirvelvind	Hvirvelvind	jf. Oehlenschlägers digt »Til Havet« i kapitel 29 af Øen i Sydhavet, 1824.	1832	1832	7	Vignetter til danske Digtere	324	1	v7:324 (1832)	medium	located+place-type+split-ellipsis	
Hydra	Hydra	(Idra); se kort.	1842	1842	14	En Digters Bazar	396	1	v14:396 (1842)	high	se-kort	
Hymettos	Hymettos	(Imit(t)os) bjerg øst for Athen; se kort.	1842	1842	14	En Digters Bazar	382	1	v14:382 (1842)	high	se-kort+located+place-type	
Hällekis	Hellekis	Hällekis; se kort 2.	1851	1851	15	I Sverrig	24	1	v15:24 (1851)	high	se-kort	
Hôtel de Bavière	Hôtel de Bavière	(fransk) Hotel Bayern.	1831	1831	14	Skyggebilleder af en Reise til Harzen, det sachsiske Schweitz etc. etc., i Sommeren 1831	74	1	v14:74 (1831)	high	in-register	place-000028
Høibro	Høibro	bro mellem Slotsholmen og det egentlige København.	1865	1865	13	Da Spanierne var her	511	1	v13:511 (1865)	high	head-noun+located+place-type	
Hˇrensko	Hirniskretschen	Hˇrensko, by ved grænsen mellem Tjekkiet og Sachsen; se kort.	1842	1842	14	En Digters Bazar	576	1	v14:576 (1842)	high	se-kort+located+place-type	
i Petersborg	i Petersborg	Adolph Henselt havde siden 1838 opholdt sig i St. Petersborg, hvor han var kammervirtuos hos kejserinden, lærer for de kejserlige børn og inspektør ved musikundervisningen i samtlige statsundervisningsanstalter for piger i Rusland. Om sommeren boede han paa Gersdorf.	1869	1869	18	Mit Livs Eventyr (inklusive Fortsættelse og Tillæg)	196	1	v18:196 (1869)	medium	located+place-type	
I Sevillas Dom	I Sevillas Dom	katedralen Santa Maria de la Sede (påbegyndt 1402) indeholder mere end 30 kapeller og indtil flere malerier af Madonna (Jomfru Maria) med barnet. Historien er øjensynligt kalkeret over den spanske maler Sebastian Gomez’ skæbne; Sebastian Gomez, også kaldet »El Mulato« (spansk) mulatten, var kendt for at kopiere den spanske maler Bartolomé Esteban Murillos farver og var muligvis endda også hans slave. Maleriet Purísima Concepción (spansk) den ubesmittede undfangelse, som i sin tid blev købt som en ægte Murillo, men som menes at være en af de forfalskninger, Murillos elever lavede, har hængt i Santa Maria de la Sede frem til 1835. H.C. Andersens kilde er ukendt. ¶ katedralen Santa Maria de la Sede (påbegyndt 1402) indeholder mere end 30 kapeller og indtil flere malerier af Madonna med barnet. Historien er øjensynligt kalkeret over den spanske maler Sebastian Gomez’ skæbne. Sebastian Gomez, også kaldet »El Mulato« (spansk) mulatten, var kendt for at kopiere Bartolomé Esteban Murillos farver og var muligvis endda også hans slave; han blev krøbling efter at være faldet ned fra et stillads, mens han var ved at sætte farver på et af Murillos billeder, og døde kort efter i 1682. I en katalog fra Museo de Murillo i Sevilla findes et inventar over de forfalskninger af værker, Murillos elever lavede. Her nævnes bl.a. en Purísima Concepción, (spansk) den ubesmittede undfangelse, som i sin tid blev købt som en ægte Murillo, og som bl. a. har hængt i Santa Maria de la Sede frem til 1835. H.C. Andersens kilde er ukendt.	1838	1838	8 9	Tre Digtninger	353	2	v9:353 (1838); v8:263 ()	high	head-noun+place-type+split-ellipsis	
Ida-Bjergene	Ida-Bjergene	på Kreta (Psiloritis); se kort.	1842	1842	14	En Digters Bazar	418	1	v14:418 (1842)	high	se-kort	
Ilmenau	Elmenau	Ilmenau; se kort. – Børsenhalle: Hamburger Börsenhalle, tysk handelsavis.	1831	1831	14	Skyggebilleder af en Reise til Harzen, det sachsiske Schweitz etc. etc., i Sommeren 1831	82	1	v14:82 (1831)	high	se-kort	
Ilok	Illok	Ilok; se kort.	1842	1842	14	En Digters Bazar	549	1	v14:549 (1842)	high	se-kort	geo-3199128
Ilsenburg	Ilsenburg	se kort.	1831	1831	14	Skyggebilleder af en Reise til Harzen, det sachsiske Schweitz etc. etc., i Sommeren 1831	103	1	v14:103 (1831)	high	in-register+se-kort	geo-2896483
Ilsenstein	Ilsenstein	se kort.	1831	1831	14	Skyggebilleder af en Reise til Harzen, det sachsiske Schweitz etc. etc., i Sommeren 1831	104	1	v14:104 (1831)	high	se-kort	
Incisa	Incisa	Incisa in Val d’Arno; se kort.	1842	1842	14	En Digters Bazar	282	1	v14:282 (1842)	high	se-kort	
Indsøe	Indsøe	i dag navnet på en herregård beliggende sydvest for Viborg. Navnet har dog gennem tiden været knyttet til en række gårde og en borg, der alle har været beliggende i nærheden af den nuværende herregård. Muligvis gjaldt H.C. Andersens besøg det såkaldt tredje Hald – resterne af en bispeborg, der blev opført i 1528 – ved Hald Sø.	1832	1832	16	Levnedsbog	159	1	v16:159 (1832)	medium	located+place-type+split-ellipsis	
Indtog i Nauplion	Indtog i Nauplion	havnebyen Náfplion på sydsiden af Korintherhalvøen i bunden af Argolikós-bugten, hvortil prins Otto ankom i januar 1833.	1842	1842	14	En Digters Bazar	396	1	v14:396 (1842)	high	head-noun+place-type	
Ingeborg	Ingeborg	Ingeborg Drewsen var datter af Henriette og Jonas Collin. ¶ Ingeborg, gift 1826 med auditør, Adolph Drewsen; Gottlieb, senere registrator ved pensionskassen; Edvard, senere departementschef og sparekassedirektør; Louise, gift 1840 med auditør Wilkens Lind, og Theodor, senere teaterlæge. ¶ Ingeborg, gift Drewsen. ¶ Ingeborg, Gottlieb, Edvard, Louise og Theodor.	1846	1846 1855	8 16 17	Mit eget Eventyr uden Digtning	207	4	v16:207 (1846); v16:246 (1846); v17:168 (1855); v8:183 ()	high	head-noun+place-type+split-ellipsis	
Ingeborg Drewsen	Ingeborg Drewsen	Ingeborg Drewsen, som sammen med sin mand havde været sammen med Heiberg i Ems 1839.	1846	1846	16	Mit eget Eventyr uden Digtning	256	1	v16:256 (1846)	high	head-noun+place-type	
Ingeborg Nicoline Collin	Ingeborg	Ingeborg Nicoline Collin, gift Drewsen.	1832	1832	16	Levnedsbog	121	2	v16:121 (1832); v16:144 (1832)	high	head-noun+place-type	
Inn	Inn	flod, der udspringer i Schweiz og flyder nordøst over Østrig og ind i Tyskland; se kort.	1842	1842	14	En Digters Bazar	253	1	v14:253 (1842)	high	in-register+se-kort+head-noun+located+place-type	geo-2775280
Innsbruck	Innsbruck	se kort. H.C. Andersen opholdt sig her 3.-4. december 1840.	1842	1842	14	En Digters Bazar	253	1	v14:253 (1842)	high	in-register+se-kort	geo-2775220
Inqvisitionsfængsler	Inqvisitionsfængsler	fæstningen Castillo de San Jorge husede den spanske inkvisition 1481-1785. Den blev revet ned senere i 1800-tallet.	1863	1863	15	I Spanien	364	1	v15:364 (1863)	high	head-noun+place-type	
Inqvisitores	Inqvisitores	den katolske kirke oprettede 1231 inkvisitionen for at bekæmpe kætteri; specielt den spanske inkvisition var kendt for sin grusomhed.	1829	1829	9	Fodreise fra Holmens Canal til Østpynten af Amager i Aarene 1828 og 1829	239	1	v9:239 (1829)	high	head-noun+place-type	
Inverneß	Inverneß	byen Inverness i det nordlige Skotland.	1849	1849	5	De to Baronesser	416	1	v5:416 (1849)	high	head-noun+place-type	
Irun	Irun	første by efter grænsen på banestrækningen mod San Sebastian.	1868	1868	15	Et Besøg i Portugal 1866	422	1	v15:422 (1868)	high	head-noun+place-type	
Ischia	Ischia	ø sydvest for Napoli. ¶ ø i Napolibugten; se kort.	1835	1835 1836 1855	4 7 14 17	Improvisatoren	282	4	v4:282 (1835); v14:199 (1835); v7:496 (1836); v17:151 (1855)	high	head-noun+located+place-type+se-kort	
Italien	Italien	H.C. Andersen opholdt sig i Italien fra 19. september 1833 til 24. april 1834.	1843	1843	10	Agnete og Havmandenfolkevisen af samme navn, DgF 38, har følgende handling: Agnete lokkes af havmanden ned på havets bund, hvor hun lever med ham i en række år og føder ham syv sønner. Ved lyden af kirkeklokken oppe fra jorden vækkes hendes savn af menneskelivet. Havmanden indvilger i at lade hende stige op af havet, og hun opsøger sin mor i kirken. Senere kommer havmanden og trygler hende om at komme tilbage, idet han minder hende om børnene; men hun nægter at følge ham. Visen kendes kun fra flyvebladstryk fra 1700-tallet og fra nedskrivning af senere mundtlig overlevering.Agnete og Havmanden	365	1	v10:365 (1843)	high	in-register	place-000052
Itri	Itri	mindre by syd for Terracina.	1835	1835	4	Improvisatoren	206	1	v4:206 (1835)	high	head-noun+located+place-type	
Izlaz	Ishlas	Izlaz, ca. 10 km fra Donji Milanovac; se kort.	1842	1842	14	En Digters Bazar	535	1	v14:535 (1842)	high	se-kort	
J. C. Langes Læsebibliothek	J. C. Langes Læsebibliothek	Johannes Christian Lange havde i en årrække et lejebibliotek i København, hvorfra man mod betaling kunne hjemlåne bøger.	1832	1832	16	Levnedsbog	85	1	v16:85 (1832)	medium	located+place-type	
Jativa	Jativa	se kort.	1863	1863	15	I Spanien	250	1	v15:250 (1863)	high	se-kort	
Jena	Jena	by ved floden Saale, 40 km øst for Erfurt i den tyske delstat Thüringen. Jena var i årene omkring år 1800 et åndeligt centrum og hjemsted for den såkaldte Jena-romantik.	1831	1831	14	Skyggebilleder af en Reise til Harzen, det sachsiske Schweitz etc. etc., i Sommeren 1831	122	1	v14:122 (1831)	high	head-noun+place-type	
Jernporten	Jernporten	Port‚ile de Fier, Donaus 117 km lange dal mellem De Transsylvanske Alper og De Østserbiske Bjerge; en del af grænsen mellem Rumænien og Jugoslavien.	1855	1855	17	Mit Livs Eventyr (inklusive Fortsættelse og Tillæg)	221	1	v17:221 (1855)	medium	located+place-type	
Jerusalem	Jerusalem	Hellig-Anders (død 1205) var præst ved Skt. Peders kirke i Slagelse og skal ifølge sagnet under en pilgrimsrejse være blevet bragt hjem af en rytter på få timer, så han kunne vågne op på Hvilehøj uden for Slagelse.	1859	1859	2	Et Stykke Perlesnor	281	1	v2:281 (1859)	medium	located+place-type+split-ellipsis	
Jonna	Jonna	Ingeborg og A.L. Drewsens første barn, født 1827 i Fredericia.			8	(untitled)	183	1	v8:183 ()	high	head-noun+place-type	
Josaphats-Dalen	Josaphats-Dalen	dal nord for Jerusalem; if. Joels Bog 3,7-13 det sted, hvor Jehova ville foranstalte det endelige opgør med Israels fjender, og som siden 4. årh. har været identificeret som den sydligere Kedrondal.			12	AhasverusDen evige Jøde, Jerusalems Skomager, skikkelse fra et middelalderligt sagn, ofte behandlet i dansk litteratur på H.C. Andersens tid. If. sagnet slog Ahasverus Jesus, da denne var på vej til korsfæstelsen på Golgathabjerget; derfor må han vandre fredløs om i verden til evig tid uden at kunne dø. En dansk bearbejdelse, 1607, af en tysk folkebog om Ahasverus fra 1602 er gået tabt; en dansk udgave fra 1631 er bevaret. En almuevise om Ahasverus stammer formentlig fra 1700-tallets første del.Ahasverus	273	1	v12:273 ()	high	head-noun+located+place-type	
Josephstadt	Josephstadt	distrikt i det centrale Wien, opført i 1700-tallet.	1837	1837	5	Kun en Spillemand	219	1	v5:219 (1837)	high	head-noun+place-type	
José	José	levede som rentier på en smuk ejendom i en lille forstad til Sintra.	1868	1868	15	Et Besøg i Portugal 1866	461	1	v15:461 (1868)	medium	located+place-type	
Jungfernstieg	Jungfernstieg | Jungfrauenstieg	promenade i Hamborg ved Elb-bifloden Alster. ¶ Jungfernstieg, (tysk) jomfrutrappe; promenade i Hamburg beliggende på sydvest-siden af den kunstige sø Binnen-Alster. Kendt siden 1680. ¶ gade langs bredden af Binnen-Alster. ¶ (tysk) jomfrutrappe; promenade i Hamburg beliggende på sydvest-siden af den kunstige sø Binnen-Alster.	1831	1831 1842 1851 1857	6 14 15	Skyggebilleder af en Reise til Harzen, det sachsiske Schweitz etc. etc., i Sommeren 1831	78	4	v14:78 (1831); v14:578 (1842); v15:56 (1851); v6:81 (1857)	high	in-register+head-noun+located+place-type	geo-6944304
Jægersborg Dyrehave	Dyrehaven	Jægersborg Dyrehave, yndet udflugtsmål for københavnerne. If. et sagn opdagede bondepigen Kirsten Piil i 1500-tallet en kilde i Dyrehaven. Kilden blev i 1700-tallet et valfartssted; omkring det udviklede Dyrehavsbakkens forlystelser sig. ¶ Jægersborg Dyrehave, stor park nord for København, der går tilbage til den dyrehave Frederik 3. indrettede 1699 og som efterfølgeren Christian 5. udvidede året efter.	1831	1831 1845	12 14	Skyggebilleder af en Reise til Harzen, det sachsiske Schweitz etc. etc., i Sommeren 1831	89	2	v14:89 (1831); v12:138 (1845)	high	head-noun+place-type	
Jüterbog	Jüdeborg	Jüterbog; se kort.	1831	1831	14	Skyggebilleder af en Reise til Harzen, det sachsiske Schweitz etc. etc., i Sommeren 1831	171	1	v14:171 (1831)	high	se-kort	geo-2894394
Kai Lykke	Kai Lykke(s)	storgodsejeren Kaj Lykke havde ingen tilknytning til Lykkesholm (Løkkesholm, af løkke ‘indhegning’ og -holm i betydningen ‘bakke’).	1855	1855	17	Mit Livs Eventyr (inklusive Fortsættelse og Tillæg)	187	1	v17:187 (1855)	medium	located+place-type	
Kalandri	Kalandri	se kort.	1842	1842	14	En Digters Bazar	420	1	v14:420 (1842)	high	se-kort	
Kalmar	Calmar	Kalmar; se kort 1.	1851	1851	15	I Sverrig	92	1	v15:92 (1851)	high	se-kort	
Kalø Slot	Kalø Slot	kongeligt borganlæg på en holm i Kalø Vig, hvor Gustav 1. Vasa blev sat i arrest 1518. Den svenske konges eventyr er genfortalt efter Afzelius (bd. V, s. 238-261).	1851	1851	15	I Sverrig	92	1	v15:92 (1851)	medium	located+place-type	
Kandelli	Kandelli	ved kysten syd for Scutari.	1842	1842	14	En Digters Bazar	491	1	v14:491 (1842)	medium	located+place-type	
Kandiliche	Kandiliche(s)	by på Bosporusstrædets østbred, ca. 30 km nord for Istanbul; se kort.	1842	1842	14	En Digters Bazar	493	1	v14:493 (1842)	high	se-kort+head-noun+located+place-type	
Karlowitz	Karlowitz	nuværende Sremski Karlovci; se kort.	1842	1842	14	En Digters Bazar	548	1	v14:548 (1842)	high	se-kort	
Kastaliavæld	Kastaliavæld	kilde på Parnassosbjerget ved Delfi, der ifølge legenden har fået sit navn efter en pige, der druknede sig for at undslippe Apollons forfølgelse. Den blev anset for at kunne skænke poetisk inspiration.	1851	1851	15	I Sverrig	115	1	v15:115 (1851)	high	head-noun+located+place-type	
Kastel	Kastel	(mindre) fæstning; ikke identificeret.	1842	1842	14	En Digters Bazar	514	1	v14:514 (1842)	high	head-noun+place-type	
Kathedral-Kirken	Kathedral-Kirken	domkirken er formodentlig grundlagt i 1000-tallet, men er genopbygget i 1300-talet og flere gange siden.	1842	1842	14	En Digters Bazar	357	1	v14:357 (1842)	high	head-noun+place-type	
Kazan	Kazan	flodpas mellem Donji Milanovac og Orsova.	1842	1842	14	En Digters Bazar	536	1	v14:536 (1842)	high	in-register+located	geo-682504
Kedron	Kedron(s)	dal og bæk mellem Jerusalem og Oliebjerget. Jesus gik over Kedrons bæk til sine lidelser, jf. Johannes 18,1.			12	AhasverusDen evige Jøde, Jerusalems Skomager, skikkelse fra et middelalderligt sagn, ofte behandlet i dansk litteratur på H.C. Andersens tid. If. sagnet slog Ahasverus Jesus, da denne var på vej til korsfæstelsen på Golgathabjerget; derfor må han vandre fredløs om i verden til evig tid uden at kunne dø. En dansk bearbejdelse, 1607, af en tysk folkebog om Ahasverus fra 1602 er gået tabt; en dansk udgave fra 1631 er bevaret. En almuevise om Ahasverus stammer formentlig fra 1700-tallets første del.Ahasverus	250	1	v12:250 ()	high	head-noun+located+place-type	
Kefisos	Cephisus	Kefisos, flod på sletten vest og nord for Athen; se kort.	1842	1842	14	En Digters Bazar	399	1	v14:399 (1842)	high	se-kort+located+place-type	
Kenilworth	Kenilworth	engelsk by sydøst for Birmingham med ruiner af Kenilworth Slot.	1774	1774	8 11	Festen paa Kenilworthengelsk by sydøst for Birmingham med ruiner af Kenilworth Slot.Kenilworth	11	4	v11:11 (1774); v8:100 (); v8:120 (); v11:113 ()	medium	located+place-type	
Kephissia	Kephissia	landsby, nu forstad til Athen (ca. 4 km fra Marusi).	1842	1842	14	En Digters Bazar	405	1	v14:405 (1842)	high	head-noun+located+place-type	
Kiel	Kiel	se kort.	1842	1842	14	En Digters Bazar	219	1	v14:219 (1842)	high	se-kort	
Kinne-Kleva	Kleven	Kinne-Kleva; se kort 2.	1851	1851	15	I Sverrig	26	1	v15:26 (1851)	high	se-kort	
Kinnekulle	Kinnekulle	se kort 2. ¶ 30. juli 1849 ankom H.C. Andersen til grev Hugo David Hamiltons gods på Hönsäter ved Venerns østkyst, 31. juli besøgtes bjerget Kinnekulle og 1. august fortsatte H.C. Andersen videre til grev Hamiltons søn, Adolf Ludvig Hamilton, på Blomberg, som var gift med historikeren Erik Gustaf Geijers datter, Agnes. Den 2. august fortsatte han fra Hellekis med damperen til Venersborg.	1851	1851 1869	15 18	I Sverrig	24	2	v15:24 (1851); v18:104 (1869)	high	se-kort+located+place-type+split-ellipsis	
Kirke	Circe(s) | Kirke	Kirke, troldkvinde i Odysseens 10. sang, der forvandlede Odysseus’ (Ulysses’) mænd til svin. ¶ der tænkes på Højerup Kirke fra 1200 i Stevns Herred, som længe var truet af nedstyrtning på grund af havets udhuling af klinten. Et sagn fortæller dog, at dette ikke vil ske, da kirken »hver Julenat hopper ... et Hanefjed længer ind i Landet«, Thiele 1, 1, 83. ¶ Lima kyrka; stenkirke fra middelalderen, der nedbrændte i 1852. ¶ kirken, Sankt Laurentius, er fra begyndelsen af 1400-tallet og blev nedlagt i 1795; den var forfalden og man opgav at redde den fra sandflugten.	1831	1831 1835 1851 1860	4 14 15	Skyggebilleder af en Reise til Harzen, det sachsiske Schweitz etc. etc., i Sommeren 1831	68	4	v14:68 (1831); v4:200 (1835); v15:94 (1851); v15:187 (1860)	high	head-noun+located+place-type+split-ellipsis	
Kirkegaard	Kirkegaard(s)	Nikolai Kirkegård i København (senere sløjfet).	1836	1836	4	O. T.	370	1	v4:370 (1836)	medium	located+place-type	
Kirken	Kirken	Roskilde Domkirke. ¶ domkirken Sankt Veit, bygget i gotisk stil fra 1344 på stedet for en romansk kirke.	1842	1842	8 14	En Digters Bazar	574	2	v14:574 (1842); v8:505 ()	high	head-noun+place-type	
Kirsten Piil	Kirsten Piil(s) | Kirsten Piil	bondepige, som i 1500tallet opdagede en kilde i Dyrehaven. Omkring denne voksede Dyrehavsbakken op. ¶ if. traditionen navnet på den kvinde, der 1583 fandt den hellige kilde i Jægersborg Dyrehave. Kilden skal være istandsat 1732 af de to venner Brinchmann og Greve, der sandsynligvis har opdigtet navnet; »Kirsten« er kendt fra folkeviserne; tilnavnet »Pil« skal angive, at kvinden hørte til de folk, der ifølge folketroen kunne »vise vand«. Kendt som figur i Oehlenschlägers »Sanct Hansaften-Spil«, Digte, 1803. ¶ if. et sagn opdagede en bondepige, Kirsten Piil, i 1500-tallet en kilde i Dyrehaven. Kilden blev i 1700-tallet et valfartssted; omkring det udviklede Dyrehavsbakkens forlystelser sig. Dyrehaven var, indtil Tivoli blev åbnet for offentligheden, forlystelsesattraktion nr. 1 for københavnerne.	1807	1807 1836 1849	4 12	Lykkens Blomst	56	3	v12:56 (1807); v4:391 (1836); v12:489 (1849)	medium	located+place-type+split-ellipsis	
Kizil Adalar	Prindse-Øerne	Kizil Adalar, øgruppe i Marmarahavet nær Istanbul bestående af 9 små øer.	1842	1842	14	En Digters Bazar	475	1	v14:475 (1842)	medium	located+place-type	
Kjæmpehøi	Kjæmpehøi	på sletten ved Troja findes flere gravhøje, som er blevet dyrket som høje for heltene fra den trojanske krig og især den dygtigste græske kriger, Achilleus.	1842	1842	14	En Digters Bazar	444	1	v14:444 (1842)	medium	located+place-type+split-ellipsis	
Kjøbmands Hafn	Kjøbmands Hafn	byen omtales i 1186 som Hafn; i 1253 som Køpmannæhafn.	1857	1857	6	»At være eller ikke være«	28	1	v6:28 (1857)	high	head-noun+place-type	
Kjøbsted	Kjøbsted	(dialekt) købstad.	1832	1832	16	Levnedsbog	161	1	v16:161 (1832)	high	head-noun+place-type	
Kjølige Druer	Kjølige Druer	»Fin ch’han dal vino«, arie fra I,15 af W.A. Mozarts opera Don Giovanni, 1787; libretto af L. da Ponte; dansk Don Juan, oversat af Laurids Kruse, opført på Det Kongelige Teater 1807. Trykte noder: Rung bd. 1, s. 63; klaverpartitur til Don Giovanni findes. E-noder: Don Juan.	1836	1836	11	Skilles og mødes	176	1	v11:176 (1836)	medium	located+place-type+split-ellipsis	
Kladovo	Gladova	Kladovo; se kort.	1842	1842	14	En Digters Bazar	522	1	v14:522 (1842)	high	se-kort	
Klokkedybet	Klokkedybet	i »Bemærkninger«, 1868, skriver H.C. Andersen om klokkedybet: »Klokkedybet er udsprunget af Folketroen om Aamanden i Odense Aa og Sagnet om Kirkeklokken, der svang sig ud fra Albani Kirketaarn.« (denne udgave bind 3, s. 383). Sagnet kendes fra J.M. Thieles Danske Folkesagn, bind I, 1818, s. 29, hvor det dog er klokkerne i Skt. Knuds Kirke, der fløj, fordi man ringede for stærkt med dem. ¶ i »Bemærkninger«, 1868, skriver H.C. Andersen om klokkedybet: »Klokkedybet er udsprunget af Folketroen om Aamanden i Odense Aa og Sagnet om Kirkeklokken, der svang sig ud fra Albani Kirketaarn« (denne udgaves bind 3, s. 383). Sagnet kendes fra Thiele 1, 2, s. 29 f., hvor det dog er klokkerne i Skt. Knuds Kirke, der fløj, fordi man ringede for stærkt med dem.	1836	1836 1858	2 4	O. T.	587	2	v4:587 (1836); v2:239 (1858)	high	in-register	place-000004
Kloster Daphne	Kloster Daphne	Dafni-klosteret 10 km nordvest for Athen, grundlagt i 400-tallet, har navn efter de laurbærtræer som voksede i området. Klostret, som er bygget på resterne af en helligdom for Apollon, ødelagt 395, blev i 1500-tallet overtaget af græsk-ortodokse munke fra de cisterciensermunke, som havde beboet klostret siden 1200-tallet. Klosterkirken nævnes første gang 1263.	1842	1842	14	En Digters Bazar	399	1	v14:399 (1842)	medium	located+place-type	
Kloster-Mölck	Kloster-Mölck	det store benediktinerkloster Melk fra 1089 ved Donau, siden ombygget i barokstil.	1837	1837	5	Kun en Spillemand	233	1	v5:233 (1837)	high	head-noun+place-type	
Klosterby	Klosterby	ca. 1150 anlagdes et benediktinerkloster i Sorø, af Absalon kort tid efter omdannet til cistercienserkloster.	1859	1859	2	Et Stykke Perlesnor	281	1	v2:281 (1859)	medium	located+place-type	
Klosteret	Klosteret	det gamle Augustinerkloster i Klosterneuburg. ¶ Klosteret, opført første gang på Det Kgl. Teater 1816.	1837	1837 1855	5 17	Kun en Spillemand	233	2	v5:233 (1837); v17:109 (1855)	high	head-noun+place-type+located	
Klosteret Pentelis	Klosteret Pentelis	Pendeli-klostret ca. 12 km fra Athens centrum, beliggende i Pendéli-bjergmassivet mellem Athen og Marathon i en højde på 366 m, det rigeste kloster i Attika, grundlagt 1587.	1842	1842	14	En Digters Bazar	421	1	v14:421 (1842)	medium	located+place-type	
Klosterkirken	Klosterkirken	middelalderkirke hørende til Slagelse Hospital (Slagelse Gammel Kloster), delvist nedrevet 1862. Erstattet af den nuværende Helligåndskirke.	1832	1832	16	Levnedsbog	102	1	v16:102 (1832)	high	head-noun+located+place-type	
Knippelsbro	Knippelsbro	lidt nord for Langebro; forbandt Slotsholmen med Brogade på Christianshavn.	1864	1864	13	Paa Langebrovar tidligst anlagt et stykke nordligere end den nuværende Langebro; den lå i linje med byens vold i sydvest, i forlængelse af den nuværende Langebrogade på Christianshavn, og førte over Kalvebodsstrømmen til Christians Brygge.Langebro	389	1	v13:389 (1864)	medium	located+place-type	
Kobberporte	Kobberporte	ved Ørkild slotsbanke ved Svendborg.	1849	1849	5	De to Baronesser	322	1	v5:322 (1849)	medium	located+place-type	
Kolonnaden	Kolonnaden	søjlepartiet ved indkørslen til Amalienborg.	1849	1849	5	De to Baronesser	453	1	v5:453 (1849)	medium	located+place-type	
Komárno	Comorn	Komárno; se kort.	1842	1842	14	En Digters Bazar	560	1	v14:560 (1842)	high	se-kort	geo-3059436
Kongeborgen	Kongeborgen	Frederiksborg Slot i Nordsjælland, påbegyndt under Frederik 2. i 1560, men størstedelen af slottet blev opført under Christian 4. fra starten af 1600-tallet, på samme sted i slotssøen, hvor den middelalderlige herregård Hillerødsholm tidligere havde ligget.			8	(untitled)	322	1	v8:322 ()	high	head-noun+located+place-type	
Kongebyen	Kongebyen	København.			8	(untitled)	327	1	v8:327 ()	high	head-noun+place-type	
Kongens Nytorv	Kongens Nytorv	før torvets anlæggelse var området, i daglig tale kaldet Hallandsaasen, sumpet og vanskeligt farbart.	1855	1855	17	Mit Livs Eventyr (inklusive Fortsættelse og Tillæg)	57	1	v17:57 (1855)	high	in-register	place-000062
Kongens Slot	Kongens Slot	det middelalderlige Københavns Slot, nedrevet 1730-1731 for at give plads til Christiansborg. ¶ kejserborgen blev bygget i 1100-tallet i sammenhæng med den ældre borggreveborg og ombygget frem til midten af 1500-tallet.	1842	1842 1870	3 14	En Digters Bazar	239	2	v14:239 (1842); v3:236 (1870)	high	located+place-type+head-noun	
Kongens Slot i Skoven	Kongens Slot i Skoven	Eremitageslottet i Dyrehaven ved København.			8	(untitled)	53	1	v8:53 ()	high	head-noun+place-type	
Kongeveien	Kongeveien	i 1795-1813 blev Nyborg landevej, der oprindelig blev ført ind i byen nord for Odense å, flyttet syd for åen.	1872	1872	3	Hvad gamle Johanne fortalte	307	1	v3:307 (1872)	medium	located+place-type	
Kopparberget	Kopparberget	(svensk) kobberbjerget. Navn på såvel området som malmminen i Falun. Se kort 1-2.	1851	1851	15	I Sverrig	91	1	v15:91 (1851)	high	se-kort+head-noun+place-type	
Korinth	Korinth	se kort.	1842	1842	14	En Digters Bazar	391	1	v14:391 (1842)	high	se-kort	
Korsnäs	Korsnæs	Korsnäs; se kort 2.	1851	1851	15	I Sverrig	93	1	v15:93 (1851)	high	se-kort	
Kovin	Kubin	Kovin; se kort.	1842	1842	14	En Digters Bazar	543	1	v14:543 (1842)	high	se-kort	geo-789168
Krudttaarnet	Krudttaarnet	kan være et af krudttårnene på Christianshavns Vold: tårnet i Charlotte Amalies Bastion (opf. 1744-1745 af C.E.D. von Oetken) eller tårnet i Enhjørningens Bastion (ca. 1750).	1864	1864	13	Paa Langebrovar tidligst anlagt et stykke nordligere end den nuværende Langebro; den lå i linje med byens vold i sydvest, i forlængelse af den nuværende Langebrogade på Christianshavn, og førte over Kalvebodsstrømmen til Christians Brygge.Langebro	389	1	v13:389 (1864)	medium	located+place-type	
Krönungs Berg	Krönungs Berg	efter tyrkernes besættelse af Buda flyttede Ungarns hovedstad 1536 til Bratislava, der også blev kroningsby.	1842	1842	14	En Digters Bazar	561	1	v14:561 (1842)	medium	located+place-type	
Kuhstall	Kuhstall	(tysk) kostald. Klippehulen er 11 m høj, 17 m bred og 24 m dyb.	1831	1831	14	Skyggebilleder af en Reise til Harzen, det sachsiske Schweitz etc. etc., i Sommeren 1831	158	1	v14:158 (1831)	high	in-register	geo-2942244
Kullen	Kullen | Kullen(s)	halvø mellem Skälderviken og Øresund. ¶ Kullaberg på halvøen Kullen i Skåne, hvis højeste punkt (Håkull) er 188 m. ¶ halvø beliggende mellem Skälderviken og Øresund. ¶ halvø mellem Skälderviken på den svenske Kattegatkyst og Øresund.	1830	1830 1832 1842 1855	7 8 14 16 17	Digte	102	6	v7:102 (1830); v16:132 (1832); v14:573 (1842); v17:71 (1855); v17:302 (1855); v8:67 ()	high	in-register+head-noun+located+place-type	geo-2698848
Kuruçesme	Kurutscheme	Kuruçesme, landsby lidt nordøst for Istanbul, nu del af byen.	1842	1842	14	En Digters Bazar	491	1	v14:491 (1842)	medium	located+place-type	
Kværndrup	Qværndrup	Kværndrup, landsby nordvest for Svendborg.	1837	1837	5	Kun en Spillemand	16	1	v5:16 (1837)	medium	located+place-type	
Königerode	Königerode	se kort.	1831	1831	14	Skyggebilleder af en Reise til Harzen, det sachsiske Schweitz etc. etc., i Sommeren 1831	126	1	v14:126 (1831)	high	se-kort	
Königstein	Königstein	bjerg på 312 m. ¶ en middelalderfæstning i Sachsiske Schweiz, sydøst for Dresden.	1831	1831 1842	14	Skyggebilleder af en Reise til Harzen, det sachsiske Schweitz etc. etc., i Sommeren 1831	155	2	v14:155 (1831); v14:576 (1842)	high	in-register+head-noun+place-type	geo-2885764
Köthen	Cöthen	Köthen; se kort.	1842	1842	14	En Digters Bazar	234	1	v14:234 (1842)	high	se-kort	
Købmagergade	Kjøbmagergade	Købmagergade, sidegade til Østergade ved Amagertorv.	1855	1855	17	Mit Livs Eventyr (inklusive Fortsættelse og Tillæg)	46	1	v17:46 (1855)	high	head-noun+located+place-type	
Küstendje	Küstendje	byen Constan‚ta ved Sortehavets kyst, i det nuværende Rumænien; se kort.	1842	1842	14	En Digters Bazar	498	1	v14:498 (1842)	high	se-kort+head-noun+place-type	
La Carolina	la Carolina	La Carolina, se kort; byen er grundlagt af Karl 3. (1716-1788, konge fra 1759) i 1767-1770 som led i nybefolkningen af området i Sierra Morena, fortrinsvis med tyske indvandrere.	1863	1863	15	I Spanien	377	1	v15:377 (1863)	high	se-kort+head-noun+place-type	
La Junquera	la Junquera	La Junquera, se kort.	1863	1863	15	I Spanien	223	1	v15:223 (1863)	high	se-kort	
La Scala	La Scala	Milanos operahus, Teatro alla Scala.	1835	1835 1855	4 17	Improvisatoren	348	2	v4:348 (1835); v17:127 (1855)	high	in-register	geo-6949434
La Storta	La Storta	by nord for Rom. ¶ lille by ca. 8 km nordøst for Rom. ¶ sidste station på diligencerejsen til Rom, knap 30 km nord for Rom.	1842	1842 1855 1869	13 14 17	En Digters Bazar	293	3	v14:293 (1842); v17:134 (1855); v13:550 (1869)	high	in-register+head-noun+located+place-type	geo-3175075
La Valettas Bugt	La Valettas Bugt	Grand Harbour ved Maltas hovedstad Valletta; se kort.	1842	1842	14	En Digters Bazar	361	1	v14:361 (1842)	high	se-kort+place-type	
Lacedæmon	Lacedæmon	Sparta (se kort), hvis mytiske grundlægger var kong Lakedaimon, søn af Zeus og bjergnymfen Taygete.	1842	1842	14	En Digters Bazar	375	1	v14:375 (1842)	high	se-kort	
Lago di Perugia	Lago di Perugia	nu Lago Trasimeno; sø ca. 18 km vest for Perugia; se kort.	1842	1842	14	En Digters Bazar	286	1	v14:286 (1842)	high	se-kort+located+place-type	
Lago Maggiore	Lago Maggiore	sø i Norditalien. ¶ Lago Maggiore; se kort. ¶ lang, smal sø i De Italienske Alper.	1836	1836 1855 1870	4 15 17	O. T.	624	3	v4:624 (1836); v17:127 (1855); v15:490 (1870)	high	in-register+head-noun+located+place-type+se-kort	geo-2659792
Land	Land	(engelsk) den brune hede og den uvejsomme skovs land, / bjergets og flodens land!; citat fra The Lay of the Last Minstrel, 6. sang, 1805.	1849	1849	5	De to Baronesser	413	1	v5:413 (1849)	high	head-noun+place-type+split-ellipsis	
Landsby	Landsby	Valby.	1836	1836	4	O. T.	401	1	v4:401 (1836)	high	head-noun+place-type	
Langelinie	Langelinie	før den nuværende promenade navnet på en spadseresti ved Kastelsvolden {E12-E13-D13}.	1838	1838	9	Tre Digtninger	311	1	v9:311 (1838)	medium	located+place-type	
Lappland	Lapland(s)	Lappland; landskab i Nordsverige.	1851	1851	15	I Sverrig	22	1	v15:22 (1851)	high	head-noun+located+place-type	
Lauenburg	Lauenborg	Lauenburg; se kort.	1831	1831	14	Skyggebilleder af en Reise til Harzen, det sachsiske Schweitz etc. etc., i Sommeren 1831	183	1	v14:183 (1831)	high	se-kort	geo-2880181
Laxegaden	Laxegaden	gade i indre København, hvor prostituerede holdt til.	1849	1849	12	Meer end Perler og Guld	471	1	v12:471 (1849)	high	head-noun+place-type	
Le Locle	Le Locle | Locle	schweizisk by, kendt som urmagerby, tæt på grænsen til Frankrig vest for Neuchâtel. ¶ Le Locle; lille bjergby, hvor H.C. Andersen boede hos urmager Jules Jürgensen fra 14. til 27. maj 1867. ¶ Le Locle, by i Jurabjergene lidt nordvest for Neuchâtel; se kort.	1836	1836 1869	4 8 15	O. T.	450	3	v4:450 (1836); v15:483 (1869); v8:379 ()	high	located+place-type+head-noun+se-kort	
Ledreborg	Lethraborg	Ledreborg, hovedgård ved Lejre.	1836	1836	4	O. T.	508	1	v4:508 (1836)	high	head-noun+located+place-type	
Leimbach	Leimbach	se kort.	1831	1831	14	Skyggebilleder af en Reise til Harzen, det sachsiske Schweitz etc. etc., i Sommeren 1831	128	1	v14:128 (1831)	high	in-register+se-kort	geo-2879255
Leipzig	Leipzig	se kort. ¶ H.C. Andersen opholdt sig her 10.11. november 1840; se kort.	1842	1842	14	En Digters Bazar	214	3	v14:214 (1842); v14:235 (1842); v14:576 (1842)	high	in-register+se-kort	geo-2879139
Leksand	Leksand | Leksand(s)	se kort 2. ¶ by ved Siljansøen i Sverige.	1851	1851 1869	15 18	I Sverrig	85	2	v15:85 (1851); v18:315 (1869)	high	se-kort+head-noun+located+place-type	
Leopoldsslot	Leopoldsslot	slottet i Leopoldsberg.	1837	1837	5	Kun en Spillemand	233	1	v5:233 (1837)	high	head-noun+located+place-type	
Lethe	Lethe	i græsk mytologi en kilde el. biflod til Styx, dødsrigets flod; ved at drikke af Lethes vande glemmer den døde sit tidligere liv. ¶ i græsk mytologi en kilde eller biflod til Styx, dødsrigets flod; ved at drikke af Lethes vande glemmer den døde sit tidligere liv.	1829	1829 1830	7 9	Fodreise fra Holmens Canal til Østpynten af Amager i Aarene 1828 og 1829	245	2	v9:245 (1829); v7:79 (1830)	medium	located+place-type	
Libau i Cuurland	Libau i Cuurland	by beliggende i landskabet Kurland i det vestlige Letland. Kurland hørte i perioden 1795-1915 under Rusland, men blev dog styret af den lokale tyske adel. Først i 1918 blev Kurland en del af Letland.	1832	1832	16	Levnedsbog	139	1	v16:139 (1832)	high	head-noun+place-type	
Lidköping	Lidkøping	Lidköping; se kort 2.	1851	1851	15	I Sverrig	25	1	v15:25 (1851)	high	se-kort	
Liebau	Liebau	kystbyen Liepa¯ja i Letland.	1837	1837	5	Kun en Spillemand	154	1	v5:154 (1837)	high	head-noun+place-type	
Lilienstein	Lilienstein	bjerg på 415 m.	1831	1831	14	Skyggebilleder af en Reise til Harzen, det sachsiske Schweitz etc. etc., i Sommeren 1831	155	1	v14:155 (1831)	high	in-register+head-noun+place-type	geo-982821
Lima	Lima	se kort 2.	1851	1851	15	I Sverrig	94	1	v15:94 (1851)	high	se-kort	
Linaa	Linaa	landsby øst for Silkeborg.	1857	1857	6	»At være eller ikke være«	43	1	v6:43 (1857)	high	head-noun+located+place-type	
Linth-Canalen	Linth-Canalen	Linthkanal ved floden Weesen fører ud i Wallensee; se kort.	1858	1858	15	Fortællinger og Vers for Større og Mindre	153	1	v15:153 (1858)	high	se-kort+place-type+split-ellipsis	
Lissabon	Lissabon	Portugals hovedstad ved Atlanterhavskysten.	1868	1868	15	Et Besøg i Portugal 1866	428	1	v15:428 (1868)	medium	located+place-type	
Livorno	Livorno	kystby syd for Pisa; se kort. ¶ se kort. ¶ hvortil turen gik den 6. oktober med hjemkomst dagen efter.	1835	1835 1855 1861 1870	14 15 17	Søndagsblad. Et æsthetisk Ugeskrift	202	4	v14:202 (1835); v17:130 (1855); v15:216 (1861); v15:490 (1870)	high	in-register+se-kort+head-noun+located+place-type	geo-3174659
Lohmen	Lohmen	se kort.	1831	1831	14	Skyggebilleder af en Reise til Harzen, det sachsiske Schweitz etc. etc., i Sommeren 1831	150	1	v14:150 (1831)	high	in-register+se-kort	geo-6548696
Loja	Loja	se kort.	1863	1863	15	I Spanien	290	1	v15:290 (1863)	high	se-kort	
Lom	Lom-Palanka	Lom; se kort.	1842	1842	14	En Digters Bazar	517	1	v14:517 (1842)	high	se-kort	geo-729581
Lombarder Slette	Lombarder Slette	Posletten omkring floden Po (se kort), der danner Lombardiets sydlige grænse.	1842	1842	14	En Digters Bazar	262	1	v14:262 (1842)	high	se-kort+place-type	
Lombardiet	Lombardiet	region i Norditalien beliggende mellem Lago Maggiore og Gardasøen i nord og Pofloden i syd.	1835	1835	14	Søndagsblad. Et æsthetisk Ugeskrift	200	1	v14:200 (1835)	high	head-noun+located+place-type	
Lucca	Lucca	by nordvest for Firenze.	1837	1837	5	Kun en Spillemand	262	1	v5:262 (1837)	high	head-noun+located+place-type	
Ludwigs-Kanal	Ludwigs-Kanal	Ludwigs-Kanal; kanal mellem Bamberg og Kelheim (se kort), der blev bygget 1836-1846 og forbandt floderne Main og Donau.	1842	1842	14	En Digters Bazar	246	1	v14:246 (1842)	high	se-kort+head-noun+located+place-type	
Ludwigslust	Ludwigslüst	Ludwigslust; se kort.	1831	1831	14	Skyggebilleder af en Reise til Harzen, det sachsiske Schweitz etc. etc., i Sommeren 1831	183	1	v14:183 (1831)	high	se-kort	geo-2875343
Lykkesholm	Lykkesholm	hovedgård i Vindinge Herred ca. 14 km sydvest for Nyborg; ejeren var justitsrådinde Johanne Lindegaard. H.C. Andersen kom der især 1835-1839. ¶ Lykkesholm Slot i Ørbæk, 14 km sydvest for Nyborg, hvor H.C. Andersen var kommet siden 1832 og især 1835-1839 var en flittig gæst.	1846	1846 1855	16 17	Mit eget Eventyr uden Digtning	245	2	v16:245 (1846); v17:187 (1855)	high	head-noun+located+place-type	
Lyneborg Sand	Lyneborg Sand	den Lüneburgske Hede i Nordtyskland.	1836	1836	4	O. T.	435	1	v4:435 (1836)	high	head-noun+located+place-type	
Lübeck	Lübeck	by i det østlige Holsten, nord for Hamburg. ¶ se kort.	1831	1831 1842	14	Skyggebilleder af en Reise til Harzen, det sachsiske Schweitz etc. etc., i Sommeren 1831	67	2	v14:67 (1831); v14:230 (1842)	high	in-register+head-noun+place-type+se-kort	geo-2875601
Lüneburger Heide	Lüneburger Heide	Lüneburger Heide, delvist skovklædt hedelandskab i Niedersachsen syd for Hamborg.	1842	1842	14	En Digters Bazar	221	1	v14:221 (1842)	medium	located+place-type	geo-2875111
Macao	Macao	portugisisk koloni på Kinas sydkyst 60 km vest for Hongkong.	1868	1868	15	Et Besøg i Portugal 1866	438	1	v15:438 (1868)	medium	located+place-type	
Madrid	Madrid	se kort. ¶ Spaniens hovedstad beliggende ca. 215 km syd for Burgos i det centrale højland.	1863	1863 1868	15	I Spanien	251	2	v15:251 (1863); v15:423 (1868)	high	se-kort+located+place-type	
Magdeburg	Magdeburg	se kort.	1842	1842	14	En Digters Bazar	232	2	v14:232 (1842); v14:576 (1842)	high	se-kort+split-ellipsis+in-register	geo-2874545
Maidstone	Maidstone	by mellem London og havnebyen Folkstone vest for Dover.	1860	1860	15	Berlingske politiske Avertissements-Tidende	183	1	v15:183 (1860)	high	head-noun+located+place-type	
Main	Main	Main, som er biflod til Rhinen, begynder, hvor Weißer Main (med udspring i Ochsenkopf) løber sammen med Roter Main (med udspring i Fränkischen Alb, syd for Bayreuth).	1842	1842	14	En Digters Bazar	238	1	v14:238 (1842)	medium	located+place-type	
Maleas	Cap Malio	Maleas; se kort.	1842	1842	14	En Digters Bazar	376	1	v14:376 (1842)	high	se-kort	
Malta	Malta	se kort. ¶ H.C. Andersen opholdt sig her 17.-18. marts 1841.	1842	1842	14	En Digters Bazar	351	2	v14:351 (1842); v14:361 (1842)	high	in-register+se-kort	geo-2562772
Mansfeld	Mansfeld	se kort.	1831	1831	14	Skyggebilleder af en Reise til Harzen, det sachsiske Schweitz etc. etc., i Sommeren 1831	128	1	v14:128 (1831)	high	in-register+se-kort	geo-2873852
Mantova	Mantua	Mantova; se kort.	1842	1842	14	En Digters Bazar	262	1	v14:262 (1842)	high	se-kort	geo-3174051
Manzanares	Manzanares	flod, der løber på vestsiden af slottet og Campo del Moro.	1863	1863	15	I Spanien	384	1	v15:384 (1863)	high	head-noun+place-type	
Marathons Slette	Marathons Slette	på denne slette i Grækenland besejrede en talmæssigt underlegen athensk styrke en persisk invasionsstyrke i 490 f.Kr.	1851	1851	15	I Sverrig	54	1	v15:54 (1851)	medium	located+place-type	
Maria della Pace	Maria della Pace	(italiensk) fredens Maria, kirke vest for Piazza Navona.	1837	1837	5	Kun en Spillemand	262	1	v5:262 (1837)	medium	located+place-type	
Marie Bunkeflod	Madam Bunkeflod	Marie Bunkeflod, som var enke efter digterpræsten Hans Christian Bunkeflod, boede sammen med sin svigerinde i de såkaldte Eilschous Boliger, en stiftelse for borgerskabets enlige, trængende kvinder. Stiftelsen lå i Munkemøllestræde over for H.C. Andersens barndomshjem. ¶ Marie Bunkeflod, f. Petersen, enke efter sognepræsten ved St. Hans Kirke, digteren Hans Christian Bunkeflod. Hun boede sammen med sin mands søster Anna Margrethe Bunkeflod. ¶ Marie Bunkeflod, som var enke efter digterpræsten Hans Christian Bunkeflod, boede sammen med sin svigerinde i de såkaldte Eilschous Boliger, en stiftelse oprettet 1776-1781 for borgerskabets enlige, trængende kvinder; stiftelsen lå i Munkemøllestræde over for H.C. Andersens barndomshjem.	1832	1832 1846 1855	16 17	Levnedsbog	63	3	v16:63 (1832); v16:187 (1846); v17:25 (1855)	high	head-noun+place-type+located	
Mariehøi	Mariehøi	landstedet Mariehøj (Tolderlund) ved kanalen nord for Odense, hvor H.C. Andersen tilbragte tre uger hos Kirstine Marie Iversen.	1855	1855	17	Mit Livs Eventyr (inklusive Fortsættelse og Tillæg)	86	1	v17:86 (1855)	medium	located+place-type+split-ellipsis	
Marienlyst	Marienlyst	slot nord for Helsingør, nu bymuseum. ¶ Marienlyst Slot. Tidligere lystslot beliggende i Helsingør. Opført ca. 1588 for Frederik 2., udbygget 1759-1763. Indtil 1766, hvor enkedronning (efter Frederik 5.) Juliane Marie overtog slottet, hed det Lundehave. I 1851 overtog Helsingør Kommune slottet, der siden 1930 har været museum.	1826	1826 1832	14 16	Nyeste Skilderie af Kjøbenhavn	49	2	v14:49 (1826); v16:129 (1832)	high	head-noun+located+place-type	
Mariestad	Mariestad(s)	se kort 2.	1851	1851	15	I Sverrig	24	1	v15:24 (1851)	high	se-kort	
Marmorhavet	Marmorhavet	Marmarahavet.	1855	1855	17	Mit Livs Eventyr (inklusive Fortsættelse og Tillæg)	219	1	v17:219 (1855)	high	head-noun+place-type	
Marmorkirken	Marmorkirken	Frederikskirken henlå af økonomiske grunde ufuldført, indtil C.F. Tietgen tog initiativ til kirkens fuldførelse i 1874.	1836	1836	4	O. T.	530	1	v4:530 (1836)	high	head-noun+place-type	
Marmorøen	Marmorøen	se kort; der har været marmorbrud på øen siden antikken, hvilket har givet havet dets navn (af græsk, marmaros).	1842	1842	14	En Digters Bazar	452	1	v14:452 (1842)	high	se-kort+place-type	
Marnäs	Marnäs	se kort 2.	1851	1851	15	I Sverrig	93	1	v15:93 (1851)	high	se-kort	
Maruzzé	Maruzzé	(Marusi) i dag del af Athen; se kort.	1842	1842	14	En Digters Bazar	404	1	v14:404 (1842)	high	se-kort	
Masanasa	Masanasa	uvis betydning; muligvis Massanassa, navn på landsby ca. 6 km syd for Valencia.	1863	1863	15	I Spanien	224	1	v15:224 (1863)	medium	located+place-type	
Maxen	Maxen	godset Maxen ved Dresden tilhørte major Friedrich Anton Serre og dennes familie, som H.C. Andersen fra 1844 jævnligt besøgte.	1863	1863	3	Bemærkninger	373	1	v3:373 (1863)	high	head-noun+place-type	
Mecca	Mecca	by i Saudi-Arabien, Muhammeds fødeby og islams helligste sted.	1842	1842	14	En Digters Bazar	450	1	v14:450 (1842)	high	head-noun+located+place-type	
Mecklenburg	Mechlenburg(s)	Mecklenburg; se kort.	1831	1831	14	Skyggebilleder af en Reise til Harzen, det sachsiske Schweitz etc. etc., i Sommeren 1831	183	1	v14:183 (1831)	high	se-kort	
Mediatstadt	Mediatstadt	(tysk) mediatby; by, der ikke var direkte underlagt kejseren, men en mediat, dvs. en fyrste, der igen var underlagt en højerestående fyrste.	1831	1831	14	Skyggebilleder af en Reise til Harzen, det sachsiske Schweitz etc. etc., i Sommeren 1831	128	1	v14:128 (1831)	high	head-noun+place-type	
Medina	Medina	arabisk by hvortil Muhammed og hans menighed udvandrede 622 og dermed skabte den første islamiske stat.	1842	1842	14	En Digters Bazar	469	1	v14:469 (1842)	medium	located+place-type	
Medinya	Medina	Medinya, ca. 7 km nord for Gerona, se kort.	1863	1863	15	I Spanien	225	1	v15:225 (1863)	high	se-kort	
Mehadia	Mehadia	se kort. H.C. Andersen opgav dog turen pga. maveonde og nåede aldrig dertil, jf. Dagbøger II, s. 225.	1842	1842	14	En Digters Bazar	533	1	v14:533 (1842)	high	se-kort	
Meisling	Meisling	Meisling blev 16. juli 1823 i Klosterkirken i Slagelse indsat i rektorembedet af biskop Friederich Christian Carl Heinrich Münter.	1832	1832	16	Levnedsbog	102	1	v16:102 (1832)	medium	located+place-type+split-ellipsis	
Meissen	Meissen	se kort.	1831	1831	14	Skyggebilleder af en Reise til Harzen, det sachsiske Schweitz etc. etc., i Sommeren 1831	140	1	v14:140 (1831)	high	se-kort	
Mel	Mel	»Fin ch’han dal vino«, arie fra I,15 af W.A. Mozarts opera Don Giovanni, 1787; libretto af L. da Ponte; dansk Don Juan, oversat af Laurids Kruse, opført på Det Kongelige Teater 1807. Trykte noder: Rung bd. 1, s. 63; klaverpartitur til Don Giovanni findes. E-noder: Don Juan.	1836	1836	11	Skilles og mødes	176	1	v11:176 (1836)	medium	located+place-type+split-ellipsis	
Mem	Mem	by ved Göta kanals udmunding i Slätbaken, som fører ud i Østersøen (se kort 2). Her blev kanalen indviet i 1832.	1851	1851	15	I Sverrig	51	1	v15:51 (1851)	high	se-kort+head-noun+located+place-type	
Merseburg	Merseburg	se kort.	1831	1831	14	Skyggebilleder af en Reise til Harzen, det sachsiske Schweitz etc. etc., i Sommeren 1831	131	1	v14:131 (1831)	high	in-register+se-kort	geo-2871736
Mietau	Mietau	byen Mitau i Kurland, område i Letland.	1837	1837	5	Kun en Spillemand	154	1	v5:154 (1837)	high	head-noun+place-type	
Milan	Milan	(1819-1839), serbisk fyrste i 25 dage i 1839.	1842	1842	14	En Digters Bazar	524	1	v14:524 (1842)	high	in-register	geo-3173435
Milos	Melos	Milos; se kort.	1842	1842	14	En Digters Bazar	377	1	v14:377 (1842)	high	se-kort	
Minaret	Minaret(en) | Minaret(er) | Minaret(erne)	tårn ved den muslimske moske, hvorfra der kaldes til bøn. ¶ tårn ved en moske, hvorfra der kaldes til bøn.	1840	1840 1842 1855	11 14 17	Maurerpigen	484	3	v11:484 (1840); v14:441 (1842); v17:343 (1855)	high	head-noun+place-type	
Minturna	Minturna	oldtidsby i Latium, dvs. slettelandet sydvest for Tiberen; kontrollerede broen over Liris på den romerske Via Appia.	1835	1835	4	Improvisatoren	210	1	v4:210 (1835)	high	head-noun+located+place-type	
Mitilini	Mytilene	Mitilini, hovedstad på Lesbos; se kort.	1842	1842	14	En Digters Bazar	444	1	v14:444 (1842)	high	se-kort	
Modena	Modena	se kort.	1842	1842	14	En Digters Bazar	265	1	v14:265 (1842)	high	in-register+se-kort	geo-3173331
Mohács	Mohács	se kort.	1842	1842	14	En Digters Bazar	548	1	v14:548 (1842)	high	in-register+se-kort	geo-3047967
Mola di Gaeta	Mola di Gaeta	befæstet forstad til Gaeta mellem Terracina og Napoli. ¶ i Mola di Gaeta, nuværende Formia (se kort), findes resterne af en villa, der har tilhørt den romerske politiker, advokat og forfatter Marcus Tullius Cicero (106-43 f.Kr.). Cicero blev likvideret i nærheden af byen.	1835	1835 1842	4 14	Improvisatoren	200	2	v4:200 (1835); v14:340 (1842)	high	in-register+located+place-type+se-kort+split-ellipsis	place-000077
Moldava Veche	Moldava	Moldava Veche, syd for Moldava Noua; se kort.	1842	1842	14	En Digters Bazar	542	1	v14:542 (1842)	high	se-kort	
Mondegoflod	Mondegoflod	se kort.	1868	1868	15	Et Besøg i Portugal 1866	461	1	v15:461 (1868)	high	se-kort	
Mont Serrat	Mont Serrat	bjerg nordvest for Barcelona, hvis navn kan betyde savtakket bjerg (latin) el. helligt bjerg (catalansk). Bjerget er pilgrimsmål især pga. benediktinerklosterets sorte Madonnastatue, som ifølge traditionen er skåret af sankt Lukas.	1863	1863	15	I Spanien	240	1	v15:240 (1863)	high	head-noun+located+place-type	
Monte Arrabida	Monte Arrabida	se kort.	1868	1868	15	Et Besøg i Portugal 1866	445	1	v15:445 (1868)	high	se-kort	
Monte Cavo	Monte Cavo	Monte Cavo, det højeste bjerg i Albanerbjergene. ¶ Monte Cavo; det højeste bjerg i Albanerbjergene.	1835	1835	4 8	Improvisatoren	80	2	v4:80 (1835); v8:124 ()	high	located+place-type+head-noun	
Monte Paderno	Paderno	Monte Paderno, bjerg lige syd for Bologna.	1842	1842	14	En Digters Bazar	265	1	v14:265 (1842)	high	in-register+located+place-type	
Montefiascone	Montefiascone	vinby 80 km nord for Rom, berømt for hvidvinen Est!Est!Est!	1855	1855	17	Mit Livs Eventyr (inklusive Fortsættelse og Tillæg)	154	1	v17:154 (1855)	high	head-noun+located+place-type	
Mora	Mora	se kort 2.	1851	1851	15	I Sverrig	94	1	v15:94 (1851)	high	se-kort	
Morgana	Morgana	ifølge en legende boede feen Morgana i et krystalslot under vandet ved Messinastrædet; hun har givet navn til de optiske bedrag eller luftspejlinger, som går under navnet fata Morgana, og som hun havde magiske kræfter til at skabe.	1842	1842	11	Fuglen i Pæretræet	541	1	v11:541 (1842)	medium	located+place-type+split-ellipsis	
Morias	Moreas	Morias, ældre navn for Peloponnes (Peloponnisos); se kort.	1842	1842	14	En Digters Bazar	375	1	v14:375 (1842)	high	se-kort	
Motala	Motala	se kort 1-2.	1851	1851	15	I Sverrig	18	1	v15:18 (1851)	high	se-kort	
Munke-Mose	Munke-Mose	hørte til Skt. Knuds Kloster og lå syd for åen.	1829	1829	14	Brudstykke af en Udflugt i Sommeren 1829	54	1	v14:54 (1829)	high	in-register+place-type	place-000006
Munkemølleport	Munkemølleport	lidt nord for Odense Å, i Munkemøllestræde, hvor H.C. Andersen voksede op.	1836	1836	11	Skilles og mødes	172	1	v11:172 (1836)	medium	located+place-type	
Museet	Museet	Pradomuseet.	1863	1863	15	I Spanien	388	1	v15:388 (1863)	high	in-register	place-000050
Mycone	Mycone(s)	Mykonos (Mikonos); se kort.	1842	1842	14	En Digters Bazar	377	1	v14:377 (1842)	high	se-kort	
Málaga	Malaga	Málaga, se kort.	1863	1863	15	I Spanien	256	1	v15:256 (1863)	high	se-kort	
Mägdesprung	Mägdesprung	(tysk) pigespring.	1831	1831	14	Skyggebilleder af en Reise til Harzen, det sachsiske Schweitz etc. etc., i Sommeren 1831	123	1	v14:123 (1831)	high	in-register	geo-2874537
Mälaran	Mälaran(s)	Sveriges tredjestørste sø; se kort.	1851	1851	15	I Sverrig	55	1	v15:55 (1851)	high	se-kort	
Møllen	Møllen	byen Möln i Lauenburg, Nordtyskland.	1829	1829	10	Kjærlighed paa Nicolai TaarnSankt Nicolai Kirke på Nicolai Plads er første gang nævnt 1261, men er formentlig betydelig ældre. Tårnet opførtes 1582-1591.Ved branden 1795 blev kirken ødelagt og lå hen som ruin; tårnet blev siden indrettet til brug for brandvæsenet, der ejede det 1808-1882. Fra 1820 anvendtes det til brandvagt og signalstation. Den nuværende kirkebygning er opført 1914-1917. Tårnet blev istandsat og fik nyt spir 1908-1910. Om helgenen Sankt Nicolai: se note til s. 87.Nicolai Taarn eller Hvad siger Parterretstå- og siddepladser på teatrets gulv; blev benyttet af bl.a. borgere og studenter og var billigere end logerne, hvor det fine publikum sad. Ofte gav tilskuerne i parterret deres bifald eller mishag stærkt til kende.Parterret	91	1	v10:91 (1829)	high	head-noun+place-type	
Møntergaden	Møntergaden	sidegade til Gothersgade. ¶ sidegade til Gothersgade i København.	1846	1846 1855	12 17	Hr. Rasmussen	172	2	v12:172 (1846); v17:132 (1855)	high	head-noun+located+place-type	
Mühlsdorf	Mühlsdorf	se kort.	1831	1831	14	Skyggebilleder af en Reise til Harzen, det sachsiske Schweitz etc. etc., i Sommeren 1831	152	1	v14:152 (1831)	high	in-register+se-kort	geo-2867920
Münchberg	Münchberg	se kort.	1842	1842	14	En Digters Bazar	238	1	v14:238 (1842)	high	in-register+se-kort	geo-2867726
Münsterdorph	Münsterdorph(s)	mindre by 2 km vest for Breitenburg.	1855	1855	17	Mit Livs Eventyr (inklusive Fortsættelse og Tillæg)	207	1	v17:207 (1855)	high	head-noun+located+place-type	
Nafpaktos-bugten	Lepanto-Bugten	Nafpaktos-bugten, nord for Pátra (se kort).	1842	1842	14	En Digters Bazar	423	1	v14:423 (1842)	high	se-kort+located+place-type	
Nankin	Nankin	den kinesiske by Nanking eller Nanjing.	1850	1850	13	Ole Lukøie	67	1	v13:67 (1850)	high	head-noun+place-type	
Navarino	Navarino	havneby på Peloponnes; navnet bruges ikke mere som geografisk betegnelse: nu Pylos (Pilos); se kort.	1842	1842	14	En Digters Bazar	374	1	v14:374 (1842)	high	se-kort+head-noun+located+place-type	
Naxos	Naxos(’s)	Naxos (Naksos); se kort.	1842	1842	14	En Digters Bazar	377	1	v14:377 (1842)	high	se-kort	
Nebobjerget	Bjerget	Nebobjerget, jf. 5. Mosebog 34,1-4.			12	AhasverusDen evige Jøde, Jerusalems Skomager, skikkelse fra et middelalderligt sagn, ofte behandlet i dansk litteratur på H.C. Andersens tid. If. sagnet slog Ahasverus Jesus, da denne var på vej til korsfæstelsen på Golgathabjerget; derfor må han vandre fredløs om i verden til evig tid uden at kunne dø. En dansk bearbejdelse, 1607, af en tysk folkebog om Ahasverus fra 1602 er gået tabt; en dansk udgave fra 1631 er bevaret. En almuevise om Ahasverus stammer formentlig fra 1700-tallets første del.Ahasverus	269	1	v12:269 ()	high	head-noun+place-type	
Negropont	Negropont	øen Euboia, hvis middelalderlige navn er Negropont (latin: den sorte bro); se kort.	1842	1842	14	En Digters Bazar	408	1	v14:408 (1842)	high	se-kort+head-noun+place-type	
Nepi	Nepi	lille by ved monte Soracte. ¶ lille by ca. 35 km nord for Rom; se kort. ¶ lille by ved bjerget monte Soracte, ca. 40 km nord for Rom.	1835	1835 1842 1855	4 14 17	Improvisatoren	308	3	v4:308 (1835); v14:290 (1842); v17:134 (1855)	high	in-register+head-noun+place-type+se-kort+located	geo-3172322
Neuer Jungfernstieg	Neuer Jungfernstieg	Neuer Jungfernstieg, (tysk) nye jomfrutrappe. Gade i Hamburg, der blev anlagt 1827. Beliggende på vestsiden af den kunstige sø Binnen-Alster.	1831	1831	14	Skyggebilleder af en Reise til Harzen, det sachsiske Schweitz etc. etc., i Sommeren 1831	74	1	v14:74 (1831)	medium	located+place-type	
Niagara Falls	Niagara	Niagara Falls, ca. 50 m høje vandfald i Nordamerika.	1863	1863	15	I Spanien	413	1	v15:413 (1863)	medium	located+place-type	
Nicolai	Nicolai	den daværende Nikolaj Kirke på Nikolaj Plads i København.	1830	1830	7	Digte	133	1	v7:133 (1830)	medium	located+place-type	
Nicolai Gottlieb Blædel	Blædel	Nicolai Gottlieb Blædel, fra 1859 sognepræst ved Garnisons Kirke i København. Talerne er trykt i »Ved Geheimeconferentsraad Jonas Collin’s Jordefærd den 2. September 1861«.	1869	1869	18	Mit Livs Eventyr (inklusive Fortsættelse og Tillæg)	242	1	v18:242 (1869)	medium	located+place-type	
Nicolai Kirke	Nicolai Kirke	Københavns vistnok ældste kirke, på Nikolaj Plads i indre by.	1864	1864	13	Paa Langebrovar tidligst anlagt et stykke nordligere end den nuværende Langebro; den lå i linje med byens vold i sydvest, i forlængelse af den nuværende Langebrogade på Christianshavn, og førte over Kalvebodsstrømmen til Christians Brygge.Langebro	343	1	v13:343 (1864)	medium	located+place-type	
Nicolai Taarn	Nicolai Taarn	Sankt Nicolai Kirke på Nicolai Plads er første gang nævnt 1261, men er formentlig betydelig ældre. Tårnet opførtes 1582-1591.Ved branden 1795 blev kirken ødelagt og lå hen som ruin; tårnet blev siden indrettet til brug for brandvæsenet, der ejede det 1808-1882. Fra 1820 anvendtes det til brandvagt og signalstation. Den nuværende kirkebygning er opført 1914-1917. Tårnet blev istandsat og fik nyt spir 1908-1910. Om helgenen Sankt Nicolai: se note til s. 87. ¶ tårnet på Nikolaj Kirke, en middelalderkirke, der kendes fra 1261. Kirken nedbrændte sammen med store dele af København i 1795, men tårnet overlevede. Efter branden besluttede Frederik 6., at sognet skulle nedlægges, hvilket skete i 1805. 1915-1917 blev kirken genopbygget med det gamle tårn som en naturlig del. Kirken har dog efter genopførelsen ikke været brugt som kirke, men til en række andre formål, fx hovedbibliotek.	1829	1829 1832	10 16	Kjærlighed paa Nicolai TaarnSankt Nicolai Kirke på Nicolai Plads er første gang nævnt 1261, men er formentlig betydelig ældre. Tårnet opførtes 1582-1591.Ved branden 1795 blev kirken ødelagt og lå hen som ruin; tårnet blev siden indrettet til brug for brandvæsenet, der ejede det 1808-1882. Fra 1820 anvendtes det til brandvagt og signalstation. Den nuværende kirkebygning er opført 1914-1917. Tårnet blev istandsat og fik nyt spir 1908-1910. Om helgenen Sankt Nicolai: se note til s. 87.Nicolai Taarn eller Hvad siger Parterretstå- og siddepladser på teatrets gulv; blev benyttet af bl.a. borgere og studenter og var billigere end logerne, hvor det fine publikum sad. Ofte gav tilskuerne i parterret deres bifald eller mishag stærkt til kende.Parterret	71	2	v10:71 (1829); v16:143 (1832)	high	located+place-type+head-noun	
Nicolaigade	Nicolaigade	oprindelig kun den del af Nikolaj Plads, der ligger øst for Nikolaj Kirke (op mod Vingårdsstræde), og som efter branden indtil 1845 anvendtes som kødtorv.	1855	1855	17	Mit Livs Eventyr (inklusive Fortsættelse og Tillæg)	76	1	v17:76 (1855)	medium	located+place-type	
Nicolaitaarn	Nicolaitaarn	tårnet på Nicolai Kirke {E4}. ¶ Sankt Nicolai Kirke på Nicolai Plads er formentlig Københavns ældste. Tårnet opførtes 1591. Ved branden 1795 blev kirken ødelagt og lå hen som ruin; tårnet blev siden indrettet til brug for brandvæsenet, der ejede det 1808-1882. Fra 1820 anvendtes det til brandvagt og signalstation. ¶ tårnet på Sankt Nikolaj Kirke overlevede branden i 1795, hvor kirken og spiret blev ødelagt; i 1814-1817 blev alt undtagen tårnet revet ned.	1844	1844 1846 1855	9 16 17	Berlingske politiske og Avertissements-Tidende	429	3	v9:429 (1844); v16:220 (1846); v17:76 (1855)	high	head-noun+located+place-type	
Nicopoli	Nicopoli	Nikopolis el. Nikopol; se kort.	1842	1842	14	En Digters Bazar	514	1	v14:514 (1842)	high	se-kort	
Ninive	Ninive(s)	hovedstaden i oldtidens Assyrien (Mesopotamien), dengang under udgravning af britiske arkæologer.	1860	1860	15	Berlingske politiske Avertissements-Tidende	176	1	v15:176 (1860)	high	head-noun+place-type	
Njupeskärs Vandfald	Njupeskärs Vandfald	Sveriges højeste vandfald på Fulufjällets nordlige skråning.	1851	1851	15	I Sverrig	117	1	v15:117 (1851)	medium	located+place-type	
Nonnebakke	Nonnebakke | Nonnebakken	bakke syd for Odense Å, tæt på Skt. Knuds Kirke, hvor der i middelalderen lå et nonnekloster. ¶ bakke syd for Odense Å, tæt ved Skt. Knuds Kirke; oprindelig lå her en ringborg eller trelleborg (Burgh), der i middelalderen tilhørte Skt. Knuds Kloster og deraf fik navnet Nundeborrig, dvs. nonneborg. ¶ Nonnebakke, bakke syd for Odense å, tæt ved Skt. Knuds Kirke; oprindelig lå her en ringborg eller trelleborg (Burgh), der i middelalderen tilhørte Skt. Knuds Kloster og deraf fik navnet Nundeborrig, dvs. nonneborg; jf. Levnedsbog s. 29.	1822	1822 1829 1836	4 9 14	Ungdoms-Forsøg	49	3	v9:49 (1822); v14:54 (1829); v4:596 (1836)	high	head-noun+located+place-type+in-register	
Nonnebakken	Nonnebakken	bakke syd for Odense Å. ¶ bakke syd for Odense å, tæt på Skt. Knuds Kirke, hvor der i middelalderen lå et nonnekloster; Nonnebakken var de endnu synlige rester af et borganlæg fra vikingetiden af Trelleborg-typen. ¶ bakke syd for Odense Å tæt ved Skt. Knuds Kirke. ¶ bakke syd for Odense Å, tæt ved Skt. Knuds Kirke; oprindelig lå her en ringborg eller trelleborg (Burgh), der i middelalderen tilhørte Skt. Knuds Kloster og deraf fik navnet Nundeborrig, dvs. nonneborg. ¶ bakke syd for Odense Å, tæt ved Sankt Knuds Kirke. Oprindelig lå her en ringborg eller trelleborg (Burgh), der i middelalderen tilhørte Sankt Knuds Kloster og deraf fik navnet Nundeborrig, dvs. nonneborg.	1822	1822 1832 1837 1858	2 5 8 9 16	Ungdoms-Forsøg	53	6	v9:53 (1822); v16:61 (1832); v16:104 (1832); v5:145 (1837); v2:240 (1858); v8:442 ()	high	in-register+head-noun+located+place-type	place-000005
Nordhavet	Nordhavet	Norskehavet.	1851	1851	15	I Sverrig	13	1	v15:13 (1851)	high	head-noun+place-type	
Notre-Dame	Notre-Dame	Paris’ hovedkirke, opført 1163-ca. 1345 på Île de la Cité.	1868	1868	3	Dryaden	205	1	v3:205 (1868)	medium	located+place-type	
Novaja Zemlja	Novaia Sembla	Novaja Zemlja, (russisk) det nye land; øgruppe i Det Nordlige Ishav (siden 1877 hørende under Rusland).	1829	1829	9	Fodreise fra Holmens Canal til Østpynten af Amager i Aarene 1828 og 1829	209	1	v9:209 (1829)	high	head-noun+located+place-type	
Novella	Novella	en by ved dette navn har ikke kunnet lokaliseres i området.	1855	1855	17	Mit Livs Eventyr (inklusive Fortsættelse og Tillæg)	154	1	v17:154 (1855)	high	head-noun+place-type	
Nubien	Nubien	region i den mellemste Nildal mellem Khartoum (i Sudan) og Aswan (i Egypten).	1842	1842	14	En Digters Bazar	417	1	v14:417 (1842)	high	head-noun+place-type	
Nyboder	Nyboder | Nyboder(s Madamer)	bydel i København, påbegyndt af Christian 4. som boliger for søværnets faste mandskab og karakteristisk ved sine gårdhaver med hyldetræer. ¶ bydel i København, påbegyndt af Christian 4. (1577-1649; konge fra 1596) som boliger for søværnets faste mandskab. ¶ bydel i København, påbegyndt 1631 under kong Christian 4. som boliger for flådens faste mandskab; på H.C. Andersens tid et fattigt kvarter.	1838	1838 1845 1855	1 9 17	Tre Digtninger	317	3	v9:317 (1838); v1:333 (1845); v17:48 (1855)	high	head-noun+located+place-type	
Nysø	Nysø | Nysøe	hovedgård og gods fra 1670 ved Præstø. På H.C. Andersens tid ejet af baron Henrik Stampe (1794-1876). ¶ hovedgård og gods fra 1670 ved Præstø, som på H.C. Andersens tid var ejet af baron Hendrik Stampe; billedhuggeren Thorvaldsen boede efter sin hjemkomst fra Italien 1838 indtil sin død 1844 ofte på Nysø, hvor han fik indrettet et atelier. ¶ Nysø; hovedgård og gods fra 1670 ved Præstø, som på H.C. Andersens tid var ejet af baron Hendrik Stampe; billedhuggeren Thorvaldsen boede efter sin hjemkomst fra Italien 1838 indtil sin død 1844 ofte på Nysø, hvor han fik indrettet et atelier. ¶ hovedgård og gods fra 1670 ved Præstø, som på H.C. Andersens tid var ejet af baron Hendrik Stampe. ¶ hovedgård og gods fra 1670 ved Præstø; på denne tid ejet af baron Hendrik Stampe (1794-1876) og baronesse Christine Stampe; efter sin hjemkomst fra Rom i 1838 var Thorvaldsen en hyppig gæst på Nysø, hvor også H.C. Andersen ofte kom. ¶ hovedgård og gods fra 1670 ved Præstø; på H.C. Andersens tid ejet af baron Hendrik Stampe (1794-1876) og hans hustru Christine Stampe, født Dalgas (1797-1868); i sine sidste leveår boede Bertel Thorvaldsen ofte på Nysø, hvor man lod bygge et atelier til Thorvaldsen, som indviedes 24. juli 1839. ¶ Nysø, hovedgård og gods fra 1670 ved Præstø, ejet af baron Hendrik Stampe og baronesse Christine Stampe.	1839	1839 1844 1855 1863	3 7 8 9 17	Inpromtu til Thorvaldsen, da han paa Nysø havde fuldendt i Leer Holbergs Buste	562	8	v7:562 (1839); v9:414 (1844); v9:431 (1844); v17:206 (1855); v17:233 (1855); v3:373 (1863); v8:28 (); v8:32 ()	high	in-register+head-noun+located+place-type	geo-2615912
Nysøe	Nysøe	hovedgård 1 km sydvest for Præstø, hvor Thorvaldsen havde et lille atelier.	1846	1846	16	Mit eget Eventyr uden Digtning	263	1	v16:263 (1846)	high	head-noun+located+place-type+split-ellipsis	
Næsbyhoved	Næsbyhoved	Næsbyhoved vandmølle nedlagt 1863; søen er siden (1863) tørlagt.	1829	1829	14	Brudstykke af en Udflugt i Sommeren 1829	61	1	v14:61 (1829)	high	head-noun+place-type+split-ellipsis	
Nöddebo	Nöddebo	i Grib Skov i Nordsjælland.			8	(untitled)	121	1	v8:121 ()	medium	located+place-type	
Nørresnede	Nørresnede	byen Nørre Snede i Østjylland, hvor danske dragoner natten mellem 8. og 9. juni 1849 fangede et kommando kurhessiske husarer (64 mand); af Erik Pontoppidans Den Danske Atlas, bind IV, 1768, s. 476, fremgår det, at den hos Saxo omtalte sagnkonge Snio og hans dronning er begravet ved Nørre Snede.	1857	1857	6	»At være eller ikke være«	198	1	v6:198 (1857)	high	head-noun+place-type	
Nürnberg	Nürnberg	se kort. ¶ H.C. Andersen opholdt sig her 13.-15. november 1840. ¶ H.C. Andersen tog 15. juli fra Einsiedeln til Zürich og nåede via bl.a. Müchen og Augsburg til Nürnberg den 23. juli.	1842	1842 1869	14 18	En Digters Bazar	237	3	v14:237 (1842); v14:238 (1842); v18:241 (1869)	high	in-register+se-kort	geo-2861650
O-Palanka	O-Palanka	østrig-ungarsk grænsepost lidt nordvest for Bazias; se kort.	1842	1842	14	En Digters Bazar	542	1	v14:542 (1842)	high	se-kort	
Obelisk	Obelisk	ægyptisk obelisk, ført til byen fra Luxor o. 390 e.Kr. af Theodosius den store, nu anbragt på pladsen foran Amedmoskeen (også kaldet Den Blå Moske).	1842	1842	14	En Digters Bazar	464	1	v14:464 (1842)	medium	located+place-type	
Oberammergau	Oberammergau	landsby i Voralpen i Bayern sydvest for München (se kort), hvor der siden 1634 med enkelte undtagelser hvert tiende år har været opført spil over Jesu lidelseshistorie fra maj til september. Hver af de ca. 100 opførelser varer fra morgen til aften og varetages af lokale amatører. ¶ by i Voralpen i Bayern sydvest for München, hvor der siden 1634 med enkelte undtagelser hvert tiende år har været opført spil over Jesu lidelseshistorie fra maj til september. Hver af de ca. 100 opførelser varer fra morgen til aften og varetages af lokale amatører. ¶ landsby i Voralpen i Bayern sydvest for München, hvor der siden 1634 med enkelte undtagelser hvert tiende år har været opført spil over Jesu lidelseshistorie fra maj til september. Hver af de ca. 100 opførelser varer fra morgen til aften og varetages af lokale amatører; udflugten til Oberammergau varede 30. juni-3. juli.	1860	1860 1861 1869	15 18	Illustreret Tidende	200	3	v15:200 (1860); v15:209 (1861); v18:228 (1869)	high	se-kort+head-noun+located+place-type	
Odense Domkirke	Sanct Knuds Taarn	Odense Domkirke, Skt. Knuds Kirke, er opført i anden halvdel af 1200-tallet; kirketårnet stammer fra 1500-tallet.	1822	1822	9	Ungdoms-Forsøg	54	1	v9:54 (1822)	high	head-noun+place-type	
Odense Slot	Slottet	Odense Slot, opført 1720-1725 på stedet, hvor johanitterklostret lå.	1829	1829	14	Brudstykke af en Udflugt i Sommeren 1829	59	1	v14:59 (1829)	high	head-noun+place-type	
Odense-Munkemølle	Odense-Munkemølle	vandmøllen Munkemølle ved Odense Å, tæt på Munkemøllestræde; jf. nedenfor.			8	(untitled)	448	1	v8:448 ()	medium	located+place-type	
Oehlenschläger	Oehlenschläger	fra Oehlenschlägers digt »Til Havet« i kapitel 29 af Øen i Sydhavet, 1824.	1831	1831	7	Phantasier og Skizzer	252	1	v7:252 (1831)	medium	located+place-type+split-ellipsis	
Oker	Ocker(-Floden)	Oker; 105 km lang biflod til Aller.	1831	1831	14	Skyggebilleder af en Reise til Harzen, det sachsiske Schweitz etc. etc., i Sommeren 1831	93	1	v14:93 (1831)	medium	located+place-type	geo-2857520
Olazagoitia	Olazagoitia	Olazagutía el. Olazti, se kort.	1863	1863	15	I Spanien	408	1	v15:408 (1863)	high	se-kort	
Old Bromton	Old Bromton	bydel i Westend, syd for Hyde Park.	1869	1869	18	Mit Livs Eventyr (inklusive Fortsættelse og Tillæg)	33	1	v18:33 (1869)	high	head-noun+located+place-type	
Oldeslohe	Oldeslohe	holstensk by nordøst for Hamborg.	1837	1837	5	Kun en Spillemand	73	1	v5:73 (1837)	medium	located+place-type	
Olevano	Olevano	by 45 km øst for Rom; har pga. sine maleriske omgivelser været et yndet opholdssted for kunstnere.	1869	1869	13	I Vetturin(ens)(italiensk) hyrekusk.Vetturinens Vogn	555	1	v13:555 (1869)	high	head-noun+located+place-type	
Olmütz	Olmütz	østtjekkisk by nordøst for Brno, hvor H.C. Andersen kort opholdt sig 6. marts 1846.	1855	1855	17	Mit Livs Eventyr (inklusive Fortsættelse og Tillæg)	322	1	v17:322 (1855)	medium	located+place-type	
Olten	Olten	se kort.	1858	1858	15	Fortællinger og Vers for Større og Mindre	153	1	v15:153 (1858)	high	se-kort	
Olymp	Olymp	bjerg i Lilleasien, ikke det nordgræske Olymp(os).	1842	1842	14	En Digters Bazar	477	1	v14:477 (1842)	high	head-noun+located+place-type	
Olympen	Olympen(s)	(Olimbos) Olympos, Grækenlands højeste bjerg, i antikkens mytologi regnet for gudernes tilholdssted; se kort.	1842	1842	14	En Digters Bazar	423	1	v14:423 (1842)	high	se-kort+place-type	
Oplagssted	Oplagssted	plads, pakhus o.l. til opbevaring af varer.	1854	1854	15	Folkekalender for Danmark	140	1	v15:140 (1854)	high	head-noun+place-type	
Oporto	Oporto	se kort.	1868	1868	15	Et Besøg i Portugal 1866	440	1	v15:440 (1868)	high	se-kort	
Oran	Oran	havneby i Nordvest-Algeriet.	1863	1863	15	I Spanien	341	1	v15:341 (1863)	high	head-noun+located+place-type	
Orehovo	Oreava	Orehovo; se kort.	1842	1842	14	En Digters Bazar	516	1	v14:516 (1842)	high	se-kort	
Orihuela	Orihuela	se kort.	1863	1863	15	I Spanien	258	1	v15:258 (1863)	high	se-kort	
Ornäs	Ørnæs	Ornäs; navn på såvel en gård som byen ved den sydvestlige bred af Runn; se kort 2.	1851	1851	15	I Sverrig	92	1	v15:92 (1851)	high	se-kort+place-type	
Orsova	Orsova | (Gammel-)Orsova	Or¸sova; se kort. ¶ Ors¸ova; rumænsk by på Donaus venstre bred (Ny Orsova lå på Donaus højre, serbiske bred).	1842	1842 1855	14 17	En Digters Bazar	509	2	v14:509 (1842); v17:221 (1855)	high	se-kort+located+place-type	
Oseborg	Slot	Oseborg, sydvest for det nuværende Nørre Vosborg, som formodes at være opført af Niels Bugge og ødelagt i 1532 under en stormflod: jf. Thiele I, 281 ff.	1860	1860	2	En Historie fra Klitterne	312	1	v2:312 (1860)	high	head-noun+place-type	
Otricoli	Atricoli	Otricoli, by ca. 12 km syd for Narni; se kort.	1842	1842	14	En Digters Bazar	291	1	v14:291 (1842)	high	se-kort	geo-3171783
Ottensen	Ottensen	den gang lille by ved Altona, nu del af byen.	1831	1831	14	Skyggebilleder af en Reise til Harzen, det sachsiske Schweitz etc. etc., i Sommeren 1831	78	1	v14:78 (1831)	high	in-register+located+place-type	geo-2856075
Ottesund	Ottesund	Oddesund.	1865	1865	3	Bispen paa Børglum og hans Frænde	82	1	v3:82 (1865)	high	head-noun+place-type	
Padua	Padua	by på Posletten.	1835	1835	4	Improvisatoren	335	1	v4:335 (1835)	high	head-noun+located+place-type	
Paestum	Paestum	oldtidsby ved kysten, 55 km sydøst for Napoli.	1835	1835	4	Improvisatoren	253	1	v4:253 (1835)	high	head-noun+located+place-type	
Paks	Paks	se kort.	1842	1842	14	En Digters Bazar	550	1	v14:550 (1842)	high	se-kort+split-ellipsis	geo-3046768
Palais Royal	Palais Royal(s)	ved dette palads i Paris, bygget 1629-1634 af kardinal Richelieu, opførtes 1781-1786 en bygning med buegange og talrige butikker, teater og caféer.	1842	1842	14	En Digters Bazar	460	1	v14:460 (1842)	medium	located+place-type	
Palais-Royal	Palais-Royal	Palais-Royal; tidligere kongeslot, opført fra 1632, hvori 1641 indviedes et teater, som blev et af tidens mest berømte.	1855	1855	17	Mit Livs Eventyr (inklusive Fortsættelse og Tillæg)	111	1	v17:111 (1855)	high	head-noun+place-type	
Palazzo del Doria	Palazzo del Doria	palads i den sydlige ende af corsoen, Roms hovedstrøg.	1835	1835	4	Improvisatoren	138	1	v4:138 (1835)	high	head-noun+place-type	
Palmaille	Palmaille	Palmaille, gade i Altona.	1831	1831	14	Skyggebilleder af en Reise til Harzen, det sachsiske Schweitz etc. etc., i Sommeren 1831	77	1	v14:77 (1831)	medium	located+place-type	
Palmyra	Palmyra	antik oaseby i Syrien 100 km øst byen Homs.	1855	1855	17	Mit Livs Eventyr (inklusive Fortsættelse og Tillæg)	200	1	v17:200 (1855)	medium	located+place-type	
Pamplona	Pamplona	se kort.	1863	1863	15	I Spanien	228	1	v15:228 (1863)	high	se-kort	
Pancsova	Panscova	Pancsova, Pancˇevo; se kort.	1842	1842	14	En Digters Bazar	544	1	v14:544 (1842)	high	se-kort	
Pantheon	Pantheon	antikt rundtempel i Rom, senere indrettet til kirke; kirke i Paris, oprindeligt Sainte-Geneviève, bygget 1757-1789, som efter den franske revolution blev omdannet til begravelsessted for betydningsfulde franske personligheder. ¶ Panthéon des Français i Paris, bygget 1757-1789, oprindeligt Sainte-Geneviève, kirke for byens skytshelgeninde Genoveva, fra 1791 begravelsessted for betydningsfulde franske personligheder. ¶ (af græsk pantheion) viet til alle guderne; antikt tempel på Marsmarken i Rom viet til alle guder og oprindelig tænkt som helligdom for kejser Augustus egl. Gajus Julius Caesar Octavian (63 f.Kr.14). Det nuværende kompleks er rejst i 120’erne, men grundlæggelsen fandt allerede sted i 27 f.Kr. I 609 indviet til kirke for Jomfru Maria og martyrer. Her brugt i betydningen helligdom. ¶ (af græsk pantheion) viet til alle guderne; antikt tempel på Marsmarken i Rom viet til alle guder og oprindelig tænkt som helligdom for kejser Augustus – egl. Gajus Julius Caesar Octavian – (63 f.Kr.-14). Det nuværende kompleks er rejst i 120’erne, men grundlæggelsen fandt allerede sted i 27 f.Kr. I 609 indviet til kirke for Jomfru Maria og martyrer. ¶ antikt rundtempel på Marskmarken i Rom, senere indrettet til kirke.	1831	1831 1836 1837 1855 1870	4 5 14 15 17	Skyggebilleder af en Reise til Harzen, det sachsiske Schweitz etc. etc., i Sommeren 1831	118	5	v14:118 (1831); v4:530 (1836); v5:204 (1837); v17:135 (1855); v15:491 (1870)	high	in-register+located+place-type	geo-6619450
Paris	Paris	H.C. Andersen opholdt sig her 10. maj-15. august. ¶ H.C. Andersen rejste over Folkestone og Amiens og kom 17. juli til Paris, som han forlod den 20. Via Strassburg, Mannheim, Frankfurt og Leipzig ankom han den 26. til Dresden. 27. juli rejste han med familien Serre til pianisten og komponisten Adolf Henselts gods Gersdorf i Schlesien, hvor major Serres Fødselsdag (den 28.) blev fejret. 30.-31. juli fulgtes han med Serres til Maxen, hvor han blev til 30. august. ¶ 21. januar-20. marts.	1846	1846 1869	16 18	Mit eget Eventyr uden Digtning	231	3	v16:231 (1846); v18:196 (1869); v18:267 (1869)	high	in-register	geo-2988507
Parnas	Parnas	(Parnassos) bjergmassiv 110 km nordvest for Athen; se kort. På massivets sydskråning lå oraklet i Delfi; bjerget var helliget Apollon og de ni muser. Ordet bruges også i overført betydning om en udvalgt kreds af kunstnere.	1842	1842	14	En Digters Bazar	395	1	v14:395 (1842)	high	se-kort+located	
Parnes Bjergene	Parnes Bjergene	(Parnitha); se kort.	1842	1842	14	En Digters Bazar	382	1	v14:382 (1842)	high	se-kort	
Paros’s Marmorgrube	Paros’s Marmorgrube	nordsiden af øen Paros, hvor der har været brudt marmor siden oldtiden; se kort.	1842	1842	14	En Digters Bazar	391	1	v14:391 (1842)	high	se-kort+place-type	
Parthenon	Parthenon(s)	parthenonfrisen fra Parthenontemplet på Athens akropolis, opført 477-438. I 1801-1802 fik den engelske Lord Elgin osmannernes tilladelse til at fjerne en del af skulpturerne fra Parthenons ruiner og hjemførte dem til England. Siden 1816 i den engelske stats eje.	1860	1860	15	Berlingske politiske Avertissements-Tidende	176	1	v15:176 (1860)	high	in-register	geo-8354432
Pastor Bastholms Bibliothek	Pastor Bastholms Bibliothek	sognepræst ved St. Peders kirke, Hans Bastholm, var en stor bogsamler; han solgte sit bibliotek med over 5.000 bind til Sorø Akademi i 1847. ¶ sognepræsten ved St. Peders kirke, Hans Bastholm, var en stor bogsamler; han solgte sit bibliotek med over 5.000 bind til Sorø Akademi i 1847.	1846	1846 1855	16 17	Mit eget Eventyr uden Digtning	211	2	v16:211 (1846); v17:61 (1855)	medium	located+place-type	
Patras	Patras	græsk havneby på Peloponnes; se kort. ¶ (Patra); se kort.	1842	1842	14	En Digters Bazar	351	2	v14:351 (1842); v14:393 (1842)	high	se-kort+located+place-type	
Pebling-Søen	Pebling-Søen	sø i København, der blev dannet i middelalderen for at sikre vandstanden i voldgravene.	1831	1831	14	Skyggebilleder af en Reise til Harzen, det sachsiske Schweitz etc. etc., i Sommeren 1831	94	1	v14:94 (1831)	high	head-noun+located+place-type	
Peblingesøen	Peblingesøen	sø i København, der blev dannet i middelalderen for at sikre vandstanden i voldgravene.	1832	1832	16	Levnedsbog	93	1	v16:93 (1832)	high	head-noun+located+place-type	
Pederwardein	Pederwardein	Petrovaradin på modsat bred i forhold til Novi Sad; se kort.	1842	1842	14	En Digters Bazar	548	1	v14:548 (1842)	high	se-kort	
Pedri	Pedri	Petri Kirke i Skt. Peders Stræde, vistnok tidligst nævnt 1304. Mange om- og tilbygninger; Petri Kirke blev hovedistandsat efter bombardementet 1807, efter hvilket det nuværende barokspir (fra 1756-1757) var bevaret.	1829	1829	10	Kjærlighed paa Nicolai TaarnSankt Nicolai Kirke på Nicolai Plads er første gang nævnt 1261, men er formentlig betydelig ældre. Tårnet opførtes 1582-1591.Ved branden 1795 blev kirken ødelagt og lå hen som ruin; tårnet blev siden indrettet til brug for brandvæsenet, der ejede det 1808-1882. Fra 1820 anvendtes det til brandvagt og signalstation. Den nuværende kirkebygning er opført 1914-1917. Tårnet blev istandsat og fik nyt spir 1908-1910. Om helgenen Sankt Nicolai: se note til s. 87.Nicolai Taarn eller Hvad siger Parterretstå- og siddepladser på teatrets gulv; blev benyttet af bl.a. borgere og studenter og var billigere end logerne, hvor det fine publikum sad. Ofte gav tilskuerne i parterret deres bifald eller mishag stærkt til kende.Parterret	72	1	v10:72 (1829)	medium	located+place-type	
Peesin	Peesin	Pessin. Se kort.	1831	1831	14	Skyggebilleder af en Reise til Harzen, det sachsiske Schweitz etc. etc., i Sommeren 1831	180	1	v14:180 (1831)	high	se-kort	
Pelasger	Pelasger	folkestamme fra Thessalien (se kort).	1842	1842	14	En Digters Bazar	376	1	v14:376 (1842)	high	se-kort	
Pentelikon	Pentelikon	(Pendeli) bjerg nordøst for Athen; se kort.	1842	1842	14	En Digters Bazar	382	1	v14:382 (1842)	high	se-kort+head-noun+located+place-type	
Pera	Pera	bydel i Istanbul.	1842	1842 1851	14 15	En Digters Bazar	442	3	v14:442 (1842); v14:512 (1842); v15:61 (1851)	high	head-noun+located+place-type	
Perpignan	Perpignan	fransk by nær grænsen til Spanien.	1863	1863	15	I Spanien	220	1	v15:220 (1863)	medium	located+place-type	
Pest	Pest	Pest på den venstre Donaubred blev først slået sammen med Buda på den højre i 1873, hvorved Budapest blev dannet; se kort.	1842	1842	14	En Digters Bazar	509	1	v14:509 (1842)	high	in-register+se-kort	geo-3046446
Pesten	Pesten	København blev i 1711 ramt af en pest, som skal have kostet o. 23.000 menneskeliv.	1865	1865	13	Da Spanierne var her	491	1	v13:491 (1865)	high	head-noun+place-type	
Peterskirken	St. Peter(s)	Peterskirken, San Giovanni in Laterano, San Paolo fuori le Mura, Santa Maria Maggiore, Santa Croce in Gerusalemme, San Lorenzo fuori le Mura og San Sebastiano. ¶ Peterskirken, bygget over apostlen Peters formodede grav. Den nuværende kirke blev påbegyndt i 1500-tallet og erstattede en tidligere kirkebygning fra 300-tallet.	1835	1835 1842	4 14	Improvisatoren	167	2	v4:167 (1835); v14:295 (1842)	high	head-noun+place-type	
Petit Trianon	Petit Trianon	Petit Trianon, lystslot i Versailles’ slotspark, opført 1762-1768; blev et yndet opholdssted for dronning Marie-Antoinette, som fra 1774 etablerede en engelsk-inspireret landskabshave med tilhørende malerisk miniatureby.	1855	1855	17	Mit Livs Eventyr (inklusive Fortsættelse og Tillæg)	113	1	v17:113 (1855)	medium	located+place-type	
Petri	Petri	Skt. Petri Kirke i Sankt Peders Stræde i København.			7	Hjertesuk af en udtjent Damekjole	53	1	v7:53 ()	medium	located+place-type	
Petri-Taarn	Petri-Taarn	tårnet på Skt. Petri Kirke {B3} i St. Peder-Stræde. Tårnvægterne holdt i byernes kirketårne udkig efter ildebrande, skibes ankomst etc. samt udråbte klokkeslættene for natvægterne, der patruljerede i byens gader.	1829	1829	9	Kjøbenhavns-Posten	473	1	v9:473 (1829)	high	head-noun+located+place-type	
Pfaffenstein	Pfaffenstein	bjerg på 427 m.	1831	1831	14	Skyggebilleder af en Reise til Harzen, det sachsiske Schweitz etc. etc., i Sommeren 1831	155	1	v14:155 (1831)	high	head-noun+place-type	
Piazza del Popolo	Piazza del Popolo	(italiensk) folkets plads; stor plads i det centrale Rom.	1835	1835	4	Improvisatoren	86	1	v4:86 (1835)	high	in-register+place-type	geo-6954102
Pietramala	Pietra Mala	Pietramala, by mellem Bologna og Firenze; se kort.	1842	1842	14	En Digters Bazar	269	1	v14:269 (1842)	high	se-kort+located+place-type	
Pinieskov	Pinieskov	skoven strakte sig tidligere fra Puerto Real til Puerto de Santa María, se kort.	1863	1863	15	I Spanien	354	1	v15:354 (1863)	high	se-kort+head-noun+located+place-type	
Pirna	Pirna	se kort.	1831	1831	14	Skyggebilleder af en Reise til Harzen, det sachsiske Schweitz etc. etc., i Sommeren 1831	156	2	v14:156 (1831); v14:165 (1831)	high	in-register+se-kort	geo-2853572
Piræus	Piræus	Athens forstad og havneby; se kort. ¶ (Pireas) Athens havneby; se kort.	1842	1842	14	En Digters Bazar	351	2	v14:351 (1842); v14:378 (1842)	high	se-kort	
Pisa	Pisa	by i Toscana vest for Firenze; se kort. ¶ se kort. ¶ 30. maj.	1835	1835 1869 1870	14 15 18	Søndagsblad. Et æsthetisk Ugeskrift	202	3	v14:202 (1835); v18:239 (1869); v15:490 (1870)	high	in-register+se-kort+head-noun+located+place-type	geo-3170647
Pissevache	Pissevache	berømt vandfald ved Trient-floden i den schweiziske kanton Wallis.	1836	1836	4	O. T.	622	1	v4:622 (1836)	medium	located+place-type	
Pladsen	Pladsen	den spanske plads (Piazza di Spagna).	1837	1837	5	Kun en Spillemand	260	1	v5:260 (1837)	high	head-noun+place-type	
Plaine	Plaine(r)	slette.	1840	1840	9	Billedbog uden Billederjf. den tyske komponist Felix Mendelssohn-Bartholdys (1809-1847) klaverstykker <i>Lieder ohne Worte</i>, 1829-1845 (sange uden ord).Billedbog uden Billeder	379	1	v9:379 (1840)	high	head-noun+place-type	
Plavisevita	Plavisovicza	Plavisevita, landsby ca. 20 km fra Orsova.	1842	1842	14	En Digters Bazar	536	1	v14:536 (1842)	medium	located+place-type	
Plaza de Oriente	Plaza de Oriente	plads på østsiden af slottet, anlagt mellem 1816 og 1850.	1863	1863	15	I Spanien	384	1	v15:384 (1863)	high	head-noun+place-type	
Plaza Nueva	Plaza Nueva	Den Nye Plads.	1863	1863	15	I Spanien	302	1	v15:302 (1863)	high	head-noun+place-type	
Poitiers	Poitiers	by i Vestfrankrig.	1864	1864	13	Han er ikke fødtadelig af fødsel.født	440	1	v13:440 (1864)	high	head-noun+located+place-type	
Pompeii	Pompeii	antik, romersk by, der blev ødelagt under vulkanen Vesuvs udbrud 79 e.Kr.; se kort. Udgravningerne i midten af 1700-tallet gav inspiration til den nyklassicistiske pompejanske stil.	1842	1842	14	En Digters Bazar	245	1	v14:245 (1842)	high	in-register+se-kort+place-type	geo-3170336
Pompeij	Pompeij	romersk by i Napolibugten ødelagt ved vulkanen Vesuvs udbrud 79 e.Kr.	1869	1869	18	Mit Livs Eventyr (inklusive Fortsættelse og Tillæg)	314	1	v18:314 (1869)	medium	located+place-type	
Pompeji	Pompeji | Pompeji(s)	antik havneby ved Napolibugten, som blev begravet af aske og pimpsten under Vesuvs udbrud i 79 e.Kr. De første spredte udgravninger af byen påbegyndtes i 1748, men en systematisk udgravning tog først fart i 1861 under ledelse af den italienske arkæolog Giuseppe Fiorelli (1823-1896). ¶ antik romersk by, begravet ved Vesuvs udbrud i 79 e.Kr. ¶ den romerske by syd for Napoli, der blev ødelagt og begravet i aske ved Vesuvs udbrud 79. e.Kr. ¶ antik havneby ved Napolibugten, som blev begravet af aske og pimpsten under Vesuvs udbrud i 79 e.Kr.; de første spredte udgravninger af byen påbegyndtes i 1748, men en systematisk udgravning tog først fart i 1861. ¶ oldtidsby ved Napolibugten, som blev begravet af aske og pimpsten under Vesuvs udbrud i 79 e.Kr.; de første spredte udgravninger af byen påbegyndtes i 1748, men en systematisk udgravning tog først fart i 1861. ¶ antik romersk by, begravet ved Vesuvs udbrud 79 e.Kr., genfundet 1748 og siden udgravet.	1840	1840 1846 1855 1860 1868 1869	9 15 16 17 18	Billedbog uden Billederjf. den tyske komponist Felix Mendelssohn-Bartholdys (1809-1847) klaverstykker <i>Lieder ohne Worte</i>, 1829-1845 (sange uden ord).Billedbog uden Billeder	375	7	v9:375 (1840); v16:213 (1846); v17:66 (1855); v17:153 (1855); v15:187 (1860); v15:456 (1868); v18:218 (1869)	high	located+place-type+head-noun	
Porphyr-Værket	Porphyr-Værket	Elfdals Porfyrverk i Älvdalen (se kort 2), grundlagt 1788.	1851	1851	15	I Sverrig	97	1	v15:97 (1851)	high	se-kort+place-type	
Porta Westfalica	Porta Westfalica	Porta Westfalica, lille by lidt vest for Hannover.	1869	1869	18	Mit Livs Eventyr (inklusive Fortsættelse og Tillæg)	296	1	v18:296 (1869)	medium	located+place-type	
Portici	Portici	italiensk by ved foden af Vesuv, sydøst for Napoli. ¶ La muette de Portici, opera, 1828, af D.F.E. Auber; tekst af E. Scribe og G. Delavigne; dansk Den Stumme i Portici, oversat af J.L. Heiberg; opført på Det Kongelige Teater 1830. ¶ Portici og Sorrento på kysten syd for Napoli; se kort. ¶ østlig forstad til Napoli.	1835	1835 1836 1842 1855	7 11 14 17	Søndagsblad. Et æsthetisk Ugeskrift	195	5	v14:195 (1835); v7:496 (1836); v11:208 (1836); v14:347 (1842); v17:152 (1855)	high	in-register+place-type+se-kort+located+split-ellipsis	geo-3170116
Portile de Fier	Jern Port	Portile de Fier, Donaus gen-‚ nembrudsdal mellem De Transsylvanske Alper og De Østserbiske Bjerge; den er 117 km lang og 120 m på det smalleste sted.	1842	1842	14	En Digters Bazar	522	1	v14:522 (1842)	medium	located+place-type	
Prado	Prado(ens)	promenade, som da lå i udkanten af byen mod en række offentlige haver.	1863	1863	15	I Spanien	379	1	v15:379 (1863)	high	head-noun+place-type	
Pressburg	Presburg	Pressburg; tysk navn for nuværende Bratislava; se kort.	1842	1842	14	En Digters Bazar	560	1	v14:560 (1842)	high	se-kort	
Preussen	Preussen	tidligere hertugdømme og kongerige i det nuværende Tyskland, Polen, Litauen og Hviderusland.	1831	1831	14	Skyggebilleder af en Reise til Harzen, det sachsiske Schweitz etc. etc., i Sommeren 1831	90	1	v14:90 (1831)	high	head-noun+place-type	
Priwall	Priwall	ca. 3 km lang halvø ved Traves udmunding.	1831	1831	14	Skyggebilleder af en Reise til Harzen, det sachsiske Schweitz etc. etc., i Sommeren 1831	69	1	v14:69 (1831)	high	in-register+located+place-type	geo-2851960
Præstö Strand	Præstö Strand	Henrik Stampe voksede op på Nysø gods ved Præstø på Sydsjælland.			8	(untitled)	146	1	v8:146 ()	medium	located+place-type	
Psephenon	Psephenon	tårnet Psefinos i det nordvestlige Jerusalem, bygget af Herodes d. Store.			12	AhasverusDen evige Jøde, Jerusalems Skomager, skikkelse fra et middelalderligt sagn, ofte behandlet i dansk litteratur på H.C. Andersens tid. If. sagnet slog Ahasverus Jesus, da denne var på vej til korsfæstelsen på Golgathabjerget; derfor må han vandre fredløs om i verden til evig tid uden at kunne dø. En dansk bearbejdelse, 1607, af en tysk folkebog om Ahasverus fra 1602 er gået tabt; en dansk udgave fra 1631 er bevaret. En almuevise om Ahasverus stammer formentlig fra 1700-tallets første del.Ahasverus	271	1	v12:271 ()	high	head-noun+place-type	
Pyrenæer	Pyrenæer	bjergkæde langs grænsen mellem Frankrig og Spanien.	1863	1863	15	I Spanien	220	1	v15:220 (1863)	high	head-noun+located+place-type	
Pæstum	Pæstum	oldtidsby ca. 60 km syd for Napoli, grundlagt omkring 600 f.Kr. af græske kolonister.	1855	1855	17	Mit Livs Eventyr (inklusive Fortsættelse og Tillæg)	153	1	v17:153 (1855)	high	head-noun+located+place-type	
Pöseldorf	Pöseldorf	den gang lille by ved Hamborg, nu forstad.	1831	1831	14	Skyggebilleder af en Reise til Harzen, det sachsiske Schweitz etc. etc., i Sommeren 1831	77	1	v14:77 (1831)	medium	located+place-type	
Quai	Quai | Quai(en)	(fransk) kaj.	1842	1842	14	En Digters Bazar	233	2	v14:233 (1842); v14:512 (1842)	high	head-noun+place-type	
Quedlinburg	Qvedlingburg	Quedlinburg; se kort.	1831	1831	14	Skyggebilleder af en Reise til Harzen, det sachsiske Schweitz etc. etc., i Sommeren 1831	101	1	v14:101 (1831)	high	se-kort	
Quito	Quito	hovedstad i Ecuador; også navn for et indiansk folk, der under den spanske erobrings tid hørte under Inkariget, i hvis nordlige del inkaernes daværende hovedstad Quitu lå. Handlingen i Cora er dog henlagt til Peru.	1841	1841	11	Vandring gjennem Opera-Galleriet	517	1	v11:517 (1841)	high	head-noun+located+place-type	
Qvirinalet	Qvirinalet	palads syd for Piazza Barberini; den pavelige residens på romanens affattelsestidspunkt.	1835	1835	4	Improvisatoren	65	1	v4:65 (1835)	high	head-noun+located+place-type	
Radujevac	Radejevacz | Radeciwecz	Radujevac; se kort.	1842	1842	14	En Digters Bazar	516	2	v14:516 (1842); v14:521 (1842)	high	se-kort	geo-786557
Rammelsberg	Rammelsberg | Rammelsbjerg	bjerg med sølvmine. ¶ Rammelsberg, bjerg syd for Goslar, som H.C. Andersen så 25. maj 1831.	1851	1851 1869	15 18	I Sverrig	124	2	v15:124 (1851); v18:93 (1869)	high	head-noun+place-type+located	
Rantzau-Breitenburg	Rantzau-Breitenburg	gehejmestatsminister A.C.P. Rantzaus borg syd for Itzehoe i Slesvig-Holsten, hvor H.C. Andersens var på besøg i både 1840, 1843 og 1844.	1855	1855	17	Mit Livs Eventyr (inklusive Fortsættelse og Tillæg)	207	1	v17:207 (1855)	medium	located+place-type+split-ellipsis	
Ravenna	Ravenna	se kort.	1842	1842	14	En Digters Bazar	274	1	v14:274 (1842)	high	se-kort	
Ravenswood	Ravenswood	borg i den engelske forfatter Walter Scotts roman The Bride of Lammermoor, 1819 (dansk Bruden fra Lammermoor, 1823, dramatiseret af H.C. Andersen i det romantiske syngestykke Bruden fra Lammermoor, 1832 (BFN 183)); borgen er hjemsted for hovedpersonen Edgars slægt; der er tale om en faktisk lokalitet uden for Edingburgh, ruinerne af Fast Castle, bygget i 1300-tallet, højt beliggende på klipperne ved Nordsøen.			8	Af Samlede Skrifter	492	1	v8:492 ()	high	head-noun+place-type	
Reformationsfesten	Reformationsfesten	kirke- eller universitetsfest til minde om reformationen 1536; afholdes den 31. oktober.	1836	1836	4	O. T.	473	1	v4:473 (1836)	high	head-noun+place-type	
Reggio	Reggio	se kort.	1842	1842	14	En Digters Bazar	357	1	v14:357 (1842)	high	se-kort	
Residentsen	Residentsen	hovedstaden, hvor kongen residerer.	1838	1838	9	Tre Digtninger	330	1	v9:330 (1838)	high	head-noun+place-type	
Reuss	Reuss	floden Reuss løber gennem Luzern; se kort.	1861	1861	15	Illustreret Tidende	210	1	v15:210 (1861)	high	se-kort+head-noun+place-type	
Rhinen	Rhinen(s) | Rhinen	Europas tredjestørste flod, der løber fra Schweiz igennem Tyskland og Holland. ¶ 1320 km lang flod i Mellem- og Nordvesteuropa.	1842	1842 1851	14 15	En Digters Bazar	536	2	v14:536 (1842); v15:118 (1851)	medium	located+place-type	
Rhinfald	Rhinfald	der Rheinfall ved Neuhausen (se kort), Europas største vandfald 150 m bredt og 23 m højt. Banen krydser Rhinen nedenfor faldet, hvorefter den passerer en tunnel under den klippe, hvorpå det middelalderlige slot Laufen er bygget.	1858	1858	15	Fortællinger og Vers for Større og Mindre	153	1	v15:153 (1858)	high	se-kort+place-type	
Riborg	Riborg	Riborg, Frederikke, Christian, Johan Peter og Laura Voigt.	1832	1832	16	Levnedsbog	161	1	v16:161 (1832)	high	head-noun+place-type	
Riborg Voigt	Riborg Voigt	Riborg Voigt, der var et år yngre end H.C. Andersen.	1832	1832	16	Levnedsbog	163	1	v16:163 (1832)	high	head-noun+place-type	
Riddarholmen	Riddarholmen	ø beliggende i søen Mälaren i det centrale Stockholm.	1851	1851	15	I Sverrig	68	1	v15:68 (1851)	high	head-noun+place-type	
Riddarholmskyrkan	Ridderholms-Kirken	Riddarholmskyrkan; opført i slutningen af 1200-tallet som kirke til franciskanerklosteret på Riddarholmen og siden brugt til grave og mindesmærker, fx er en stor del af Sveriges regenter begravet her. Det luftige smedejernsspir kom først til 1838-1846.	1851	1851	15	I Sverrig	58	1	v15:58 (1851)	medium	located+place-type	
Riddersal	Riddersal	en digterkappestrid, der ifølge sagnet fandt sted på Wartburg Slot i Tyskland 1207.	1851	1851	15	I Sverrig	22	1	v15:22 (1851)	medium	located+place-type+split-ellipsis	
Rocca del Papa	Rocca del Papa	by i Albanerbjergene 22 km sydøst for Rom.	1835	1835	4	Improvisatoren	185	1	v4:185 (1835)	high	head-noun+located+place-type	
Roccà	Roccà	evt. fæstningen La Rocca ved Narni; se kort.	1842	1842	14	En Digters Bazar	291	1	v14:291 (1842)	high	se-kort+place-type	
Rochester	Rochester	by 28 km sydøst for London.	1860	1860	15	Berlingske politiske Avertissements-Tidende	161	1	v15:161 (1860)	high	head-noun+located+place-type	
Roeskilde-Dom	Roeskilde-Dom	Roskilde Domkirke.	1842	1842	14	En Digters Bazar	398	1	v14:398 (1842)	high	head-noun+place-type	
Roms Campagne	Roms Campagne	sletten omkring Rom. ¶ den store slette, der omgiver Rom.	1855	1855 1868	15 17	Mit Livs Eventyr (inklusive Fortsættelse og Tillæg)	134	2	v17:134 (1855); v15:427 (1868)	high	head-noun+located+place-type	
Rorschach	Rorschach	se kort.	1858	1858	15	Fortællinger og Vers for Større og Mindre	153	1	v15:153 (1858)	high	se-kort	
Rosenborg	Rosenborg	lystslot, opført 1606-1634. ¶ egentlig lystslottet Rosenborg i Kongens Have i København, opført 1606-1634.	1868	1868	3 8	Gudfaders Billedbog	178	2	v3:178 (1868); v8:423 ()	high	head-noun+place-type+located	
Rosenborg Have	Rosenborg Have	lystslottet Rosenborg ligger i Kongens Have i København, opført 1606-1634.			8	Af Samlede Skrifter	507	1	v8:507 ()	high	head-noun+located+place-type	
Rosenborg Slot	Rosenborg Slot	slot i København, opført 1606-1634 for Christian 4. (1577-1648, konge af Danmark og Norge fra 1596).	1831	1831	14	Skyggebilleder af en Reise til Harzen, det sachsiske Schweitz etc. etc., i Sommeren 1831	148	1	v14:148 (1831)	high	head-noun+located+place-type	
Rosenvænget	Rosenvænget	kvarter på det ydre Østerbro, grænsende op til Øresund, hvor en række prominente borgere og kunstnere, heriblandt fx Johanne Luise Heiberg, fra 1850’erne lod opføre villaer. ¶ kvarter på det ydre Østerbro, grænsende op til Øresund, hvor en række prominente borgere og kunstnere fra 1850’erne lod opføre villaer, og hvor ægteparret Melchiors landsted, »Rolighed«, lå.	1872	1872 1874	3 8	»Rolighed«	306	3	v3:306 (1872); v3:398 (1874); v8:423 ()	high	head-noun+located+place-type	
Roxen	Roxen(s) | Roxen	sø ved Linköping i Östergötland. ¶ sø ved Linköping i Östergötland; Göta kanal munder ud i Roxen ved Bergs sluser mod vest, hvor Vreta Kloster ligger.	1840	1840 1869	9 18	Billedbog uden Billederjf. den tyske komponist Felix Mendelssohn-Bartholdys (1809-1847) klaverstykker <i>Lieder ohne Worte</i>, 1829-1845 (sange uden ord).Billedbog uden Billeder	394	2	v9:394 (1840); v18:97 (1869)	high	head-noun+located+place-type	
Roßtrappe	Roßtrappe	(tysk) hestespor; klippeparti, der har fået sit navn efter en fordybning i klippen, der ligner en meget stor hestesko.	1831	1831	14	Skyggebilleder af en Reise til Harzen, det sachsiske Schweitz etc. etc., i Sommeren 1831	118	1	v14:118 (1831)	high	in-register+place-type	geo-2844612
Rudera	Rudera | (Kjælder-)Rudera	(latin) ruiner, rester. ¶ ruiner, rester.	1835	1835 1836 1846	4 16	Improvisatoren	66	3	v4:66 (1835); v4:587 (1836); v16:213 (1846)	high	head-noun+place-type	
Ruin	Ruin	Visegrád slot og fæstning, mellem Szentendre og Esztergom (se kort). Det blev bygget i 1200-tallet, udbygget og renoveret flere gange og endelig ødelagt 1685, da tyrkiske tropper forlod det.	1842	1842	14	En Digters Bazar	559	1	v14:559 (1842)	high	se-kort+located+place-type	
Ruinerne	Ruinerne	et slot med fæstningsværker blev bygget i 300-tallet på Kadifekale-bjerget, men de eksisterende ruiner er fra middelaladeren.	1842	1842	14	En Digters Bazar	441	1	v14:441 (1842)	high	head-noun+located+place-type+split-ellipsis	
Rumelien	Rumelien	tyrkisk provins nord for Grækenland, mellem Albanien og Sortehavet.	1842	1842	14	En Digters Bazar	486	1	v14:486 (1842)	medium	located+place-type	
Rundetaarn	Rundetaarn	tårnet forekommer på almanakkens titelblad fra 1685; det blev bygget 1637-1642 som erstatning for den danske adelsmand og astronom Tycho Brahes (1546-1601) observatorium på Ven, som han havde forladt allerede 1597. Det officielle latinske navn var Stelleburgi Regis Hauniensis (Københavns Kongelige Stjerneborg).	1857	1857	6	»At være eller ikke være«	27	1	v6:27 (1857)	high	head-noun+place-type+split-ellipsis	
Rustjuk	Rustschuk	Rustjuk, nu Ruse; by ved Donau i det nordøstlige Bulgarien, den ene af landets to grænseovergange over Donau.	1855	1855	17	Mit Livs Eventyr (inklusive Fortsættelse og Tillæg)	220	1	v17:220 (1855)	high	head-noun+located+place-type	
Rustzuk	Rustzuk	Rustjuk el. Ruse; se kort.	1842	1842	14	En Digters Bazar	509	1	v14:509 (1842)	high	se-kort	
Rørstrands-Søen	Rørstrands-Søen	søen har ligget i forbindelse med Karlbergssjön og Klara sjö i det nuværende Norrmalm i Stockholm.	1851	1851	15	I Sverrig	55	1	v15:55 (1851)	high	head-noun+place-type	
Rübeland	Rübeland	se kort.	1831	1831	14	Skyggebilleder af en Reise til Harzen, det sachsiske Schweitz etc. etc., i Sommeren 1831	112	2	v14:112 (1831); v14:167 (1831)	high	in-register+se-kort	geo-2843574
Rütli	Rütli	eng ved Vierwaldstättersee (se kort), hvor if. traditionen det første schweiziske forbund blev stiftet i 1291.	1861	1861	15	Illustreret Tidende	209	1	v15:209 (1861)	high	se-kort	
Sadofloden	Adofloden	Sadofloden; se kort.	1868	1868	15	Et Besøg i Portugal 1866	448	1	v15:448 (1868)	high	se-kort	
Sagnet	Sagnet	ifølge overleveringen var Hellig Anders præst ved Sankt Peders Kirke i Slagelse omkring 1200. Anders var draget på pilgrimsfærd til Jerusalem, men da hans rejsekammerater glemte ham ved hjemrejsen, faldt han i en dyb søvn. I drømme så han en rytter, der bad ham sidde op, og da han vågnede senere samme dag befandt han sig på Hvilehøj ved Slagelse. Først lang tid senere ankom hans rejsekammerater. Senere udgaver af historien fortæller, at Anders også nåede til Spanien og Norge. Historien om Anders kan spore tilbage til augustinermunken Thomas fra Cantimpré. Jf. også Thiele 1, 1, s. 74 f.	1832	1832	16	Levnedsbog	106	1	v16:106 (1832)	medium	located+place-type	
Sagunto	Sagunt	Sagunto, se kort. Byen sluttede forbund med romerne i 220-tallet f.Kr.	1863	1863	15	I Spanien	243	1	v15:243 (1863)	high	se-kort+place-type	
Sala	Sala	byen er anlagt af Gustav 2. Adolf i 1624 til sølvminen, der har været i drift fra før 1500-tallet. Se kort 2.	1851	1851	15	I Sverrig	77	1	v15:77 (1851)	high	se-kort+head-noun+place-type	
Salamanca	Salamanka	Salamanca, provins i Nordvestspanien.	1850	1850	13	Ole Lukøie	12	1	v13:12 (1850)	medium	located+place-type	
Salamisbugten	Salamisbugten	(øen hedder nu: Salamina); se kort.	1842	1842	14	En Digters Bazar	392	1	v14:392 (1842)	high	se-kort	
Salerno	Salerno	kystby i Salernobugten syd for Amalfi.	1835	1835	4	Improvisatoren	257	1	v4:257 (1835)	high	head-noun+located+place-type	
Saltkogeriet	Saltkogeriet	by i Østrig med saltmine, hvorigennem besøgende kunne gå og rutsche ad meget stejle gange til bjergets fod.	1851	1851	15	I Sverrig	124	1	v15:124 (1851)	high	head-noun+located+place-type+split-ellipsis	
Saltsøen	Saltsøen	Saltsjön i Stockholms indre havn syd for Djurgården, hvis vand er mere saltholdigt end Mälarens.	1851	1851	15	I Sverrig	55	1	v15:55 (1851)	medium	located+place-type	
Saltværket	Saltværket	by 15 km syd for Salzburg; H.C. Andersen besøgte saltværket 3. juni.	1855	1855	17	Mit Livs Eventyr (inklusive Fortsættelse og Tillæg)	162	1	v17:162 (1855)	high	head-noun+located+place-type+split-ellipsis	
Salvaterra	Salvaterra	se kort.	1868	1868	15	Et Besøg i Portugal 1866	461	1	v15:461 (1868)	high	se-kort	
San Sebastián	San Sebastian	San Sebastián, se kort.	1863	1863	15	I Spanien	410	1	v15:410 (1863)	high	se-kort	
Sanchidrián	San Chidrian	Sanchidrián, by på den anden side af Guadarramabjergene, se kort.	1863	1863	15	I Spanien	402	1	v15:402 (1863)	high	se-kort+place-type	
Sanct Albani	Sanct Albani	kvaderstenskirke, indviet til Vor Frue og senere til den engelske helgen Sankt Albanus; placeret ved det sydvestlige hjørne af Albani Torv, nedrevet 1539.	1858	1858	2	Hurtigløberne	239	1	v2:239 (1858)	high	head-noun+located+place-type	
Sanct Albani Kirke	Sanct Albani Kirke	kirken var oprindeligt viet Vor Frue, men blev omdøbt, da Knud den Hellige hjembragte relikvier fra den engelske martyr Skt. Albanus (d. o. 300). Kirken blev nedrevet efter reformationen, og den nuværende Skt. Albani er en romersk-katolsk kirke, indviet 1908.	1842	1842	14	En Digters Bazar	329	1	v14:329 (1842)	high	head-noun+place-type	
Sanct Elmo	Sanct Elmo	fæstning på Napolis højeste punkt.	1835	1835	4	Improvisatoren	202	1	v4:202 (1835)	high	head-noun+located+place-type	
Sanct Knud	Sanct Knud	kong Knud 4. den Hellige blev myrdet i Albani Kirke i Odense 1086.			8	(untitled)	442	1	v8:442 ()	medium	located+place-type	
Sanct Peter	Sanct Peter(s)	Peterskirken.	1835	1835	7	En lille Flugt til Rom den 8de Marts 1835	484	1	v7:484 (1835)	high	head-noun+place-type	
Sanct Peters Dom	Sanct Peters Dom	Peterskirken i Rom.	1836	1836	7	Sang ved Romergildet den 8de Marts 1836	500	1	v7:500 (1836)	high	head-noun+place-type	
Sanct-Petri Kirke	Sanct-Petri Kirke	fra 1585 den tyske evangelisk-lutherske menigheds kirke i St. Peder-Stræde {B2-B3}.	1822	1822	9	Ungdoms-Forsøg	64	1	v9:64 (1822)	medium	located+place-type	
Sanct-Pierre	Sanct-Pierre(s)	by på Martinique.	1840	1840	11	Mulatten	297	1	v11:297 (1840)	high	head-noun+located+place-type	
Sancta Agathe	Sancta Agathe	lille by ca. 50 km nord for Napoli.	1835	1835	4	Improvisatoren	208	1	v4:208 (1835)	high	head-noun+located+place-type	
Sanderumgaard	Sanderumgaard	hovedgård 11 km sydøst fra Odense.	1836	1836	4	O. T.	594	1	v4:594 (1836)	high	head-noun+located+place-type	
Sandviken	Sandwik(s-Hyttorna)	Sandviken; se kort 2.	1851	1851	15	I Sverrig	93	1	v15:93 (1851)	high	se-kort	
Sangerfesten	Sangerfesten	en digterkappestrid, der ifølge sagnet fandt sted på Wartburg Slot i Tyskland 1207.	1851	1851	15	I Sverrig	22	1	v15:22 (1851)	medium	located+place-type+split-ellipsis	
Sanit Sulpice	Sanit Sulpice	kirke i Paris.	1836	1836	4	O. T.	423	1	v4:423 (1836)	high	head-noun+located+place-type	
Sankt Annaplads	Sankt Annaplads	Hartmann boede på Sankt Annæ Plads, tæt ved Amalienborg i København.			8	(untitled)	435	1	v8:435 ()	medium	located+place-type	
Sankt Helena	Sanct Helene	Sankt Helena, ø i Sydatlanten, hvortil Napoleon 1. blev forvist efter slaget ved Waterloo 1815.	1868	1868	3	Gudfaders Billedbog	182	1	v3:182 (1868)	medium	located+place-type	
Sankt Petersborg	Petersburg	Sankt Petersborg, Ruslands næststørste by og på H.C. Andersens tid Ruslands hovedstad. Har ændret navn flere gange. I 1914 ændredes navnet til Petrograd, i 1924 til Leningrad og først i 1991 fik byen sit oprindelige navn igen.	1831	1831	14	Skyggebilleder af en Reise til Harzen, det sachsiske Schweitz etc. etc., i Sommeren 1831	147	1	v14:147 (1831)	medium	located+place-type	
Sanssouci	Sanssouci	Sanssouci; slot i Potsdam (se kort), opført 1745-1747 som sommerresidens for Frederik 2. den Store. I nærheden af slottet blev i 1736 opført en mølle, der dog forfaldt med årene, således at der i 1790 kunne opføres en ny og stærkere mølle sammesteds. Møllen blev kendt for den fortælling, som opstod kort efter Frederik 2. den Stores død og som berettede, at Frederik skulle have været så irriteret over larmen fra møllen, at han forsøgte at købe den for at rive den ned. Da mølleren ikke ville sælge, truede Frederik ham med sin kongelige magt. Mølleren afviste dog Frederik med, at loven var på hans side, og dermed blev møllen stående.	1831	1831	14	Skyggebilleder af en Reise til Harzen, det sachsiske Schweitz etc. etc., i Sommeren 1831	172	1	v14:172 (1831)	high	se-kort+head-noun+located+place-type	geo-6295638
Santa Croce	Santa Croce	klosterkirke i Firenze.	1855	1855	17	Mit Livs Eventyr (inklusive Fortsættelse og Tillæg)	132	1	v17:132 (1855)	high	head-noun+located+place-type	
Santa Cruz de Mudela	Santa Cruz de Mudela	se kort.	1863	1863	15	I Spanien	376	1	v15:376 (1863)	high	se-kort	
Santa Fé	Santa-Fé	Santa Fé, by ca. 9 km øst for Granada.	1863	1863	15	I Spanien	290	1	v15:290 (1863)	medium	located+place-type	
Santa Maria	Santa Maria	se kort.	1868	1868	15	Et Besøg i Portugal 1866	468	1	v15:468 (1868)	high	se-kort	
Santarem	Santarem	se kort.	1868	1868	15	Et Besøg i Portugal 1866	443	1	v15:443 (1868)	high	se-kort	
Sant’ Agata	Santa Agatha	Sant’ Agata, lille by midtvejs mellem Formia og Capua.	1842	1842	14	En Digters Bazar	341	1	v14:341 (1842)	medium	located+place-type	
Sargans	Sarganz(-Dalen)	Sargans; se kort.	1858	1858	15	Fortællinger og Vers for Større og Mindre	153	1	v15:153 (1858)	high	se-kort	
Sava	Sava	flod, der flyder gennem Slovenien, Kroatien, Bosnien og Nordserbien.	1842	1842	14	En Digters Bazar	544	1	v14:544 (1842)	high	in-register+head-noun+located+place-type	geo-786058
Savoyen	Savoyen(s)	kongerige i det bjergrige grænseområde mellem Frankrig og Italien.	1862	1862 1869	2 18	Iisjomfruen	420	2	v2:420 (1862); v18:15 (1869)	high	head-noun+located+place-type	
Schaffhausen	Schaffhausen	by ved Rhinen; se kort.	1858	1858	15	Fortællinger og Vers for Større og Mindre	153	1	v15:153 (1858)	high	se-kort+head-noun+located+place-type	
Schandau	Schandau	Bad Schandau. Mindre by med kurbadested; se kort.	1831	1831	14	Skyggebilleder af en Reise til Harzen, det sachsiske Schweitz etc. etc., i Sommeren 1831	158	1	v14:158 (1831)	high	se-kort	
Scheveningen	Scheweningen | Scheveningen	Scheveningen, lille fiskerby ved Haag i Nordholland. ¶ landsby i Haags nordlige udkant, berømt kurog badeby.	1849	1849 1869	5 18	De to Baronesser	422	2	v5:422 (1849); v18:29 (1869)	high	located+place-type+head-noun	
Schneiderloch	Sneiderloch	Schneiderloch, (tysk) skrædderhul.	1831	1831	14	Skyggebilleder af en Reise til Harzen, det sachsiske Schweitz etc. etc., i Sommeren 1831	159	1	v14:159 (1831)	high	in-register	
Schönbrunn	Schönbrunn	kejserligt lystslot sydvest for Wien. ¶ kejserligt lystslot sydvest for Wien, hvor Napoleon havde sit hovedkvarter i 1805 og 1809.	1837	1837 1855	5 17	Kun en Spillemand	219	2	v5:219 (1837); v17:164 (1855)	medium	located+place-type	
Scilla	Scilla	Scilla; se kort.	1842	1842	14	En Digters Bazar	356	1	v14:356 (1842)	high	se-kort	
Scutari	Scutari | Scutari(s)	nuværende Üsküdar, bydel på Bosporusstrædets østbred, i Istanbuls asiatiske del. ¶ se kort. ¶ det nuværende Üsküdar, oldtidens Chrysopolis, bydel i Istanbul på den asiatiske side af Bosporus.	1842	1842 1855	14 17	En Digters Bazar	454	3	v14:454 (1842); v14:466 (1842); v17:219 (1855)	high	located+place-type+se-kort	
Scytherne	Scytherne	kilden er Herodots (o. 480-420 f.Kr.) historie om perserkrigene (ca. 550-479 f.Kr.).	1842	1842	14	En Digters Bazar	492	1	v14:492 (1842)	high	head-noun+place-type+split-ellipsis	
Seefeld	Seefeldt	Seefeld; se kort.	1842	1842	14	En Digters Bazar	253	1	v14:253 (1842)	high	se-kort	
Seesand	Seesand	den lille ø, Søsand, syd for Amrum.	1849	1849	5	De to Baronesser	397	1	v5:397 (1849)	high	head-noun+located+place-type	
Seishede	Seishede	hedeområde sydøst for Silkeborg.	1855	1855	2	Klods-Hans	126	1	v2:126 (1855)	medium	located+place-type	
Semiramis	Semiramis	assyrisk sagndronning, som ifølge sagnet skal have anlagt hængende haver på Babylons terrasser. Andre sagn tilskriver Nebukadnezar æren.	1835	1835	4	Improvisatoren	265	1	v4:265 (1835)	medium	located+place-type	
Serail	Serail	palads, harem. ¶ (her) palads.	1837	1837 1842	5 14	Kun en Spillemand	69	2	v5:69 (1837); v14:518 (1842)	high	head-noun+place-type	
Serra da Arrábida	Serra da Arrábida	Serra da Arrábida, kæde af kalkstensbjerge langs kysten mellem Sesimbra og Setúbal.	1868	1868	15	Et Besøg i Portugal 1866	431	1	v15:431 (1868)	medium	located+place-type	
Sestos	Sestos	antikke græske byer på hhv. den asiatiske og den europæiske side af Dardanellerne.	1842	1842	14	En Digters Bazar	448	1	v14:448 (1842)	high	head-noun+place-type+split-ellipsis	geo-8435885
Sestri Levante	Sestri di Levante	Sestri Levante, by 40 km sydøst for Genua.	1855	1855	17	Mit Livs Eventyr (inklusive Fortsættelse og Tillæg)	129	1	v17:129 (1855)	medium	located+place-type	
Setubal	Setubal	på engelsk St. Ubes eller St. Ybes; en af landets ældste byer; se kort.	1868	1868	15	Et Besøg i Portugal 1866	439	1	v15:439 (1868)	high	se-kort+place-type	
Sevel	Sevel	degn og lærer ved Vor Frue kirkeskole i Svendborg på romanens tid.	1837	1837	5	Kun en Spillemand	54	1	v5:54 (1837)	medium	located+place-type	
Sevilla	Sevilla	se kort.	1863	1863	15	I Spanien	252	1	v15:252 (1863)	high	se-kort	
Siena	Siena	se kort. ¶ italiensk by 50 km syd for Firenze, hvortil H.C. Andersen ankom 4. april 1834.	1842	1842 1855	14 17	En Digters Bazar	281	2	v14:281 (1842); v17:154 (1855)	high	se-kort+located+place-type	
Sierra Morena	Sjerra Morena(s)	Sierra Morena, bjergkæde i Sydvestspanien (se kort), som stadig i 1800-tallet var tilholdssted for røverbander.	1863	1863	15	I Spanien	256	1	v15:256 (1863)	high	se-kort+located+place-type	
Sierra Nevada	Sierra Nevada(s)	bjergkæde ved Granada, se kort.	1863	1863	15	I Spanien	291	1	v15:291 (1863)	high	se-kort+head-noun+located+place-type	
Sifnos	Sifnos	Sifnos, Serifos og det nu brugte: Kithnos; se kort.	1842	1842	14	En Digters Bazar	377	1	v14:377 (1842)	high	se-kort	
Sigtuna	Sigtuna	en af Sveriges ældste byer og biskopsæder. Se kort 2.	1851	1851	15	I Sverrig	55	1	v15:55 (1851)	high	se-kort+place-type	
Silistra	Silistria	Silistra, grænseby ved Donau i det nuværende Bulgarien; se kort.	1842	1842	14	En Digters Bazar	498	1	v14:498 (1842)	high	se-kort+located+place-type	geo-727221
Silistria	Silistria	Silistra blev en vigtig tyrkisk befæstning og handelscenter i 1400-tallet; se kort.	1842	1842	14	En Digters Bazar	510	1	v14:510 (1842)	high	se-kort	
Siljan	Siljan(s) | Siljans Søen	se kort 1-2. ¶ Siljan; se kort 1-2.	1851	1851	15	I Sverrig	20	2	v15:20 (1851); v15:85 (1851)	high	se-kort	
Sintra	Cintra	Sintra, gammel kongeby 32 km nordvest for Lissabon. ¶ Sintra, gammel kongeby i bjergene nordvest for Lissabon. Her besøgte H.C. Andersen 26. juli-8. august José O’Neill, der levede ugift som rentier, i Santa Maria, en lille forstad lige over Sintra.	1868	1868 1869	15 18	Et Besøg i Portugal 1866	429	2	v15:429 (1868); v18:315 (1869)	medium	located+place-type	
Siracusa	Syracusa	Siracusa; se kort.	1842	1842	14	En Digters Bazar	359	1	v14:359 (1842)	high	se-kort	geo-2523083
Skage	Skage(n)	odde.			8	(untitled)	380	1	v8:380 ()	high	head-noun+place-type	
Skeppsholmen	Skibsholmen	Skeppsholmen; lille ø i Saltsjön i det centrale Stockholm. I perioden 1634-1968 var øen Stockholms flådestation.	1851	1851	15	I Sverrig	57	1	v15:57 (1851)	high	head-noun+located+place-type	
Skibet	Skibet	fra Oehlenschlägers digt »Til Havet« i kapitel 29 af Øen i Sydhavet, 1824. ¶ jf. Oehlenschlägers digt »Til Havet« i kapitel 29 af Øen i Sydhavet, 1824.	1831	1831 1832	7	Phantasier og Skizzer	252	2	v7:252 (1831); v7:324 (1832)	medium	located+place-type+split-ellipsis	
Skolen	Skolen	Borgerdydskolen på Christianshavn (nuværende Vestre Borgerdyd Gymnasium).	1869	1869	18	Mit Livs Eventyr (inklusive Fortsættelse og Tillæg)	124	1	v18:124 (1869)	medium	located+place-type	
Skuet af	Skuet af	Moses skuede ind i det forjættede land fra Nebo bjerg i Jordan, 5. Mosebog 34,1-5.	1842	1842	14	En Digters Bazar	441	1	v14:441 (1842)	medium	located+place-type+split-ellipsis	
Skåne	Skaane	Skåne; det sydligste landskab i Sverige.	1851	1851	15	I Sverrig	13	1	v15:13 (1851)	high	head-noun+located+place-type	
Slien	Slien	fjord ved Slesvig, som indgik i Danmarks sydlige grænseværn fra Dannevirke over Østervolden til Eckernförde Bugt.			8	Fædrelandske Vers og Sange under Krigen	170	2	v8:170 (); v8:257 ()	high	head-noun+located+place-type	
Slot	Slot	øen Stadsholmen, hvor blandt andet Stockholms slott findes.	1851	1851	15	I Sverrig	61	1	v15:61 (1851)	high	head-noun+place-type+split-ellipsis	
Slotspladsen	Slotspladsen	pladsen ved Christiansborg. ¶ pladsen ved Christiansborg Slot {F3-F4-E3-E4}.	1838	1838 1850	1 9	Tre Digtninger	299	2	v9:299 (1838); v1:462 (1850)	high	head-noun+located+place-type	
Slotsruinen	Slotsruinen	slottet er udbygget utallige gange siden 900-tallet; det brændte 1811 og blev først rekonstrueret 1953-68.	1842	1842	14	En Digters Bazar	561	1	v14:561 (1842)	high	head-noun+place-type	
Slottet	Slottet	Sorgenfri Slot i Lyngby, opført som adeligt landsted 1705-1706 og blev i 1730 overtaget af kongehuset; Christian 8. og Caroline Amalies sommerresidens. ¶ Odense Slot. Bygget på resterne af Sankt Hans Kloster. I 1575 påbegyndte Frederik 2. en omfattende ombygning med henblik på at omdanne klostret til kongsgård. I 1720 indledte Frederik 4. en udbygning af stedet og omdøbte det til Odense Slot. I 1860 blev der indrettet museum i slottet, og i 1907 blev det overtaget af Odense Kommune. ¶ Frederiksborg Slot. Opført 1602-1625 til Christian 4.	1832	1832	8 16	Levnedsbog	69	3	v16:69 (1832); v16:128 (1832); v8:207 ()	high	located+place-type+head-noun	
Slottet Chillon	Slottet Chillon	middelalderborg ved Genèvesøen (Lac Léman) tæt ved Montreux.	1836	1836	7	Af Digte	489	1	v7:489 (1836)	high	head-noun+located+place-type	
Slottet Graasteen	Slottet Graasteen	hovedgård i Sønderjylland ved Gråsten, tilhørte på H.C. Andersens tid hertugen af Augustenborg.	1863	1863	3	Bemærkninger	374	1	v3:374 (1863)	high	head-noun+located+place-type	
Slottet Hohenschwangau	Slottet Hohenschwangau	kongeligt lystslot ved Schwangau mellem alperne og floden Lech nær grænsen til østrigsk Tyrol; slottet, som længe havde henligget som ruin, købtes 1832 af daværende kronprins Maximilian og genopførtes.	1869	1869	18	Mit Livs Eventyr (inklusive Fortsættelse og Tillæg)	150	1	v18:150 (1869)	medium	located+place-type	
Slottet i Pillnitz	Slottet i Pillnitz	slot ved Dresden, bygget som sommererresidens for kurfyrster og konger af Sachsen. Slottet blev 1720-1723 udvidet med to kinesisk inspirerede barokpavillioner og 1788-1826 med Neues Palais i japansk stil.	1831	1831	14	Skyggebilleder af en Reise til Harzen, det sachsiske Schweitz etc. etc., i Sommeren 1831	149	1	v14:149 (1831)	high	head-noun+located+place-type	
Slottet Rosenborg	Slottet Rosenborg	Rosenborg Slot {B6-B7}, opført 1606-1634; spejlkabinettet blev opført til Frederik 4. ca. 1700 efter fransk forbillede som den inderste og mest intime del af kongens suite med forbindelse til sovegemakket.	1838	1838	9	Tre Digtninger	313	1	v9:313 (1838)	high	head-noun+place-type+split-ellipsis	
Smyrna	Smyrna	det græske navn for Izmir; se kort. ¶ (Smirni) nu Izmir på den tyrkiske Ægæerhavskyst; se kort.	1842	1842	14	En Digters Bazar	351	3	v14:351 (1842); v14:395 (1842); v14:438 (1842)	high	se-kort	
Snurren	Snurren	formodentlig et værtshusnavn; også navn på en gade i Odense på romanens tid.	1837	1837	5	Kun en Spillemand	155	1	v5:155 (1837)	medium	located+place-type	
Sollerön	Soller-Øen	Sollerön; ø i Siljan.	1851	1851	15	I Sverrig	90	1	v15:90 (1851)	high	head-noun+located+place-type	
Solna	Solna	H.C. Andersen var 9. juli 1849 ved Solna kirke (nordvest for Stockholm) med Bernhard von Beskow.	1869	1869	18	Mit Livs Eventyr (inklusive Fortsættelse og Tillæg)	95	1	v18:95 (1869)	medium	located+place-type	
Sophie Gade	Sophie Gade	Sophie Gade, gift med Niels W. Gade og datter af J.P.E. Hartmann, døde 15. juni 1855 af komplikationer efter fødslen af tvillingerne Emma og Felix 20. maj; H.C. Andersen deltog i hendes begravelse 21. juni.			8	(untitled)	289	1	v8:289 ()	high	head-noun+place-type	
Sorrent	Sorrent	Portici og Sorrento på kysten syd for Napoli; se kort.	1835	1835	14	Søndagsblad. Et æsthetisk Ugeskrift	195	1	v14:195 (1835)	high	se-kort+located+place-type+split-ellipsis	
Sorrento	Sorrento	se kort.	1842	1842	14	En Digters Bazar	354	1	v14:354 (1842)	high	se-kort	
Spandau	Spandau	borganlæg ved Berlin, hvis ældste dele stammer fra midten af det 11. århundrede. I dag også navnet på vestlig forstad til Berlin.	1831	1831	14	Skyggebilleder af en Reise til Harzen, det sachsiske Schweitz etc. etc., i Sommeren 1831	179	1	v14:179 (1831)	high	in-register+located	geo-7290252
Spanien	Spanien	Spanien; floden Tajo udspringer i Spanien og udmunder i Portugal, mens Ebro kun løber i Spanien.	1833	1833	7	Aarets tolv Maaneder, Tegnede med Blæk og Pen	373	1	v7:373 (1833)	high	head-noun+place-type	
Spaniens Roeskilde	Spaniens Roeskilde	Roskilde Domkirke er tilsvarende den danske kongefamilies gravsted.	1863	1863	15	I Spanien	401	1	v15:401 (1863)	high	head-noun+place-type	
Sparta	Sparta	græsk by, i oldtiden det politiske centrum i bystaten af samme navn. ¶ græsk bystat, rivaliserede med Athen. Erobrede ca. 700 f.Kr. Lakedaimon og Messenien. Spartas magtposition ophørte med to nederlag til Theben i 371 og 362 f.Kr.	1842	1842 1862	3 14	En Digters Bazar	376	2	v14:376 (1842); v3:27 (1862)	high	in-register+place-type	geo-253394
Speilkabinet	Speilkabinet	Rosenborg Slot {B6-B7}, opført 1606-1634; spejlkabinettet blev opført til Frederik 4. ca. 1700 efter fransk forbillede som den inderste og mest intime del af kongens suite med forbindelse til sovegemakket.	1838	1838	9	Tre Digtninger	313	1	v9:313 (1838)	high	head-noun+place-type+split-ellipsis	
Sphinx	Sphinx	fabeldyr med menneskehoved og dyrekrop; her den mægtige sfinks i ørkenen ved Giza, Ægypten.	1861	1861	2	Det nye Aarhundredes MusaMusa	386	1	v2:386 (1861)	medium	located+place-type	
Spiegelberg	Spiegelberg(s)	fæstningen Spielberg ved Brunn i Mähren, hvor Silvio Pellico havde siddet fængslet.	1837	1837	5	Kun en Spillemand	225	1	v5:225 (1837)	high	head-noun+place-type	
Spitsbergen	Spitsberg(s) | Spitsbergen	Spitsbergen; den største ø i øgruppen Svalbard i Barentshavet. ¶ øgruppe beliggende i Hvidehavet nord for Norge.	1842	1842	8 14	En Digters Bazar	498	2	v14:498 (1842); v8:20 ()	high	head-noun+place-type+located	
Spoleto	Spoleto	by nord for Rom i Appenninerne. ¶ se kort.	1835	1835 1842	4 14	Improvisatoren	311	2	v4:311 (1835); v14:289 (1842)	high	in-register+head-noun+located+place-type+se-kort	geo-3166236
Springflod	Springflod(en)	højeste flod, højvande.	1868	1868	3	Bemærkninger	382	1	v3:382 (1868)	high	head-noun+place-type	
Sprogö	Sprogö	ø midt i Storebælt.			8	(untitled)	146	1	v8:146 ()	high	head-noun+located+place-type	
St Knuds Kirkegaard	St Knuds Kirkegaard	kirkegård ved Odense domkirke, Sankt Knuds Kirke.	1832	1832	16	Levnedsbog	61	1	v16:61 (1832)	medium	located+place-type	
St Knuds Kirketaarn	St Knuds Kirketaarn	tårnet på Odense domkirke, Sankt Knuds Kirke.	1832	1832	16	Levnedsbog	104	1	v16:104 (1832)	high	head-noun+located+place-type	
St Luzia	St Luzia	gade i Napoli; H.C. Andersen boede i nr. 28.	1846	1846	16	Mit eget Eventyr uden Digtning	323	1	v16:323 (1846)	high	head-noun+located+place-type	
St. Anna Kapel	St. Anna Kapel	her tænkes formentlig på Garnisons Kirke, der på Sankt Annæ Plads, tæt ved Bredgade.	1855	1855	17	Mit Livs Eventyr (inklusive Fortsættelse og Tillæg)	57	1	v17:57 (1855)	medium	located+place-type	
St. Denis	St. Denis	by nord for Paris, i hvis klosterkirke de franske kongers kister er hensat.	1836	1836	4	O. T.	401	1	v4:401 (1836)	high	head-noun+located+place-type	
St. Gallen	St. Gallen	by i Schweiz; se kort. ¶ se kort.	1842	1842 1858	14 15	En Digters Bazar	243	2	v14:243 (1842); v15:154 (1858)	high	se-kort+head-noun+located+place-type	
St. Germain	St. Germain	by i Nordfrankrig; her lå et kongeligt slot, som Ludvig 14. efter at have forlagt residensen til Versailles i 1682 overlod til den engelske konge Jakob 2., der i 1688 var blevet fordrevet pga. sine katolske sympatier. Uviljen mod katolikkerne skyldtes, at disse mistænktes for at være støttet af fremmede katolske magter, især Frankrig. Den engelske krone blev efter Jakobs flugt overdraget til den protestantiske nederlandske statholder Vilhelm af Oranien, g.m. Jakobs datter Marie.Ved Jakobs død 1701 anerkendte Ludvig 14. til englændernes forbitrelse hans søn af samme navn som engelsk konge.	1832	1832	10	Bruden fra Lammermoor	174	1	v10:174 (1832)	high	head-noun+located+place-type	
St. Hans’s Kirke	St. Hans’s Kirke	tidligere klosterkirke for johannitterordenen, bygget i 1400-tallet.	1829	1829	14	Brudstykke af en Udflugt i Sommeren 1829	59	1	v14:59 (1829)	high	head-noun+place-type	
St. Knuds Kirke	St. Knuds Kirke(taarn)	den nuværende domkirke på Klosterbakken i Odense.	1855	1855	17	Mit Livs Eventyr (inklusive Fortsættelse og Tillæg)	64	1	v17:64 (1855)	high	head-noun+located+place-type	
St. Knuds Kloster	St. Knuds Kloster	benediktinerkloster, stiftet af Erik Ejegod ca. 1100, lå syd for St. Knuds Kirke.	1829	1829	14	Brudstykke af en Udflugt i Sommeren 1829	54	1	v14:54 (1829)	high	head-noun+place-type	
St. Lucia	St. Lucia	gade i Napoli, hvor H.C. Andersen logerede (nr. 28).	1855	1855	17	Mit Livs Eventyr (inklusive Fortsættelse og Tillæg)	330	1	v17:330 (1855)	high	head-noun+located+place-type	
St. Luis	St. Luis	se kort.	1868	1868	15	Et Besøg i Portugal 1866	446	1	v15:446 (1868)	high	se-kort	
Stadt Hamburg	Stadt Hamburg	(tysk) Hamborg på Elbens enge, / Hvor er du statelig at skue. Citat fra den afsluttende sang i Georg Nikolaus Bärmanns (1785-1850) skuespil Bürgertreue. Ein vaterstädtisches Schauspiel in drei Akten, 1828 (borgertroskab).	1831	1831	14	Skyggebilleder af en Reise til Harzen, det sachsiske Schweitz etc. etc., i Sommeren 1831	80	1	v14:80 (1831)	high	head-noun+place-type+split-ellipsis	
Stamsæde	Stamsæde(t)	gods, hvorfra en (adelig) slægt stammer, eller som har været i dens eje i mange generationer.	1829	1829	14	Brudstykke af en Udflugt i Sommeren 1829	55	1	v14:55 (1829)	high	head-noun+place-type	
Staubbach	Staubbach	300 m højt vandfald i Lauterbrunnenthal.	1862	1862	2	Iisjomfruen	393	1	v2:393 (1862)	medium	located+place-type	
Steenkister	Steenkister	i Vreta Kloster, nordvest for Linköping, findes en række gravmonumenter, bl.a. over de svenske konger Inge den Yngre (ca. 1110-1118 konge sammen med broderen Filip, 1118-1125 enekonge) og Magnus Nilssön; gravmonumenterne er dog først bygget i slutningen af 1500-tallet, mens klosteret selv brændte ned i 1248 og en ny kirke i dens sted indviedes 1289.	1840	1840	9	Billedbog uden Billederjf. den tyske komponist Felix Mendelssohn-Bartholdys (1809-1847) klaverstykker <i>Lieder ohne Worte</i>, 1829-1845 (sange uden ord).Billedbog uden Billeder	394	1	v9:394 (1840)	medium	located+place-type+split-ellipsis	
Stegeborgs Ruiner	Stegeborgs Ruiner	gods beliggende på en holm i Slätbaken. Det var oprindeligt et fæstningsanlæg fra 1200-tallet, der i de følgende århundreder blev omdannet til et kongeligt renæssanceslot, men som forfaldt fra slutningen af 1600-tallet.	1851	1851	15	I Sverrig	51	1	v15:51 (1851)	high	head-noun+located+place-type	
Steinach	Steinach	se kort.	1842	1842	14	En Digters Bazar	256	1	v14:256 (1842)	high	se-kort	
Stephan Dussan	Stephan Dussan	under Stefan Dusˇan (1308-1355, konge af Serbien 1331-1346 og kejser af serbere og grækere fra 1346) havde landet sin storhedstid. Beograd (se kort) er dog kendt helt fra oldtiden og kom under serbisk herredømme 1284.	1842	1842	14	En Digters Bazar	522	1	v14:522 (1842)	high	se-kort	
Stephans Taarnet	Stephans Taarnet	tårnet på Wiens domkirke St. Stephan, påbegyndt i 1100-tallet og ombygget i gotisk stil i 1300- og 1400-tallet.	1842	1842	14	En Digters Bazar	563	1	v14:563 (1842)	high	head-noun+located+place-type	
Stifts-Provsten	Stifts-Provsten	Stephan Tetens var fra 1811-1819 sognepræst ved St. Knuds Kirke i Odense samt stiftsprovst for Fyn.	1846	1846	16	Mit eget Eventyr uden Digtning	192	1	v16:192 (1846)	medium	located+place-type	
Stiftsprovsten	Stiftsprovsten	Stephan Tetens var fra 1811 sognepræst ved St. Knuds Kirke i Odense samt stiftsprovst for Fyn; sognekapellan ved kirken var fra 1816 Andreas Frederik Wiberg.	1855	1855	17	Mit Livs Eventyr (inklusive Fortsættelse og Tillæg)	32	1	v17:32 (1855)	medium	located+place-type+split-ellipsis	
Stige	Stige	landsby i Lumby sogn nord for Odense ved Odense Kanal, der fungerede som byens ladeplads og udskibningssted; jf. Levnedsbog s. 26.	1829	1829	14	Brudstykke af en Udflugt i Sommeren 1829	52	1	v14:52 (1829)	high	head-noun+located+place-type	
Strada Balbi	Strada Balbi	hovedgade i Genova.	1851	1851	15	I Sverrig	58	1	v15:58 (1851)	high	head-noun+located+place-type	
Stranden	Stranden	havet.	1864	1864	13	Paa Langebrovar tidligst anlagt et stykke nordligere end den nuværende Langebro; den lå i linje med byens vold i sydvest, i forlængelse af den nuværende Langebrogade på Christianshavn, og førte over Kalvebodsstrømmen til Christians Brygge.Langebro	339	1	v13:339 (1864)	high	head-noun+place-type	
Stromboli	Stromboli	vulkanø i øgruppen de Lipariske Øer nord for Sicilien; se kort. ¶ aktiv vulkanø i den italienske øgruppe De Lipariske Øer nord for Sicilien.	1842	1842 1855	14 17	En Digters Bazar	354	2	v14:354 (1842); v17:215 (1855)	high	in-register+se-kort+located+place-type	geo-10376243
Stævns Klint	Stævns Klint	der tænkes på Højerup Kirke fra 1200 i Stevns Herred, som længe var truet af nedstyrtning på grund af havets udhuling af klinten. Et sagn fortæller dog, at dette ikke vil ske, da kirken »hver Julenat hopper ... et Hanefjed længer ind i Landet«, Thiele 1, 1, 83.	1831	1831	14	Skyggebilleder af en Reise til Harzen, det sachsiske Schweitz etc. etc., i Sommeren 1831	68	1	v14:68 (1831)	medium	located+place-type+split-ellipsis	
Stör	Flod	Stör, en biflod til Elben.	1842	1842	14	En Digters Bazar	222	1	v14:222 (1842)	medium	located+place-type	
Støren	Støren	floden Stör.	1842	1842	14	En Digters Bazar	223	1	v14:223 (1842)	high	head-noun+place-type	
Sulitelma, Øens Øie	Sulitelma, Øens Øie	højfjeldsmassiv i Lappland ved grænsen mellem Sverige og Norge. Det samiske navn er blevet oversat med såvel øens øje som øens tærskel og solens øje. Se kort 1.	1851	1851	15	I Sverrig	13	1	v15:13 (1851)	high	se-kort	
Sumen	Schumla	Sumen, nu Kolarovgrad (se kort). Tyrkernes hovedkvarter,ˇ hvorfra de standsede den russiske fremrykning flere gange, således i 1828; i 1829 lykkedes det imidlertid Diebitsch at gå udenom.	1842	1842	14	En Digters Bazar	518	1	v14:518 (1842)	high	se-kort	
Sundet	Sundet	Øresund.	1851	1851	15	I Sverrig	124	1	v15:124 (1851)	high	head-noun+place-type	
Suniums Ruiner	Suniums Ruiner	på Kabo Kolones, i dag Sunio, Attikas sydøstligste forbjerg (se kort), ligger ruiner af bygninger fra 500-tallet f.Kr. og af en Poseidon-helligdom fra 400-tallet f.Kr. samt af en Athena- og en Frontis-helligdom.	1842	1842	14	En Digters Bazar	432	1	v14:432 (1842)	high	se-kort+place-type	
Svindinge	Svindinge	sogn på Fyn nær Storebælt i det, der dengang var Gudme herred.	1849	1849	5	De to Baronesser	302	1	v5:302 (1849)	high	head-noun+located+place-type	
Svisjtov	Sistowa	Svisjtov; se kort.	1842	1842	14	En Digters Bazar	514	1	v14:514 (1842)	high	se-kort	
Svärdsjö	Svardsjø	Svärdsjö; se kort 2.	1851	1851	15	I Sverrig	93	1	v15:93 (1851)	high	se-kort	
Sydlands-Ø	Sydlands-Ø	fjerntliggende ø langt mod syd.	1830	1830	7	Digte	136	1	v7:136 (1830)	high	head-noun+place-type	
Sydspids	Sydspids	Punta Marroqui ved Tarifa er dog sydligere, se kort.	1863	1863	15	I Spanien	326	1	v15:326 (1863)	high	se-kort	
Sylt	Sylt	øen Sild.	1849	1849	5	De to Baronesser	388	1	v5:388 (1849)	high	head-noun+place-type	
Syra	Syra | Syra(s)	Siros (Syros), en del af øgruppen Kykladerne i det Ægæiske Hav; se kort. ¶ Syros (Siros); se kort. ¶ Syros (Siros), en del af øgruppen Kykladerne i det Ægæiske Hav; se kort.	1842	1842	14	En Digters Bazar	351	3	v14:351 (1842); v14:378 (1842); v14:438 (1842)	high	se-kort+place-type	
Sälens By	Sälens By	se kort 2.	1851	1851	15	I Sverrig	94	1	v15:94 (1851)	high	se-kort	
Särna	Sernasogn	Särna; se kort 2.	1851	1851	15	I Sverrig	117	1	v15:117 (1851)	high	se-kort	
Säter	Säther	Säter; se kort 2.	1851	1851	15	I Sverrig	110	1	v15:110 (1851)	high	se-kort	
Säterdalen	Sæther-Dalen	Säterdalen; snæver v-formet dal med rig natur mellem byen Säter og Dalälven. Se kort 2.	1851	1851	15	I Sverrig	81	1	v15:81 (1851)	high	se-kort+place-type	
Sète	Cette	Sète, fransk by ved Middelhavet, som H.C. Andersen passerede på rejsen mod Spanien.	1863	1863	15	I Spanien	353	1	v15:353 (1863)	medium	located+place-type	
Sölleröd	Sölleröd	Ingeborg og Adolph Drewsen blev gift i Søllerød 18. oktober 1826.			8	(untitled)	183	1	v8:183 ()	high	head-noun+place-type	
Sø	Sø	hav.	1836	1836 1837	1 4 8	O. T.	457	3	v4:457 (1836); v1:156 (1837); v8:418 ()	high	head-noun+place-type	
Søe	Søe	hav.	1846	1846	16	Mit eget Eventyr uden Digtning	193	1	v16:193 (1846)	high	head-noun+place-type	
Søemandskunsten	Søemandskunsten	ifølge traditionen skal Christian 4. som dreng have lært at sejle på Skanderborg Sø i et specialbygget skib. Informationen kendes dog kun fra én samtidig kilde, hofprædikant Laurits Jacobsens ligprædiken over Christian 4., og det er usikkert, om den er sand.	1832	1832	16	Levnedsbog	160	1	v16:160 (1832)	medium	located+place-type+split-ellipsis	
Søen	Søen	havet. ¶ ifølge traditionen skal Christian 4. som dreng have lært at sejle på Skanderborg Sø i et specialbygget skib. Informationen kendes dog kun fra én samtidig kilde, hofprædikant Laurits Jacobsens ligprædiken over Christian 4., og det er usikkert, om den er sand.	1832	1832 1838 1842 1855	1 14 16 17	Levnedsbog	160	4	v16:160 (1832); v1:197 (1838); v14:432 (1842); v17:129 (1855)	high	head-noun+place-type+located+split-ellipsis	
Tajo	Tajo(s) | Tajo	floden Tajo udspringer i Spanien og udmunder i Portugal. ¶ flod, der udspringer i Østspanien og munder ud i Atlanterhavet ved Lissabon.	1863	1863	8 15	I Spanien	393	2	v15:393 (1863); v8:342 ()	high	head-noun+place-type+located	
Tanger	Tanger	se kort.	1863	1863	15	I Spanien	327	1	v15:327 (1863)	high	se-kort	
Taormina	Taormina	se kort.	1842	1842	14	En Digters Bazar	358	1	v14:358 (1842)	high	in-register+se-kort	geo-2522975
Taterqvinden Langemargrethe	Taterqvinden Langemargrethe	den historiske Langemargrethe, Anne Margrethe Sørensdatter, døde i Viborg Tugthus. Det lokalsagn fra Nørre-Wosborg, som H.C. Andersen hentyder til, er ikke den virkelige Langemargrethe, men er optegnet af den engelske rejsende Horace Marryat, der samtidig med H.C. Andersen besøgte gården (17. juli 1859), i hans bog A Residence in Jutland, the Danish Isles, and Copenhagen, II, 1860, s. 200-202. H.C. Andersens version af historien genfindes i Evald Tang Kristensen Danske Sagn, 1. Række IV, 1896, nr. 1588.	1869	1869	18	Mit Livs Eventyr (inklusive Fortsættelse og Tillæg)	211	1	v18:211 (1869)	medium	located+place-type	
Teatro Alibert	Teatro Alibert	bygget i begyndelsen af 1700-tallet på Via Margutta og nedbrændt i 1863. Det var det største teater i Rom i sin tid og berømt bl.a. for sine karnevalsballer.	1842	1842	14	En Digters Bazar	335	1	v14:335 (1842)	high	in-register	place-000058
Tenedos	Tenedos	ø ud for Troja (tyrkisk Bozcaada); se kort over Tyrkiet. I Iliaden gemmer den græske flåde sig bag øen, for at få trojanerne til at tro, de er flygtet.	1842	1842	14	En Digters Bazar	444	1	v14:444 (1842)	high	se-kort+head-noun+place-type	
Terni	Terni	by 50 km nord for Nepi. ¶ se kort.	1835	1835 1842	4 14	Improvisatoren	309	2	v4:309 (1835); v14:281 (1842)	high	in-register+head-noun+located+place-type+se-kort	geo-3165771
Terracina	Terracina | Terracina(s) | Terrazina	kystby ca. 125 km nord for Napoli. ¶ kystby midtvejs mellem Rom og Napoli ved det Tyrrhenske Hav; se kort. ¶ italiensk by ved kysten syd for Rom; se kort. ¶ se kort. ¶ italiensk kystby syd for Napoli. ¶ Terracina; kystby 90 km sydøst for Rom.	1835	1835 1842 1855 1868	4 14 15 17	Improvisatoren	196	6	v4:196 (1835); v14:200 (1835); v14:228 (1842); v14:339 (1842); v17:151 (1855); v15:423 (1868)	high	in-register+head-noun+located+place-type+se-kort	geo-3165762
Teufelsbrücke	Teufelsbrücke	(tysk) djævlebroen.	1831	1831	14	Skyggebilleder af en Reise til Harzen, det sachsiske Schweitz etc. etc., i Sommeren 1831	156	1	v14:156 (1831)	high	in-register	place-000040
Thalatta, Thalatta	Thalatta, Thalatta	(græsk) havet, havet; citat fra den oldgræske forfatter Xenofon fra Athens krigsreportage Anabasis (marchen ind i landet), IV,7,24 (dansk 1929).	1855	1855	17	Mit Livs Eventyr (inklusive Fortsættelse og Tillæg)	87	1	v17:87 (1855)	high	head-noun+place-type	
Tharandt	Tharand	Tharandt; se kort.	1831	1831	14	Skyggebilleder af en Reise til Harzen, det sachsiske Schweitz etc. etc., i Sommeren 1831	167	1	v14:167 (1831)	high	se-kort	
The Thames	Temsen	The Thames, Themsen; engelsk flod, der løber gennem London.	1840	1840	9	Billedbog uden Billederjf. den tyske komponist Felix Mendelssohn-Bartholdys (1809-1847) klaverstykker <i>Lieder ohne Worte</i>, 1829-1845 (sange uden ord).Billedbog uden Billeder	392	1	v9:392 (1840)	medium	located+place-type	
Theben	Theben | Theben (stod i Flammer)	daværende grænseby; se kort. ¶ daværende grænseby.	1842	1842 1855	14 17	En Digters Bazar	562	2	v14:562 (1842); v17:223 (1855)	high	se-kort+head-noun+place-type	
Therapia	Therapia	by på Bosporusstrædets vestbred, ca. 30 km nord for Istanbul; se kort.	1842	1842	14	En Digters Bazar	493	1	v14:493 (1842)	high	se-kort+head-noun+located+place-type	
Thorvaldsens Museum	Museet	Thorvaldsens Museum, tegnet af M.G.B. Bindesbøll og opført 1839-1848.			8	Af	239	1	v8:239 ()	high	in-register	
Thorvaldsen’s Konstværker	Thorvaldsen’s Konstværker	Bellona havde i 1835 været på togt til Middelhavet og bl.a. hjembragt en række af Thorvaldsens værker; dog er der ikke, som H.C. Andersens anfører, tale om »den første Ladning« af Thorvaldsens værker, flådens skibe havde allerede siden 1825 bragt flere af Thorvaldsens værker til København.			8	(untitled)	29	1	v8:29 ()	medium	located+place-type+split-ellipsis	
Thorwaldsen	Thorwaldsen	hovedgård 1 km sydvest for Præstø, hvor Thorvaldsen havde et lille atelier.	1846	1846	16	Mit eget Eventyr uden Digtning	263	1	v16:263 (1846)	high	head-noun+located+place-type+split-ellipsis	
Tiberen	Tiberen(s)	flod, der løber gennem Rom.	1863	1863	15	I Spanien	371	1	v15:371 (1863)	high	head-noun+located+place-type	
Til San Peder de Cordoña	Til San Peder de Cordoña	oversat fra Oskar 2. nr. 68 s. 391, jf. Der Cid s. 245. Cid blev begravet i klosteret San Pedro de Cardeña ved Burgos (se kort), jf. s. 210.	1863	1863	15	I Spanien	247	1	v15:247 (1863)	high	se-kort	
Timok	Timok	Timok; se kort.	1842	1842	14	En Digters Bazar	520	1	v14:520 (1842)	high	se-kort	
Tinos	Tenos	Tinos, Dilos, Naxos, Andros se kort. ¶ Tinos; se kort.	1842	1842	14	En Digters Bazar	380	2	v14:380 (1842); v14:438 (1842)	high	se-kort	
Tivoli	Tivoli	if. et sagn opdagede en bondepige, Kirsten Piil, i 1500-tallet en kilde i Dyrehaven. Kilden blev i 1700-tallet et valfartssted; omkring det udviklede Dyrehavsbakkens forlystelser sig. Dyrehaven var, indtil Tivoli blev åbnet for offentligheden, forlystelsesattraktion nr. 1 for københavnerne.	1849	1849	12	Meer end Perler og Guld	489	1	v12:489 (1849)	medium	located+place-type+split-ellipsis	geo-3165624
Tivoli (Italien)	Tivoli	by øst for Rom ved foden af Sabinerbjergene. ¶ lille by 26 km øst for Rom med berømt vandfald og mange springvand (italiensk: cascade). ¶ se kort. ¶ lille by 26 km øst for Rom med berømt vandfald og mange springvand.	1835	1835 1837 1855 1870	4 5 15 17	Improvisatoren	296	4	v4:296 (1835); v5:261 (1837); v17:140 (1855); v15:491 (1870)	high	in-register+head-noun+located+place-type+se-kort	geo-3165624
Tivoli (København)	Tivoli	forlystelsespark anlagt på initiativ af Georg Carstensen i 1843. ¶ grundlagt af Georg Carstensen i 1843. ¶ grundlagt 1843 af Georg Carstensen. ¶ forlystelsesetablissementet Tivoli-Vauxhall ved Paris.	1831	1831 1845 1846 1872	3 8 12 14	Skyggebilleder af en Reise til Harzen, det sachsiske Schweitz etc. etc., i Sommeren 1831	176	5	v14:176 (1831); v12:138 (1845); v12:177 (1846); v3:323 (1872); v8:273 ()	high	in-register	
Tjeneste	Tjeneste	plads.	1849	1849	12	Meer end Perler og Guld	471	1	v12:471 (1849)	high	head-noun+place-type	
Toboso	Toboso	lille by ca. 20 km nordøst for Alcazar de San Juan, berømt som hjembyen for Don Quixotes elskede, Dulzinea.	1863	1863	15	I Spanien	379	1	v15:379 (1863)	high	head-noun+located+place-type	
Toby	Toby	Tobby Wilson i Henrik Hertz’ skuespil De Deporterede, 21. februar 1853.	1869	1869	18	Mit Livs Eventyr (inklusive Fortsættelse og Tillæg)	325	1	v18:325 (1869)	high	head-noun+place-type	
Tolderlund	Tolderlund	herregård nord for Odense, som oprindeligt tilhørte Oluf Bagger, ejedes af Kirstine Marie Iversen, f. Nielsen (1767-1837), enke efter bogtrykker, boghandler og udgiver af Fyens Stifts Journal Christian Henrik Iversen (1748-1827). Nyerup citerer Frederiks 2.s gavebrev på Tolderlund (oprindelig Tollelund) med tilliggende jorder. ¶ landstedet Marieshøj (Tolderlund) ved kanalen nord for Odense. Tolderlund betegnede tidligere et større landområde, der 13. december 1564 blev skænket Oluf Bager af Frederik 2. Efter Oluf Bagers død 1602 solgtes hans landområder, og den sidste, der ejede det oprindelige Tolderlund udelt, var forfatteren Elias Naur. Siden opsplittedes ejendommen og solgtes stykvist. Landstedet Marieshøj opførtes 1786 (ombygget 1802-1803) på disse jorder.	1829	1829 1832	14 16	Brudstykke af en Udflugt i Sommeren 1829	60	3	v14:60 (1829); v16:115 (1832); v16:160 (1832)	high	head-noun+located+place-type	
Toledo	Toledo	se kort. H.C. Andersen opholdt sig her 2.-7. december 1862.	1863	1863	15	I Spanien	393	1	v15:393 (1863)	high	se-kort	
Toledogade	Toledogade	berygtet gade i Napoli.	1835	1835	4	Improvisatoren	283	1	v4:283 (1835)	medium	located+place-type	
Tophana	Topschana	Tophana, bydel ca. 4 km øst for Pera.	1842	1842	14	En Digters Bazar	461	1	v14:461 (1842)	medium	located+place-type	
Topschana	Topschana	eller Tophane, forstad ca. 4 km øst for Pera.	1842	1842	14	En Digters Bazar	490	1	v14:490 (1842)	medium	located+place-type	
Torpa	Torpa	gods i Länghem sogn, Västergötland, som tilhørte Stenbock-slægten.	1851	1851	15	I Sverrig	43	1	v15:43 (1851)	high	head-noun+located+place-type	
Toulon	Toulon	den franske Middelhavsby Toulon, øst for Marseille, blev i 1793 besat af den engelsk-franske hær, men blev generobret af revolutionære tropper anført af den unge kaptajn Napoléon Bonaparte, den senere Napoleon 1.	1831	1831	7	Phantasier og Skizzer	230	1	v7:230 (1831)	high	head-noun+place-type+split-ellipsis	
Trafalgar-Bugten	Trafalgar-Bugten	ud for Cabo (Kap) Trafalgar, se kort.	1863	1863	15	I Spanien	334	1	v15:334 (1863)	high	se-kort	
Trajans By	Trajans By	byen er dog ikke identisk med Nikopolis ad Istrum, som Trajan (53-117, romersk kejser fra 98) grundlagde til minde om sejren over dakerne (folkeslag i nuværende Rumænien) 106 e.Kr.	1842	1842	14	En Digters Bazar	514	1	v14:514 (1842)	high	head-noun+place-type	
Trajanspladsen	Trajanspladsen	muligvis pladsen ved Trajansøjlen, tæt på Trajans Markeder.	1835	1835	4	Improvisatoren	283	1	v4:283 (1835)	medium	located+place-type	
Trastevere	Trastevere	bydel i Rom på den anden side (trans) af Tiberen (tevere), dvs. modsat den antikke bys centrum.	1835	1835	4	Improvisatoren	138	1	v4:138 (1835)	high	head-noun+located+place-type	
Trave	Trave	118 km lang flod i den tyske delstat Slesvig-Holsten; se kort.	1831	1831	14	Skyggebilleder af en Reise til Harzen, det sachsiske Schweitz etc. etc., i Sommeren 1831	69	1	v14:69 (1831)	high	in-register+se-kort+place-type	geo-2821483
Travemünde	Travemünde	by ved floden Traves udmunding i Østersøen, nord for Lübeck.	1831	1831	14	Skyggebilleder af en Reise til Harzen, det sachsiske Schweitz etc. etc., i Sommeren 1831	67	1	v14:67 (1831)	high	in-register+head-noun+located+place-type	geo-2821480
Trekroner	Trekroner(s) | Trekroner	søfortet ved indsejlingen til København. ¶ søfort ved indsejlingen til København.	1855	1855	8 17	Mit Livs Eventyr (inklusive Fortsættelse og Tillæg)	236	2	v17:236 (1855); v8:490 ()	medium	located+place-type	
Triana	Triana	bydel, der tidligere var sigøjnerkvarter. Den er opkaldt efter den romerske kejser Trajan (ca. 53-117 e.Kr.), der var født i den romerske by Italica nær Sevilla.	1863	1863	15	I Spanien	364	1	v15:364 (1863)	high	head-noun+place-type	
Trianon	Trianon	her: Grand Trianon, lystslot i Versailles’ slotspark, opført 1687, hvor Napoleon 1. havde soveværelse.	1855	1855	17	Mit Livs Eventyr (inklusive Fortsættelse og Tillæg)	113	1	v17:113 (1855)	medium	located+place-type	
Triest	Triest	by øst for Venezia på Istrien ved Adriaterhavet.	1835	1835	4 8	Improvisatoren	335	2	v4:335 (1835); v8:126 ()	high	head-noun+located+place-type	
Trieste	Triest	Trieste, italiensk havneby ved grænsen til Slovenien; se kort.	1842	1842	14	En Digters Bazar	351	1	v14:351 (1842)	high	se-kort+located+place-type	
Troias Slette	Troias Slette	mellem højdedraget ved Hisarlik, hvor Troja menes at have ligget, og havet; se kort over Tyrkiet.	1842	1842	14	En Digters Bazar	431	1	v14:431 (1842)	high	se-kort+place-type	
Trolhättacanalen	Trolhättacanalen	kanal med et omfattende slusesystem, som gør Götaelven farbar mellem Kattegat og søen Vänern i Sverige. Åbnet 1800.	1846	1846	16	Mit eget Eventyr uden Digtning	271	1	v16:271 (1846)	high	head-noun+place-type	
Trollhättan	Trollhättan	se kort 1-2. Byens attraktion var Göta älvs vandfald og et omfattende slusesystem, som gjorde elven farbar mellem Kattegat og Vänern. Arbejdet blev indledt 1749, Trollhätte kanal åbnedes 1800, og sammen med Göta kanal, der blev udgravet fra 1810 til 1832, dannede den en vandvej gennem Sverige.	1851	1851	15	I Sverrig	15	1	v15:15 (1851)	high	se-kort+place-type	
Trækfartøi	Trækfartøi	skildringen af sejladsen på kanalen stammer fra Dagbogen 15. juli 1846, dvs. fra hjemturen, mens den store mængde vandmænd blev observeret 4. juli på udturen.	1855	1855	17	Mit Livs Eventyr (inklusive Fortsættelse og Tillæg)	339	1	v17:339 (1855)	medium	located+place-type+split-ellipsis	
Tróia	Troja	Tróia, den fønikiske, senere romerske by Cetobriga, se kort.	1868	1868	15	Et Besøg i Portugal 1866	456	1	v15:456 (1868)	high	se-kort+place-type	
Tuilerierne	Tuilerierne	det tidligere residensslot i Paris, sammenbygget med Louvre.	1836	1836	4	O. T.	423	1	v4:423 (1836)	high	head-noun+located+place-type	
Tuillerierne	Tuillerierne	Palais des Tuileries, 1564, kongeligt residensslot i Paris.	1861	1861	15	Illustreret Tidende	210	1	v15:210 (1861)	medium	located+place-type	
Tuskulum	Tuskulum	oldtidsby med enkelte bevarede ruiner ca. 20 km sydøst for Rom.	1835	1835	4	Improvisatoren	189	1	v4:189 (1835)	high	head-noun+located+place-type	
Tutrakan	Tuturcan	Tutrakan; se kort.	1842	1842	14	En Digters Bazar	510	1	v14:510 (1842)	high	se-kort	geo-726141
Tweed	Tweed	Tweed; H.C. Andersen og Joseph Hambro krydsede floden ved Berwick on Tweed.	1869	1869	18	Mit Livs Eventyr (inklusive Fortsættelse og Tillæg)	46	1	v18:46 (1869)	medium	located+place-type	
Tyrol	Tyrol(s) | Tyrol	alpeområde i Østrig og Italien. ¶ region, der strækker sig hen over grænsen mellem Østrig og Italien.	1831	1831 1842	14	Skyggebilleder af en Reise til Harzen, det sachsiske Schweitz etc. etc., i Sommeren 1831	162	2	v14:162 (1831); v14:253 (1842)	high	in-register+head-noun+place-type	geo-2763587
Tétouan	Tetuan	Tétouan, se kort.	1863	1863	15	I Spanien	341	1	v15:341 (1863)	high	se-kort	
Töplitz	Töplitz	kurbadeby i Slovenien.	1837	1837	5	Kun en Spillemand	231	1	v5:231 (1837)	high	head-noun+located+place-type	
Uelzen	Uelzen	se kort.	1831	1831	14	Skyggebilleder af en Reise til Harzen, det sachsiske Schweitz etc. etc., i Sommeren 1831	88	1	v14:88 (1831)	high	in-register+se-kort	geo-6557455
Ulriksdal	Ulriksdal	lystslot ved Edsviken, nord for Stockholm. Besøget fandt sted 28. september.	1869	1869	18	Mit Livs Eventyr (inklusive Fortsættelse og Tillæg)	286	1	v18:286 (1869)	high	head-noun+located+place-type	
Uppsala	Upsala	Uppsala; se kort 1-2.	1851	1851	15	I Sverrig	68	1	v15:68 (1851)	high	se-kort	
Vadstena	Wadstena	Vadstena; se kort 2.	1851	1851	15	I Sverrig	34	1	v15:34 (1851)	high	se-kort	
Valby	Valby	det var almindeligt, at det københavnske borgerskab lå på landet i Valby.	1869	1869	13	I Vetturin(ens)(italiensk) hyrekusk.Vetturinens Vogn	554	1	v13:554 (1869)	medium	located+place-type+split-ellipsis	
Valencia	Valencia | Valencia(s)	østspansk region ved Middelhavskysten. ¶ region i Sydspanien. ¶ se kort.	1839	1839 1842 1863	11 14 15	Den Usynlige paa Sprogø	266	3	v11:266 (1839); v14:219 (1842); v15:233 (1863)	high	located+place-type+head-noun+se-kort	
Vandmølle	Vandmølle	Næsbyhoved vandmølle nedlagt 1863; søen er siden (1863) tørlagt.	1829	1829	14	Brudstykke af en Udflugt i Sommeren 1829	61	1	v14:61 (1829)	high	head-noun+place-type+split-ellipsis	
Varna	Warna	Varna, by ved Sortehavet i det nuværende Bulgarien; se kort.	1842	1842	14	En Digters Bazar	502	1	v14:502 (1842)	high	se-kort+located+place-type	
Ved Languedoc-Canalen	Ved Languedoc-Canalen	skildringen af sejladsen på kanalen stammer fra Dagbogen 15. juli 1846, dvs. fra hjemturen, mens den store mængde vandmænd blev observeret 4. juli på udturen.	1855	1855	17	Mit Livs Eventyr (inklusive Fortsættelse og Tillæg)	339	1	v17:339 (1855)	medium	located+place-type+split-ellipsis	
Vega	Vega	frodig slette mellem bjergene omkring Granada.	1840	1840	11	Maurerpigen	466	1	v11:466 (1840)	medium	located+place-type	
Velletri	Velletri	se kort.	1842	1842	14	En Digters Bazar	338	1	v14:338 (1842)	high	se-kort	
Vendome	Vendome	Vendôme-pladsen i Paris, anlagt i 1600-tallet; pladsen domineres af en sejrssøjle, rejst 1806-1810 af kejser Napoleon 1., med en statue af ham selv på toppen.	1867	1867	8	Af Kjendte og glemte Digte	391	1	v8:391 (1867)	medium	located+place-type	
Venersborg	Wenersborg	Venersborg, hvor H.C. Andersen opholdt sig 2.-5. august 1849.	1869	1869	18	Mit Livs Eventyr (inklusive Fortsættelse og Tillæg)	104	1	v18:104 (1869)	high	head-noun+place-type	
Venlo	Venlo(s)	by i den nederlandske provins Limburg, 70 km syd for Maastricht; blev 1543 belejret og erobret af den tyske kejser Karl 5. og hans hær på 40.000 mand.	1774	1774	11	Festen paa Kenilworthengelsk by sydøst for Birmingham med ruiner af Kenilworth Slot.Kenilworth	16	1	v11:16 (1774)	high	head-noun+place-type	
Verdenshav	Verdenshav	Atlanterhavet.	1868	1868	15	Et Besøg i Portugal 1866	432	1	v15:432 (1868)	high	head-noun+place-type	
Verdun	Verdun	formentlig Vardim; se kort.	1842	1842	14	En Digters Bazar	514	1	v14:514 (1842)	high	se-kort	
Verona	Verona	på den nordlige del af Posletten øst for Gardasøen; byen er kendt for sit romerske amfiteater. ¶ se kort.	1835	1835 1842	4 14	Improvisatoren	347	2	v4:347 (1835); v14:261 (1842)	high	in-register+place-type+se-kort	geo-3164527
Vesterviig	Vesterviig	folkevisen lokaliserer begivenhederne til Vestervig klosterkirke i Thy; Buris lænkes til kirken og Kirsten begraves i den.			8	(untitled)	413	1	v8:413 ()	medium	located+place-type	
Vestervovov	Vestervovov	Vesterhavet.	1836	1836	4	O. T.	373	1	v4:373 (1836)	high	head-noun+place-type	
Vestervovvov	Vestervovvov	Vesterhavet.	1865	1865	3	Bispen paa Børglum og hans Frænde	79	1	v3:79 (1865)	high	head-noun+place-type	
Vestfold	Vestfold	landskab i Norge beliggende på vestsiden af Oslofjorden; i det 8. og 9. århundrede var Vestfold sæde for den kongeslægt, der senere kom til at herske over Norden.	1822	1822	9	Ungdoms-Forsøg	82	1	v9:82 (1822)	high	head-noun+located+place-type	
Vesuv	Vesuv | Vesuv(s)	vulkan 10 km sydøst for Napoli; se kort. ¶ vulkan ved Napoli, hvis udbrud 79 e.Kr. ødelagde de to romerske byer Pompeji og Herculanum.	1842	1842 1855	14 17	En Digters Bazar	228	2	v14:228 (1842); v17:292 (1855)	high	se-kort+head-noun+located+place-type	
Via Toledo	Toledogade | Toledogaden	Via Toledo, hovedgade i Napoli. ¶ Via Toledo, hovedgade i Napoli, dengang berygtet for sin prostitution.	1842	1842 1846	14 16	En Digters Bazar	363	2	v14:363 (1842); v16:324 (1846)	medium	located+place-type	
Vicenza	Vicenza	by nord for Padua.	1835	1835	4	Improvisatoren	347	1	v4:347 (1835)	high	head-noun+located+place-type	
Vidin	Widdin	Vidin; se kort. ¶ Vidin; by ved Donau i det nordvestlige Bulgarien, den anden af landets to grænseovergange over Donau.	1842	1842 1855	14 17	En Digters Bazar	516	2	v14:516 (1842); v17:221 (1855)	high	se-kort+head-noun+located+place-type	geo-725905
Vierlandene	Vierlandene	Vierlande. Landskab ved Hamborg bestående af fire kirkesogne.	1831	1831	14	Skyggebilleder af en Reise til Harzen, det sachsiske Schweitz etc. etc., i Sommeren 1831	74	1	v14:74 (1831)	medium	located+place-type	
Viken	Wigen	Viken; se kort 2.	1851	1851	15	I Sverrig	32	1	v15:32 (1851)	high	se-kort	
Villa Borghese	Villa Borghese	Borghesefamiliens sommerpalads, opført 1613-1614 med tilhørende anlagt park.	1842	1842	14	En Digters Bazar	310	1	v14:310 (1842)	high	in-register	geo-6946429
Villa-Borghese	Villa-Borghese	fyrsteslægten Borgheses lystslot og parkanlæg i Rom.	1851	1851	15	I Sverrig	61	1	v15:61 (1851)	medium	located+place-type	
Villafranca di Verona	Villafranca di Verona	Villafranca di Verona, ca. 25 km fra Mantova, som er domineret af Sgaligernes kolossale fæstning Castello Scaligero; se kort.	1842	1842	14	En Digters Bazar	262	1	v14:262 (1842)	high	se-kort	
Vissenberg	Vissenberg	Vissenbjerg ligger ca. 10 km vest for Odense. Ifølge sagnet holdt en røverbande til her i dybe gange under landevejen. Når en vogn passerede, ringede ophængte klokker. Jf. Thiele 1, 2, s. 11-14. H.C. Andersens stykke blev ikke udgivet som helhed i hans levetid.	1832	1832	16	Levnedsbog	92	1	v16:92 (1832)	high	head-noun+place-type+split-ellipsis	
Vissenbjerg	Vissenberg	Vissenbjerg, sogn ca. 10 km vest for Odense. Sagnet fortæller, at en røverbande her havde dybe gange under landevejene, og at der i røverkulens loft hang klokker, som ringede, når nogen kørte forbi, jf. Thiele 1, 2.	1822	1822	10	Scene af: Røverne i VissenbergVissenbjerg, sogn ca. 10 km vest for Odense. Sagnet fortæller, at en røverbande her havde dybe gange under landevejene, og at der i røverkulens loft hang klokker, som ringede, når nogen kørte forbi, jf. Thiele 1, 2.Vissenberg i Fyen	63	1	v10:63 (1822)	high	head-noun+located+place-type	
Vitoria	Vitoria	se kort.	1863	1863	15	I Spanien	407	1	v15:407 (1863)	high	se-kort	
Voel	Voel	landsby nordøst for Silkeborg.	1857	1857	6	»At være eller ikke være«	43	1	v6:43 (1857)	high	head-noun+located+place-type	
Volden	Volden	Christianshavn blev oprindelig i tiden efter 1618 anlagt efter en symmetrisk byplan, omgivet af grave og volde med bastioner.	1829	1829	9	Fodreise fra Holmens Canal til Østpynten af Amager i Aarene 1828 og 1829	199	1	v9:199 (1829)	high	head-noun+place-type	
Volksgarten	Volksgarten	Folkeparken ved Burgtheater og parlamentet.	1837	1837	5	Kun en Spillemand	220	1	v5:220 (1837)	high	in-register	geo-6697258
Vouga	Vouga	se kort.	1868	1868	15	Et Besøg i Portugal 1866	461	1	v15:461 (1868)	high	se-kort	
Vukovar	Yucavar	Vukovar, 50 km vest for Novi-Sad; se kort.	1842	1842	14	En Digters Bazar	543	1	v14:543 (1842)	high	se-kort	geo-3187047
Vänern	Vänern	Vänern; se kort 1-2.	1851	1851	15	I Sverrig	15	1	v15:15 (1851)	high	se-kort	
Vänersborg	Vänersborg	Vänersborg, 10 km nord for Trollhättan.	1855	1855	17	Mit Livs Eventyr (inklusive Fortsættelse og Tillæg)	183	1	v17:183 (1855)	high	head-noun+place-type	
Västergötland	Vestgothland | Westergötland	Västergötland, landskab i Sydsverige mellem Göteborg og Vättern. ¶ Västergötland; se kort.	1822	1822 1851	9 15	Ungdoms-Forsøg	90	2	v9:90 (1822); v15:37 (1851)	high	located+place-type+se-kort	
Västerås	Westeraas	Västerås; se kort 1-2.	1851	1851	15	I Sverrig	70	1	v15:70 (1851)	high	se-kort	
Vättern	Wettern	Vättern; se kort 1-2.	1851	1851	15	I Sverrig	35	1	v15:35 (1851)	high	se-kort	
Vélez Málaga	Velez-Malaga	Vélez Málaga, se kort.	1863	1863	15	I Spanien	290	1	v15:290 (1863)	high	se-kort	
Waizen	Waizen	tysk navn for Vác; se kort.	1842	1842	14	En Digters Bazar	559	1	v14:559 (1842)	high	se-kort	
Walhalla	Valhalla | Walhalla	Walhalla, marmortempel opført 1830-1842 ved Donaufloden 10 km øst for Regensburg (se kort) af Klenze, på foranledning af Ludwig 1. af Bayern. Det er opkaldt efter gudernes bolig i nordisk mytologi og rummer buster af betydningsfulde personer i den tyske historie. ¶ jf. Dagbogen 28. februar 1843: »interessantest var et Tog af Børn til Hest, hvor deres egne Been bar dem og Paphestene svævede omkring dem de reed et indstuderet Ridt efter Musikken, dernæst et Narhalle / Parodie paa det ved Regensburg«. Walhalla, marmortempel opført 1830-1842 ved Donaufloden øst for Regensburg af Leo von Klenze på foranledning af Ludwig 1. af Bayern. Det er opkaldt efter gudernes bolig i nordisk mytologi og rummer buster af betydningsfulde personer i den tyske historie.	1842	1842 1855	14 17	En Digters Bazar	246	2	v14:246 (1842); v17:250 (1855)	high	se-kort+place-type+in-register	geo-2814751
Wallenstädtersøe	Wallenstädtersøe	Linthkanal ved floden Weesen fører ud i Wallensee; se kort.	1858	1858	15	Fortællinger og Vers for Større og Mindre	153	1	v15:153 (1858)	high	se-kort+place-type+split-ellipsis	
Wandsbeck	Wandsbeck	se kort.	1831	1831	14	Skyggebilleder af en Reise til Harzen, det sachsiske Schweitz etc. etc., i Sommeren 1831	72	1	v14:72 (1831)	high	se-kort	
Wartburg	Wartburg	slottet Wartburg ved Eisenach, grundlagt 1067 og opført i det 11. og 12. århundrede, tidligere residens for landsgreverne af Thüringen; på Carl Alexanders foranledning blev det stærkt forfaldne slot restaureret 1847-1889. H.C. Andersen besøgte Wartburg 30. juni 1854.	1869	1869	18	Mit Livs Eventyr (inklusive Fortsættelse og Tillæg)	152	1	v18:152 (1869)	high	head-noun+place-type	
Wesenitz	Wesenitz	biflod til Elben; se kort.	1831	1831	14	Skyggebilleder af en Reise til Harzen, det sachsiske Schweitz etc. etc., i Sommeren 1831	150	1	v14:150 (1831)	high	in-register+se-kort+head-noun+located+place-type	geo-2810656
Wilhelms-Höhe	Wilhelms-Höhe	slot uden for Kassel.	1855	1855	17	Mit Livs Eventyr (inklusive Fortsættelse og Tillæg)	109	1	v17:109 (1855)	high	head-noun+located+place-type	
Willenscharen	Willenscharen	(tysk) viljeskarer; by mellem Neumünster (se kort) og Itzehoe.	1842	1842	14	En Digters Bazar	223	1	v14:223 (1842)	high	se-kort+located+place-type	
Wreta Klosterkirke	Wreta Klosterkirke	i Vreta Kloster, nordvest for Linköping, findes en række gravmonumenter, bl.a. over de svenske konger Inge den Yngre (ca. 1110-1118 konge sammen med broderen Filip, 1118-1125 enekonge) og Magnus Nilssön; gravmonumenterne er dog først bygget i slutningen af 1500-tallet, mens klosteret selv brændte ned i 1248 og en ny kirke i dens sted indviedes 1289.	1840	1840	9	Billedbog uden Billederjf. den tyske komponist Felix Mendelssohn-Bartholdys (1809-1847) klaverstykker <i>Lieder ohne Worte</i>, 1829-1845 (sange uden ord).Billedbog uden Billeder	394	1	v9:394 (1840)	medium	located+place-type+split-ellipsis	
Würtemberg	Würtemberg	da et selvstændigt kongerige i Det Tyske Forbund, nu Baden-Württemberg.	1863	1863	15	I Spanien	352	1	v15:352 (1863)	medium	located+place-type	
Xenil	Xenil	el. Genil, se kort.	1863	1863	15	I Spanien	290	1	v15:290 (1863)	high	se-kort	
Xeres de la Frontera	Xeres de la Frontera	el. Jeres de la Frontera, se kort.	1863	1863	15	I Spanien	352	1	v15:352 (1863)	high	se-kort	
Yrun	Yrun	Irún ved grænsen til Frankrig, se kort.	1863	1863	15	I Spanien	411	1	v15:411 (1863)	high	se-kort	
Zacatin	Zacatin	handelsgade fra maurisk tid.	1863	1863	15	I Spanien	302	1	v15:302 (1863)	high	head-noun+place-type	
Zaragoza	Saragossa	Zaragoza, se kort.	1863	1863	15	I Spanien	236	1	v15:236 (1863)	high	se-kort	
Zea	Zea	eller Tzia; ø i det Ægæiske Hav, sydøst for Attika; del af øgruppen Kykladerne; se kort.	1842	1842	14	En Digters Bazar	397	1	v14:397 (1842)	high	se-kort+located+place-type	
Zemin	Semlin	Zemin; se kort.	1842	1842	14	En Digters Bazar	542	1	v14:542 (1842)	high	se-kort	
Zenil	Zenil(s)	eller Genil, flod ved Granada.	1840	1840	11	Maurerpigen	465	1	v11:465 (1840)	medium	located+place-type	
Zibru	Zibru	Corabia (Cibaˇr), 15 km før Lom; se kort.	1842	1842	14	En Digters Bazar	517	1	v14:517 (1842)	high	se-kort	
Zigeuner-Qvarteret	Zigeuner-Qvarteret	bydelen Albaicin, som menes før at have huset maurerflygtninge, jf. Hackländer 2 s. 252.	1863	1863	15	I Spanien	297	1	v15:297 (1863)	high	head-noun+place-type	
Zimnicea	Simnitza	Zimnicea; se kort.	1842	1842	14	En Digters Bazar	514	1	v14:514 (1842)	high	se-kort	geo-662187
Zürich	Zürich	se kort.	1858	1858	15	Fortællinger og Vers for Større og Mindre	153	1	v15:153 (1858)	high	se-kort	
»Rosenvænget«	»Rosenvænget«	kvarter på det ydre Østerbro, grænsende op til Øresund, hvor en række prominente borgere og kunstnere fra 1850’erne, bl.a. Johanne Luise Heiberg (1812-1890), lod opføre villaer.	1875	1875	9	Nær og Fjern	567	1	v9:567 (1875)	high	head-noun+located+place-type	
Årsta	Godset Aosta | Aosta	Årsta, gods i Österhaninge, ca. 25 km fra Stockholm; godset købtes 1805 af Carl Fredrik Bremer, Fredrika Bremers far. ¶ Årsta; gods 25 km fra Stockholm ved Horsfjorden. Det var 1805 blevet købt af Fredrika Bremers far, og her døde hun selv.	1869	1869	18	Mit Livs Eventyr (inklusive Fortsættelse og Tillæg)	95	2	v18:95 (1869); v18:289 (1869)	high	located+place-type+head-noun	
Årøsund	Arøsund	Årøsund, 15 km øst for Haderslev ved Årø i Lillebælt.	1855	1855	17	Mit Livs Eventyr (inklusive Fortsættelse og Tillæg)	223	1	v17:223 (1855)	high	head-noun+located+place-type	
Ægina	Ægina	(Ejina, evt. Egina); se kort.	1842	1842	14	En Digters Bazar	382	1	v14:382 (1842)	high	se-kort	
Çanakkale	Çanakkale	Çanakkale; se kort.	1842	1842	14	En Digters Bazar	448	1	v14:448 (1842)	high	se-kort	geo-749780
Érd	Erdød	Érd; se kort.	1842	1842	14	En Digters Bazar	550	1	v14:550 (1842)	high	se-kort	
Øen i Sydhavet	Øen i Sydhavet	Adam Oehlenschläger Øen i Sydhavet. Roman, 1824-1825.	1832	1832	16	Levnedsbog	138	1	v16:138 (1832)	medium	located+place-type	
Øiesyn	Øiesyn	domkirken blev påbegyndt 1262, dvs. Cid har ikke kunnet overse byen fra kirkens tårn.	1863	1863	15	I Spanien	245	1	v15:245 (1863)	high	head-noun+place-type+split-ellipsis	
Ørebæk	Ørebæk	landsbyen Ørbæk sydvest for Nyborg.	1837	1837	5	Kun en Spillemand	21	1	v5:21 (1837)	high	head-noun+located+place-type	
Øresund	Øresund	Øresund, formodentlig mellem Helsingør og Helsingborg, hvor det er smallest.			8	Af Samlede Skrifter	537	1	v8:537 ()	high	head-noun+located+place-type	
Ørk	Ørk	ørken.	1842	1842	14	En Digters Bazar	578	1	v14:578 (1842)	high	head-noun+place-type	
Østens Patriark	Østens Patriark	den kristne kirke blev fra 395 gradvist delt i en vestlig og en østlig med henholdsvis paven i Rom og paven i Konstantinopel som magtcentrer.			12	AhasverusDen evige Jøde, Jerusalems Skomager, skikkelse fra et middelalderligt sagn, ofte behandlet i dansk litteratur på H.C. Andersens tid. If. sagnet slog Ahasverus Jesus, da denne var på vej til korsfæstelsen på Golgathabjerget; derfor må han vandre fredløs om i verden til evig tid uden at kunne dø. En dansk bearbejdelse, 1607, af en tysk folkebog om Ahasverus fra 1602 er gået tabt; en dansk udgave fra 1631 er bevaret. En almuevise om Ahasverus stammer formentlig fra 1700-tallets første del.Ahasverus	302	1	v12:302 ()	high	head-noun+place-type	
