place	lemma_andersen	explanation	year	years	volumes	work	page	occurrences	references	confidence	evidence	geo_id
1284 … plyndret af Nordmændene	1284 … plyndret af Nordmændene	kilden er ikke fundet.	1860	1860	15	Folkekalender for Danmark	189	1	v15:189 (1860)	high	head-noun+place-type	
Acropolis	Acropolis	ruinerne af Athens højtbeliggende borg- og tempelområde.	1846	1846	16	Mit eget Eventyr uden Digtning	258	1	v16:258 (1846)	high	in-register+head-noun+place-type	geo-265409
Adam Knuth	Adam Knuth	Adam Knuth, brodersøn til Marie Elisabeth Moltke fra Bregentved, hvorfra H.C. Andersen kendte ham (jf. Almanakken 31. december 1846); Adam Knuth meldte sig 1848 som frivillig og blev samme år sekondløjtnant; i slaget ved Fredericia 6. juli 1849 blev han hårdt såret og invalideret.	1869	1869	18	Mit Livs Eventyr (inklusive Fortsættelse og Tillæg)	75	1	v18:75 (1869)	medium	located	
Adolf von Brockhausen	Baron Brockhausen	Adolf von Brockhausen, preussisk gesandt i Napoli; H.C. Andersen inviteredes til middag hos Adolf von Brockhausen 11. maj 1846.	1855	1855	17	Mit Livs Eventyr (inklusive Fortsættelse og Tillæg)	331	1	v17:331 (1855)	medium	located	
af de kongelige Palaier paa Amalienborg	af de kongelige Palaier paa Amalienborg	P.F. Wulff blev 1824 chef for søkademiet, der 1788-1827 havde til huse i Brockdorffs Palæ (Frederik 8.s Palæ) på Amalienborg, hvor familien fik embedsbolig.	1855	1855	17	Mit Livs Eventyr (inklusive Fortsættelse og Tillæg)	74	1	v17:74 (1855)	medium	located	
Akropolis	Akropolis	ruinerne af en befæstet by og religiøst centrum i Athen. Jf. Hackländer: »man könnte sagen, sie ist die Akropolis von Granada« (2 s. 254).	1863	1863	15	I Spanien	294	1	v15:294 (1863)	high	head-noun+located+place-type	
Alameda	Alameda	hovedgaden.	1869	1869	18	Mit Livs Eventyr (inklusive Fortsættelse og Tillæg)	257	1	v18:257 (1869)	high	head-noun+place-type	
Albanerbjergene	Albanerbjergene	30 km sydøst for Rom; se kort.	1870	1870	15	Breve fra og til Hans Christian Ørsted, 2. Samling	491	1	v15:491 (1870)	high	se-kort	
Alcázar de San Juan	Alcazar de San Juan	Alcázar de San Juan, se kort.	1863	1863	15	I Spanien	379	1	v15:379 (1863)	high	se-kort	
Algeciras	Algeciras	se kort.	1863	1863	15	I Spanien	256	1	v15:256 (1863)	high	se-kort	
Alhama de Granada	Alhama	Alhama de Granada, se kort.	1863	1863	15	I Spanien	290	1	v15:290 (1863)	high	se-kort	
Alhambra	Alhambra	maurerkongernes slot uden for Granada; det omtalte besøg fandt sted den 7.	1869	1869	18	Mit Livs Eventyr (inklusive Fortsættelse og Tillæg)	257	1	v18:257 (1869)	medium	located+place-type	
Alleenberg	Alleenberg	forlystelseshave på Frederiksberg Allé 1841-1923.	1863	1863	15	I Spanien	309	1	v15:309 (1863)	medium	located+place-type	
allerede som lille Barn optraadt paa Scenen	allerede som lille Barn optraadt paa Scenen	Weissenthurn blev i 1789 15 (el. 16) år gammel ansat ved Burgtheater.	1855	1855	17	Mit Livs Eventyr (inklusive Fortsættelse og Tillæg)	164	1	v17:164 (1855)	medium	located	
Almadén	Almaden	Almadén, se kort.	1863	1863	15	I Spanien	275	1	v15:275 (1863)	high	se-kort	
Almansa og Alicante	Almansa og Alicante	se kort. H.C. Andersen gjorde ophold i Almansa og ankom til Alicante 20. september, hvor han opholdt sig til 23 september 1862.	1863	1863	15	I Spanien	250	1	v15:250 (1863)	high	se-kort	
Almería	Almeria	Almería, se kort.	1863	1863	15	I Spanien	286	1	v15:286 (1863)	high	se-kort	
Alster	Alsteren	Alster, biflod til Elben, der løber igennem Hamburg (og som er omdannet til søerne Binnen-Alster og Außen-Alster).	1855	1855	17	Mit Livs Eventyr (inklusive Fortsættelse og Tillæg)	249	1	v17:249 (1855)	medium	located+place-type	geo-2958108
Altdorf	Altorf	Altdorf, by ved enden af Vierwaldstättersees østlige gren; se kort.	1861	1861	15	Illustreret Tidende	209	1	v15:209 (1861)	high	se-kort+place-type	
Amalfi	Amalfi	kystby i Salernobugten 25 km vest for Salerno.	1855	1855	17	Mit Livs Eventyr (inklusive Fortsættelse og Tillæg)	153	1	v17:153 (1855)	high	in-register+head-noun+located+place-type	geo-3183130
Amrom	Amrom	øen Amrum vest for Föhr.	1855	1855	17	Mit Livs Eventyr (inklusive Fortsættelse og Tillæg)	287	1	v17:287 (1855)	high	head-noun+place-type	
Andújar	Andujar	Andújar, se kort.	1863	1863	15	I Spanien	376	1	v15:376 (1863)	high	se-kort	
anmeldte under Mærket y–	anmeldte under Mærket y–	H.C Andersens anmeldelse af H.C. Ørsteds foredrag i Selskabet for Naturlærens Udbredelse er trykt uden titel under mærket »« i Kjøbenhavns-Posten, nr. 108, 20. april 1839 (se denne udgaves bd. 9, s. 484-485).	1855	1855	17	Mit Livs Eventyr (inklusive Fortsættelse og Tillæg)	83	1	v17:83 (1855)	medium	located	
Anna Barbara Jensenius	Præste-Enke	Anna Barbara Jensenius, f. Petersen, enke efter sognepræst til Vejlby ved Middelfart Johan Jürgen Jensenius. Hun boede i stiftelsen Eilschous Boliger i Munkemøllestræde skråt overfor H.C. Andersens barndomshjem.	1846	1846	16	Mit eget Eventyr uden Digtning	189	1	v16:189 (1846)	medium	located+place-type	
Antvorskov Kloster	Antvorskou-Slot	Antvorskov Kloster, 1 km syd for Slagelse, blev nedrevet 1816.	1846	1846	16	Mit eget Eventyr uden Digtning	213	1	v16:213 (1846)	medium	located+place-type	
Aranjuez	Aranjuez | Aranjues	se kort. ¶ Aranjuez, spansk by ca. 40 km syd for Madrid, kendt for sit kongelige slot med det smukke haveanlæg, bygget 1561-1567 under Filip 2.	1863	1863 1869	15 18	I Spanien	379	2	v15:379 (1863); v18:263 (1869)	high	se-kort+located+place-type	
Archipel	Archipel	øhav, oprindeligt brugt om Ægæerhavet.	1851	1851	15	I Sverrig	53	1	v15:53 (1851)	high	head-noun+place-type	
Archipelagus	Archipelagus	øhav.	1846	1846	16	Mit eget Eventyr uden Digtning	244	2	v16:244 (1846); v16:292 (1846)	high	head-noun+place-type	
Arenz	Arenz	Henr. Ahrenz var søn af en købmand i Hamburg, 1839 gift med en kusine til brødrene O’Neill.	1868	1868	15	Et Besøg i Portugal 1866	456	1	v15:456 (1868)	medium	located	
Ariccia	Ariccia	by 11 km syd for Grottaferrata.	1855	1855	17	Mit Livs Eventyr (inklusive Fortsættelse og Tillæg)	138	1	v17:138 (1855)	high	head-noun+located+place-type	
Arthur Richard Wellesley	den nuværende Hertug af Wellington	Arthur Richard Wellesley, søn af sejrherren ved Waterloo, Arthur Wellesley, hertug af Wellington; ved faderens død 1852 arvede Arthur Richard Wellesley hertugtitlen.	1869	1869	18	Mit Livs Eventyr (inklusive Fortsættelse og Tillæg)	39	1	v18:39 (1869)	medium	located	
Asmildkloster	Asmildkloster	herregård ved Viborg. Oprindelig et kloster for nonner af Augustinerordenen beliggende i Asmild Kirkes nordfløj. Efter reformationen blev klostret omdannet til herregård.	1832	1832	16	Levnedsbog	159	1	v16:159 (1832)	high	head-noun+located+place-type	
Asturien	Asturien	region i Nordvestspanien.	1863	1863	15	I Spanien	301	1	v15:301 (1863)	high	head-noun+located+place-type	
Atlasbjerge	Atlasbjerge	bjergkæde, der strækker sig fra Sydvest-Marokko til Nordøst-Tunesien.	1863	1863	15	I Spanien	336	1	v15:336 (1863)	high	head-noun+located+place-type	
Augustenborg	Augustenborg	slottet ligger på Als.	1846	1846	16	Mit eget Eventyr uden Digtning	294	1	v16:294 (1846)	high	head-noun+located+place-type	
Augustenborg Liedertafel	»Liedertafel«	Augustenborg Liedertafel, den lokale tyske sangforening, stiftet 1843; da flere af medlemmerne havde forbindelser til hoffet, medvirkede foreningen ved flere lejligheder ved hertugfamiliens fester.	1855	1855	17	Mit Livs Eventyr (inklusive Fortsættelse og Tillæg)	294	1	v17:294 (1855)	high	head-noun+place-type	
Aveiro	Aveiro	se kort; romernes Talabriga, gammelt bispesæde og vigtig havn med salteksport frem til 1575, da havnen sandede til. På H.C. Andersens tid var byen hensygnende. Udflugten fandt sted den 20.21. juli.	1868	1868	15	Et Besøg i Portugal 1866	461	1	v15:461 (1868)	high	se-kort+place-type	
Avesta	Avesta(’s)	se kort 2. Fra 1636 lå her et kobberforædlingsværk.	1851	1851	15	I Sverrig	118	1	v15:118 (1851)	high	se-kort	
Bailen	Baylen	Bailen, se kort; her sejrede spanske styrker over Napoleon juli 1808 under uafhængighedskrigen.	1863	1863	15	I Spanien	376	1	v15:376 (1863)	high	se-kort	
Balle-Kirke	Balle-Kirke	i sognet nord for Silkeborg i det daværende Viborg amt.	1854	1854	15	Folkekalender for Danmark	139	1	v15:139 (1854)	medium	located+place-type	
Barbarer	Barbarer	både i betydningen ucivilicerede, barbariske folk og berbere, indbyggere i Berberiet el. Barbareskstaterne, som er en ældre fællesbetegnelse for Marokko, Algeriet, Tunis og Tripolitania (i Libyen).	1863	1863	15	I Spanien	332	1	v15:332 (1863)	medium	located	
Barcelona	Barcelona	se kort; H.C. Andersen opholdt sig her 6.-16. september 1862.	1863	1863	15	I Spanien	226	1	v15:226 (1863)	high	se-kort	
Barkedalen	Barkedalen	Barkdalen ved Leksand, hvor kirkegængere, der kom ad søvejen, lagde til.	1851	1851	15	I Sverrig	86	1	v15:86 (1851)	high	head-noun+place-type	
Barnaby Rudge	Barnaby Rudge	Barnaby Rudge, 1840-1841, (dansk med samme titel 1845).	1860	1860	15	Berlingske politiske Avertissements-Tidende	166	1	v15:166 (1860)	high	head-noun+place-type	
Bascara	Bascara	se kort.	1863	1863	15	I Spanien	224	1	v15:224 (1863)	high	se-kort	
Bastholms Bibliothek	Bastholms Bibliothek	præst ved Sankt Peders Kirke i Slagelse, Hans Bastholm, havde samlet et omfattende bibliotek, der i 1825 bestod af 5435 bind og i 1847 af 7226. I 1826 traf Bastholm aftale med Sorø Akademi om, at man kunne overtage bogsamlingen på et senere tidspunkt mod en livrente til ham og hans kone. I 1846 overgik de første 5000 bind og resten efter Bastholms død i 1866.	1832	1832	16	Levnedsbog	99	1	v16:99 (1832)	medium	located+place-type	
Bastillen	Bastillen	middelalderborg i Paris anvendt som fængsel, stormet den 14. juli 1789 som start på den franske revolution og nedrevet umiddelbart efter.	1855	1855	17	Mit Livs Eventyr (inklusive Fortsættelse og Tillæg)	15	1	v17:15 (1855)	high	head-noun+located+place-type	
Bayonne	Bayonne | Bajonne	fransk by ved grænsen til Spanien. ¶ Bayonne, by ved Golfe de Gascogne ca. 25 km fra grænsen til Spanien.	1863	1863 1868	15	I Spanien	350	2	v15:350 (1863); v15:422 (1868)	medium	located+place-type	
Beaulieus yngre Broder Edmond	Beaulieus yngre Broder Edmond	formodentlig August von Beaulieu-Marconnay, bror til Carl von Beaulieu-Marconnay og løjtnant i oldenburgsk tjeneste; han endte som major i den østrigske hær. Ifølge Dagbogen mødte H.C. Andersen ham 4. juli 1844 og gjorde 9.12. juli en udflugt til Tharandt, sydvest for Dresden, hvor August von Beaulieu-Marconnay opholdt sig.	1855	1855	17	Mit Livs Eventyr (inklusive Fortsættelse og Tillæg)	282	1	v17:282 (1855)	medium	located	
Behobie	Behobie	lille by ca. 2 km fra Irún.	1863	1863	15	I Spanien	412	1	v15:412 (1863)	high	head-noun+located+place-type	
Ben Lomond	Ben Lomond	bjerg ved bredden af Loch Lomond.	1869	1869	18	Mit Livs Eventyr (inklusive Fortsættelse og Tillæg)	54	1	v18:54 (1869)	high	head-noun+place-type	
Benavente	Benavente	se kort.	1868	1868	15	Et Besøg i Portugal 1866	461	1	v15:461 (1868)	high	se-kort	
Bergsäng	Bergsäng	se kort 2 (mellem Leksand og Rättvik).	1851	1851	15	I Sverrig	96	1	v15:96 (1851)	high	se-kort	
betegnede Heiberg det	betegnede Heiberg det	jf. J.L. Heibergs anmeldelse af teaterbearbejdelsen af Agnete og Havmanden i Intelligensblade, nr. 29-30, 1. juni 1843: »Dersom det ikke var det paa Theatret opførte Udtog af Digtet, jeg her skulde omtale, men dette selv, saa vilde jeg sige, at det var et yderst mat og kraftløst Arbeide, der støtter sig paa overfladisk tilegnede Reminiscenser af Sujettets forskjellige Bearbeidelser, er udpyntet med endeel tom og falsk Lyrik, og i det hele vidner om Forfatterens sædvanlige Mangel paa Opfindelse og paa Evne til at bringe fornuftig Sammenhæng i sine Characterer og Klarhed i de fremstilte Ideer. Alle Modsætninger, som skulde staae i organisk Bestemthed imod hinanden, røres her sammen i en jevn Velling, hvori hverken den ene eller den anden er kjendelig (...) At Sagen ikke er bleven bedre, men snarere værre ved det Udtog af Digtet, som man har transporteret umiddelbart fra Bogladen op paa Scenen, forstaaer sig af sig selv. Men herved maa erindres – hvad allerede offentlig er bemærket – at Forfatteren ikke af egen Drift har bestemt sig til at bringe sit Arbeide paa Scenen, men anmodet derom af en Skuespiller, som var i Forlegenhed med sin Sommerforestilling. Rigtignok havde det været bedre, om hans Tilbøielighed til at gjøre en Tjeneste ikke havde forledet ham til at opoffre sig selv, og om Componisten Hr. Gade ikke havde ødslet sin characteristiske, følelsesfulde Musik paa et Arbeide, hvorom det var saa let at forudsige, at det ikke kunde bære den«.	1855	1855	17	Mit Livs Eventyr (inklusive Fortsættelse og Tillæg)	296	1	v17:296 (1855)	medium	located	
Biarrits	Biarrits	kystby sydvest for Bayonne.	1868	1868	15	Et Besøg i Portugal 1866	422	1	v15:422 (1868)	high	head-noun+located+place-type	
Biarritz	Biarrits	Biarritz, fransk by ved den vestlige grænse til Spanien. H.C. Andersen opholdt sig her 27.-29. december 1862.	1863	1863	15	I Spanien	407	1	v15:407 (1863)	medium	located+place-type	
Bilbao	Bilbao	se kort.	1863	1863	15	I Spanien	408	1	v15:408 (1863)	high	se-kort	
Bjergene	Bjergene	Sierra de Guadarrama nordøst for Madrid, se kort.	1863	1863	15	I Spanien	384	1	v15:384 (1863)	high	se-kort	
Bloksbjerg	Brocken(s)	Bloksbjerg, bjergkæde i Harzen.	1868	1868 1869	15 18	Et Besøg i Portugal 1866	468	2	v15:468 (1868); v18:315 (1869)	high	in-register+head-noun+located+place-type	place-000023
Blomberg	Blomberg	herregård.	1851	1851	15	I Sverrig	25	1	v15:25 (1851)	high	head-noun+place-type	
Bodensee	Bodensøe	Bodensee; se kort.	1858	1858	15	Fortællinger og Vers for Større og Mindre	153	1	v15:153 (1858)	high	se-kort	
Bohus	Bohus	se kort 2.	1851	1851	15	I Sverrig	71	1	v15:71 (1851)	high	se-kort	
Bordeaux	Bordeaux	by i det sydvestlige Frankrig ved Biscayabugten ca. 200 km fra grænsen til Spanien.	1868	1868	15	Et Besøg i Portugal 1866	421	1	v15:421 (1868)	high	head-noun+place-type	
Borg	Borg	Næsbyhoved Slot. Ødelagt i 1534 under Grevens Fejde og endelig nedrevet i 1764.	1832	1832	16	Levnedsbog	160	1	v16:160 (1832)	medium	located+place-type	
Borreby	Borreby	hovedgård 2 km syd for Skelskør.	1869	1869	18	Mit Livs Eventyr (inklusive Fortsættelse og Tillæg)	224	1	v18:224 (1869)	high	head-noun+located+place-type	
Bosporus	Bosporus	stræde ved Istanbul, der forbinder Sortehavet med Marmarahavet.	1855	1855	17	Mit Livs Eventyr (inklusive Fortsættelse og Tillæg)	297	1	v17:297 (1855)	high	in-register+head-noun+located+place-type	geo-745043
Bosporusstrædet	Bosporus	Bosporusstrædet, 30 km langt stræde ved Istanbul.	1851	1851	15	I Sverrig	61	1	v15:61 (1851)	high	in-register+located+place-type	
Bregentved	Bregentved	hovedgård 5 km sydøst for Haslev. ¶ hovedgård ved Haslev, ejet af lensgreve Adam Wilhelm Moltke og komtesse Marie Elisabeth Moltke. H.C. Andersen var første gang gæst på Bregentved i sommeren 1842 og kom der flittigt op igennem 1840’erne.	1846	1846 1855	16 17	Mit eget Eventyr uden Digtning	263	2	v16:263 (1846); v17:234 (1855)	high	head-noun+located+place-type	
Breitenburg	Breitenburg	gehejmestatsminister Andreas Conrad Peter Rantzaus borg syd for Itzehoe i Slesvig-Holsten, hvor H.C. Andersen opholdt sig 2.-19. februar 1843.	1855	1855	17	Mit Livs Eventyr (inklusive Fortsættelse og Tillæg)	249	1	v17:249 (1855)	high	in-register+located+place-type	geo-2944627
Brudeskare … forsvunden	Brudeskare … forsvunden	kilden er ikke fundet.	1860	1860	15	Folkekalender for Danmark	195	1	v15:195 (1860)	high	head-noun+place-type	
Brunnbäcks Färja	Brunbäck Færge	Brunnbäcks Färja; færgested ved Dalälvens udmunding nær Avesta. Se kort 2.	1851	1851	15	I Sverrig	95	1	v15:95 (1851)	high	se-kort+located	
Bråviken	Braavigen	Bråviken; se kort 2.	1851	1851	15	I Sverrig	53	1	v15:53 (1851)	high	se-kort	
Bunkeflod var død	Bunkeflod var død	Bunkeflod døde i 1805.	1832	1832	16	Levnedsbog	63	1	v16:63 (1832)	high	head-noun+place-type	
Burgtheater	Burgtheater	kongeligt teater åbnet 1742, siden flyttet. På H.C. Andersens tid Wiens fornemste teater.	1846	1846	16	Mit eget Eventyr uden Digtning	249	1	v16:249 (1846)	medium	located	
Bålstad	Bålstad	muligvis Båtsta ca. 3 km nordvest for Borlänge (se kort 2). Österdalälven og Västerdalälven mødes dog lidt længere mod vest, nemlig syd for Siljan.	1851	1851	15	I Sverrig	117	1	v15:117 (1851)	high	se-kort	
Børglum Kloster	Børglum Kloster	hovedgård 20 km sydvest for Hjørring nær Løkken Strand; tidligere kongsgård (1000-tallet), bispesæde (fra 1130’erne) og præmonstratenserkloster; ved reformationen inddraget under kronen, siden privateje, fra 1835 i slægten Rottbøll.	1869	1869	18	Mit Livs Eventyr (inklusive Fortsættelse og Tillæg)	213	1	v18:213 (1869)	high	head-noun+located+place-type	
Calais til Dover	Calais til Dover	havnebyer ved Den engelske Kanal (strædet ved Dover/Calais) i henholdsvis Nordfrankrig og Sydengland. – Ramsgate: havneby stik vest for London i det vestlige Kent, nord for Dover. – Han havde indbudt mig: i et brev dateret Tavistock House, London den 3.april 1857, indklæbet i Album s. 33. De følgende citater er oversatte fra brevet: »We shall not be at home here in London itself, after the first week in June, but we shall be at a little country house I have, only twenty seven miles away. It is on a line of Railroad, and within an hour and a half of London, in a very beautiful part of Kent«.	1860	1860	15	Berlingske politiske Avertissements-Tidende	160	1	v15:160 (1860)	medium	located+place-type	
Camaldoli	Camaldoli	kloster ved Napoli, beliggende ved et af Vesuvs kratere.	1855	1855	17	Mit Livs Eventyr (inklusive Fortsættelse og Tillæg)	331	1	v17:331 (1855)	high	head-noun+located+place-type	
Campagnen	Campagnen	sletten, der omgiver Rom.	1846	1846	16	Mit eget Eventyr uden Digtning	320	1	v16:320 (1846)	high	head-noun+place-type	
Canal-Reisen til Stockholm	Canal-Reisen til Stockholm	den 25. juni rejser H.C. Andersen ad Göta kanal fra Göteborg mod Stockholm, hvortil han ankommer til 29. juni.	1855	1855	17	Mit Livs Eventyr (inklusive Fortsættelse og Tillæg)	181	1	v17:181 (1855)	medium	located+place-type	
Canton	Canton(et)	en republik inden for den schweiziske forbundsstat.	1855	1855	17	Mit Livs Eventyr (inklusive Fortsættelse og Tillæg)	123	1	v17:123 (1855)	high	head-noun+place-type	
Cap Finisterre	Cap Finisterre	se kort.	1868	1868	15	Et Besøg i Portugal 1866	477	1	v15:477 (1868)	high	se-kort	
Capri	Capri	klippeø 30 km syd for Napoli.	1855	1855	17	Mit Livs Eventyr (inklusive Fortsættelse og Tillæg)	153	1	v17:153 (1855)	medium	located	
Caroline Amalie	Caroline Amalie	H.C. Andersen var 17.20. maj hendes gæst på Sorgenfri Slot ved Lyngby.	1869	1869	18	Mit Livs Eventyr (inklusive Fortsættelse og Tillæg)	192	1	v18:192 (1869)	medium	located+place-type	
Carrara	Carrara	se kort.	1870	1870	15	Breve fra og til Hans Christian Ørsted, 2. Samling	490	1	v15:490 (1870)	high	se-kort	
Cartagena	Cartagena	se kort.	1863	1863	15	I Spanien	256	1	v15:256 (1863)	high	se-kort	
Cartuja	Cartuja	karteuserkloster fra 1516.	1863	1863	15	I Spanien	297	1	v15:297 (1863)	high	head-noun+place-type	
Casa de Pilatos	Pilati Huus … Jerusalem	Casa de Pilatos, palads fra midten af 1500-tallet. Størstedelen er bygget af don Fabrique, marquis af Tarifa efter en rejse til Jerusalem, og det fik ry for at være en efterligning af den romerske præfekt Pontius Pilatus’ (d. 35 e.Kr.) hus. Det blev siden residens for hertugerne af Alcalá de los Gazules (se kort) og Medinaceli (se kort).	1863	1863	15	I Spanien	362	1	v15:362 (1863)	high	se-kort+place-type	
Castel	Castel	(mindre) fæstning, skanse.	1868	1868	15	Et Besøg i Portugal 1866	456	1	v15:456 (1868)	high	head-noun+place-type	
Castellet	Castellet	paladset Dar el Makhzen, bygget af Mulay Ismail, fungerede som bolig for sultanens repræsentant i byen.	1863	1863	15	I Spanien	343	1	v15:343 (1863)	high	head-noun+place-type	
Castelo de Palmela	Palmella	Castelo de Palmela, beliggende på en klippe højt over bjerglandsbyen Palmela i Serra da Arrábida; se kort. Fæstningen, som går tilbage til maurertiden, blev erobret af portugiserne i 1100-taller, ombygget til kloster i 1423 under João 1.	1868	1868	15	Et Besøg i Portugal 1866	431	2	v15:431 (1868); v15:445 (1868)	high	se-kort+place-type	
Ceuta	Ceuta	spansk enklave ved Marokkos kyst, se kort.	1863	1863	15	I Spanien	328	1	v15:328 (1863)	high	se-kort+place-type	
Charlottenborg	hans Bolig	Charlottenborg, slot ved Kgs. Nytorv, hvor Det kongelige Academie for de Skønne Kunster havde til huse, og hvor Bertel Thorvaldsen som akademiets direktør 1833-1844 havde sin embedsbolig.	1855	1855	17	Mit Livs Eventyr (inklusive Fortsættelse og Tillæg)	237	1	v17:237 (1855)	high	head-noun+located+place-type	
Chaux de Fonds	Chaux de Fonds	La Chaux de Fonds i Jurabjergene lidt nordøst for Le Locle; se kort.	1869	1869	15	For Romantik og Historie	484	1	v15:484 (1869)	high	se-kort+place-type	
Cheapside	Cheapside(-Anmeldelse)	forretningsgade i London.	1855	1855	17	Mit Livs Eventyr (inklusive Fortsættelse og Tillæg)	266	1	v17:266 (1855)	high	head-noun+located+place-type	
Chillon	Chillon	middelalderborg ved Genèvesøen (Lac Léman), tæt ved Montreux, som H.C. Andersen besøgte 23. august 1833. ¶ middelalderborg ved Genèvesøen (Lac Léman), tæt ved Montreux; den engelske digter Lord Byron udgav 1816 sonnetten The Prisoner of Chillon (dansk Fangen i Chillon, 1842). H.C. Andersen besøgte slottet 29. juli 1846.	1855	1855 1869	17 18	Mit Livs Eventyr (inklusive Fortsættelse og Tillæg)	122	2	v17:122 (1855); v18:15 (1869)	high	head-noun+located+place-type	
Christian Friedrich Tieck	Billedhuggeren Tieck	Christian Friedrich Tieck, broder til Ludwig.	1846	1846	16	Mit eget Eventyr uden Digtning	307	1	v16:307 (1846)	medium	located	
Civita Vecchia	Civita Vecchia	havneby i Pavestaten; se kort. ¶ kystby nordøst for Rom.	1861	1861 1868	15	Dagbladet	215	2	v15:215 (1861); v15:427 (1868)	high	se-kort+head-noun+located+place-type	
Clapton	Clapton	forstad nord for London; besøget fandt sted 11. juli 1847. En anden og noget afvigende skildring af besøget findes trykt i Mary Howitt An Autobiography, bd. 2, 1889, s. 29-31.	1869	1869	18	Mit Livs Eventyr (inklusive Fortsættelse og Tillæg)	41	1	v18:41 (1869)	high	head-noun+located+place-type	
Clara Kirkegaard	Clara Kirkegaard	kirkegård ved Sankta Clara kyrka i Stockholm.	1851	1851	15	I Sverrig	63	1	v15:63 (1851)	medium	located	
Coimbra	Coimbra	se kort; byen har rod i den romerske Aeminium, senere Conimbriga; universitetsby 1308 og i en senere periode hovedstad; se kort. ¶ byen, der ligger i det nordlige Portugal, har rod i den romerske Aeminium, senere Conimbriga; universitetsby 1308 og i en senere periode hovedstad	1868	1868 1869	15 18	Et Besøg i Portugal 1866	461	2	v15:461 (1868); v18:311 (1869)	high	se-kort+place-type+head-noun	
Collins Datter og Svigersøn	Collins Datter og Svigersøn	Ingeborg og A.L. Drewsen, der sammen med Ingeborgs storesøster, Louise Collin, havde været på baderejse i Tyskland, hvor de havde gjort Felix Mendelssohn-Bartholdys bekendtskab.	1855	1855	17	Mit Livs Eventyr (inklusive Fortsættelse og Tillæg)	208	1	v17:208 (1855)	high	head-noun+place-type	
Conrad Rothe, nu Præst ved Fruekirke	Conrad Rothe, nu Præst ved Fruekirke	P.C. Rothe blev 1843 2. residerende kapellan ved Vor Frue Kirke i København, 1857 1. residerende kapellan og 1865 sognepræst ved kirken og stiftsprovst.	1855	1855	17	Mit Livs Eventyr (inklusive Fortsættelse og Tillæg)	213	1	v17:213 (1855)	medium	located+place-type	
Copenhague	Copenhague	(fransk) København.	1855	1855	17	Mit Livs Eventyr (inklusive Fortsættelse og Tillæg)	119	1	v17:119 (1855)	high	head-noun+place-type	
Cultusminister	Cultusminister	kirke- og undervisningsminister; Monrad var kultusminister maj-december 1859 og fra februar 1860.	1869	1869	18	Mit Livs Eventyr (inklusive Fortsættelse og Tillæg)	224	1	v18:224 (1869)	high	head-noun+place-type	
Cultusministeren, Biskop Monrad	Cultusministeren, Biskop Monrad	kirke- og undervisningsminister D.G. Monrad, kultusminister maj-december 1859 og fra februar 1860; H.C. Andersen kom for at aflevere et eksemplar af I Spanien.	1869	1869	18	Mit Livs Eventyr (inklusive Fortsættelse og Tillæg)	269	1	v18:269 (1869)	high	head-noun+place-type	
Cádiz	Cadiz	Cádiz, se kort.	1863	1863	15	I Spanien	334	1	v15:334 (1863)	high	se-kort	
Dalarne	Dalarne	landskab, der omfatter den indre, nordlige del af Mellemsverige.	1851	1851	15	I Sverrig	38	1	v15:38 (1851)	high	head-noun+place-type	
Dalkulle	Dalkulle(n)	dalkulla (svensk), kvinde fra Dalarna. Fra 1820’erne til 1860’erne roede dalkullar de såkaldte kull-både i Stockholm; i 1830’erne indførte man dog hjulbåde, der blev drevet med håndsving af dalkullar i folkedragt.	1851	1851	15	I Sverrig	61	1	v15:61 (1851)	medium	located	
Dalälven	Dal-Elven	Dalälven; se kort 2.	1851	1851	15	I Sverrig	117	1	v15:117 (1851)	high	se-kort	
Dannemora	Dannemora	se kort 2. Jernmalmminen Dannemora gruva i Uppland 100 km nord for Stockholm har været i drift siden 1400-tallet.	1851	1851	15	I Sverrig	123	1	v15:123 (1851)	high	se-kort	
danske Maanedskrift for Litteratur	danske Maanedskrift for Litteratur	omtalen er ikke lokaliseret, men digtet er »Veirmøllen paa Bakken« i Phantasier og Skizzer, 1831: »Dog Maanens Lys er ikke slukt, Thi see en Regnbue hvælver smukt«; jf. denne udgave bd. 7 s. 274.	1846	1846	16	Mit eget Eventyr uden Digtning	260	1	v16:260 (1846)	medium	located+place-type	
Dardaneller	Dardaneller	smalt stræde mellem Europa og Asien i det nordvestlige Tyrkiet.	1855	1855	17	Mit Livs Eventyr (inklusive Fortsættelse og Tillæg)	297	1	v17:297 (1855)	medium	located+place-type	
Dardanellerne	Dardanellerne	smalt stræde mellem Europa og Asien i det nordvestlige Tyrkiet.	1855	1855	17	Mit Livs Eventyr (inklusive Fortsættelse og Tillæg)	218	1	v17:218 (1855)	medium	located+place-type	
de Dødes … Mindernes by	de Dødes … Mindernes by	H.C. Andersen citerer og bygger her på Pontin, s. 9.	1851	1851	15	I Sverrig	35	1	v15:35 (1851)	medium	located	
de Fattiges Kirkegaard	de Fattiges Kirkegaard	kirkegård for ubemidlede. I Odense en del af kirkegården hørende til Sankt Knuds Kirke.	1832	1832	16	Levnedsbog	104	1	v16:104 (1832)	medium	located	
de revolutionaire Bevægelser	de revolutionaire Bevægelser	den borgerlige revolution i Spanien 1868-1874 førte til udråbelse af republikken og dronning Isabellas afgang, men endte med et statskup 1874. ¶ den borgerlige revolution i Spanien 1868-1874 førte til republikkens udråbelse og dronning Isabellas afgang, men endte med et statskup i 1874.	1868	1868 1869	15 18	Et Besøg i Portugal 1866	424	2	v15:424 (1868); v18:309 (1869)	medium	located+place-type	
Den Collinske Gaard	det Huus	Den Collinske Gaard, en gammel bindingsværksbygning, lå i Bredgade på det nuværende nr. 4’s plads, ved siden af Kanneworffs hus. Nedrevet 1853.	1846	1846	16	Mit eget Eventyr uden Digtning	207	1	v16:207 (1846)	medium	located+place-type	
den gamle catholske Bispegaard	den gamle catholske Bispegaard	ruinerne af en stor bispegård fra 1400-tallet.	1851	1851	15	I Sverrig	25	1	v15:25 (1851)	high	head-noun+place-type	
den gamle Thelegraf-Bestyrer … Skolemester	den gamle Thelegraf-Bestyrer … Skolemester	Fedder Carstens havde i 1810 i Odense oprettet en drengeskole, hvis elever bl.a. talte H.C. Andersen. I perioden maj 1813-august 1814 var han ansat ved den optiske telegraf på Tåsinge.	1832	1832	16	Levnedsbog	161	1	v16:161 (1832)	medium	located	
den lille, snevre, trykkede Skueplads	den lille, snevre, trykkede Skueplads	først i sommeren 1850 ombyggedes og udvidedes scenen i Casino.	1869	1869	18	Mit Livs Eventyr (inklusive Fortsættelse og Tillæg)	112	1	v18:112 (1869)	medium	located	
den nye Bro	den nye Bro	bro opført i støbejern 1850 til aflastning for den middeladerlige bro fra o. 1391.	1860	1860	15	Berlingske politiske Avertissements-Tidende	167	1	v15:167 (1860)	high	head-noun+place-type	
den smukke Aae	den smukke Aae	Odense Å. Fyns længste vandløb, ca. 60 km langt.	1832	1832	16	Levnedsbog	114	1	v16:114 (1832)	high	head-noun+place-type	
den tilfygede … Kirke	den tilfygede … Kirke	kirken, Sankt Laurentius, er fra begyndelsen af 1400-tallet og blev nedlagt i 1795; den var forfalden og man opgav at redde den fra sandflugten.	1860	1860	15	Folkekalender for Danmark	187	1	v15:187 (1860)	high	head-noun+place-type	
den unge Kats Klage	den unge Kats Klage	H.C. Andersens ungdomsdigt »Dalen og Bjergtoppen« fik i Fodreise en ironisk drejning og blev lagt i munden på en kat i digtet »Før og Nu«, (se denne udgaves bd. 9, s. 174-175).	1846	1846	16	Mit eget Eventyr uden Digtning	217	1	v16:217 (1846)	medium	located+place-type	
den uskyldige By	den uskyldige By	Faaborg.	1832	1832	16	Levnedsbog	161	1	v16:161 (1832)	high	head-noun+place-type	
den Venus … sit Bjerg	den Venus … sit Bjerg	ifølge en tysk middelalderlig tradition beboede fru Venus et bjerg i Tyskland og levede her et vellystigt levned med mænd, der lod sig lokke ind i bjerget uden nogensinde at kunne komme ud igen.	1855	1855	17	Mit Livs Eventyr (inklusive Fortsættelse og Tillæg)	233	1	v17:233 (1855)	medium	located+place-type	
der var jo Oehlenschläger … Hædersbesøg i Stockholm	der var jo Oehlenschläger … Hædersbesøg i Stockholm	Adam Oehlenschläger havde juli-august 1847 været i Sverige og der bl.a. tilbragt tre uger i Stockholm, jf. Erindringer, bd. 4, 1851: »Det vilde moret Dig at være tilstede ved Kunstforeningens Fest i den botaniske Hauge, da de Stockholmske Damer kom en masse med Blomster, som de kastede til mig, medens jeg maatte gjøre Touren en halv Snees Gange omkring i deres Vrimmel (de opfyldte hele Haven)« (s. 275); begivenheden omtales (med to små billeder) i Corsaren, nr. 359, 6. august 1847.	1869	1869	18	Mit Livs Eventyr (inklusive Fortsættelse og Tillæg)	89	1	v18:89 (1869)	medium	located	
det afskyelige Attentat	det afskyelige Attentat	26. juli 1844 foretog en afskediget borgmester fra Storkow i Brandenburg, Heinrich Ludwig Tschech, et mislykket pistolattentat mod Friedrich Wilhelm 4. og dronning Elisabeth; han blev henrettet 14. december 1844 i Spandau.	1855	1855	17	Mit Livs Eventyr (inklusive Fortsættelse og Tillæg)	286	1	v17:286 (1855)	medium	located	
det blaa Taarn	det blaa Taarn	tårn i det tidligere Københavns Slot, der blev brugt som fængsel til prominente fanger.	1851	1851	15	I Sverrig	92	1	v15:92 (1851)	high	head-noun+place-type	
det danske Folkesagn … Vissenberg	det danske Folkesagn … Vissenberg	Vissenbjerg ligger ca. 10 km vest for Odense. Ifølge sagnet holdt en røverbande til her i dybe gange under landevejen. Når en vogn passerede, ringede ophængte klokker. Jf. Thiele 1, 2, s. 11-14. H.C. Andersens stykke blev ikke udgivet som helhed i hans levetid.	1832	1832	16	Levnedsbog	92	1	v16:92 (1832)	high	head-noun+place-type	
det gamle Belem	det gamle Belem	forstad til Lissabon; der tænkes antagelig på Torre de Belém, Bethlehemstårnet, et 35 m højt, rigt ornamenteret fort fra 1515-1521, beliggende midt i Tejo-floden.	1868	1868	15	Et Besøg i Portugal 1866	445	1	v15:445 (1868)	high	head-noun+located+place-type	
det gamle Slot	det gamle Slot	kongeslottet Paço Real, nu kaldt Palácio Nacional de Sintra, bygget af João 1. i slutningen af 1300-tallet, tilbygninger i maurisk stil fra begyndelsen af 1500-tallet, residens til 1880’erne. ¶ det nuværende slot er opført 1498 af Ludvig 12.	1868	1868 1869	15 18	Et Besøg i Portugal 1866	431	2	v15:431 (1868); v18:267 (1869)	high	head-noun+place-type	
die Fürsten-Gruft	die Fürsten-Gruft	(tysk) fyrstekrypten; storhertug Carl Augusts mausoleum på kirkegården i Weimar (opført 1823-1827), hvor også storhertuginde Louise, Friedrich v. Schiller (hvis jordiske rester overførtes hertil i december 1827) og J.W. v. Goethe er bisat.	1855	1855	17	Mit Livs Eventyr (inklusive Fortsættelse og Tillæg)	280	1	v17:280 (1855)	medium	located	
Dijon	Dijon	by i det sydøstlige Frankrig ca. 120 km fra grænsen til Schweiz.	1869	1869	15	For Romantik og Historie	482	1	v15:482 (1869)	high	head-noun+place-type	
Dom	Dom	domkirke.	1855	1855	17	Mit Livs Eventyr (inklusive Fortsættelse og Tillæg)	127	1	v17:127 (1855)	high	head-noun+place-type	
Domkirke	Domkirke	den gotiske katedral Saint-Pierre de Poitiers, grundlagt 1162.	1869	1869	18	Mit Livs Eventyr (inklusive Fortsættelse og Tillæg)	266	1	v18:266 (1869)	high	head-noun+place-type	
Domkirken	Domkirken	kirken El Salvador er påbegyndt i 1300-tallet og fik status af domkirke i 1500-tallet, da Orihuela blev bispedømme. ¶ den gotiske katedral Saint André, grundlagt 1096.	1863	1863 1869	15 18	I Spanien	258	2	v15:258 (1863); v18:266 (1869)	high	head-noun+place-type	
Domkirken … Øiesyn	Domkirken … Øiesyn	domkirken blev påbegyndt 1262, dvs. Cid har ikke kunnet overse byen fra kirkens tårn.	1863	1863	15	I Spanien	245	1	v15:245 (1863)	high	head-noun+place-type	
Doubfald	Doubfald	vandfald i Doubfloden tæt på Le Locle.	1855	1855	17	Mit Livs Eventyr (inklusive Fortsættelse og Tillæg)	123	1	v17:123 (1855)	high	head-noun+located+place-type	
Dresden	Dresden	H.C. Andersen ankommer til Dresden 3. juni.	1855	1855	17	Mit Livs Eventyr (inklusive Fortsættelse og Tillæg)	90	1	v17:90 (1855)	high	in-register	geo-2935022
Dronningens Palais	Dronningens Palais	slottet fra 1359-1362 på Plaça del Rei var da residens for Isabel 2.	1863	1863	15	I Spanien	230	1	v15:230 (1863)	high	head-noun+located+place-type	
Ecija	Ecija	se kort.	1863	1863	15	I Spanien	369	1	v15:369 (1863)	high	se-kort	
Edgar Collin	Edgar Collin	søn af Gottlieb Collin, Jonas Collins ældste søn; han kom 4. august til München og ledsagede den 8. august H.C. Andersen over Ulm og Stuttgart til det württembergske Badested Wildbad, hvor de opholdt sig 11.-15. Den 15. fortsatte de over Karlsruhe, Freiburg, Schaffhausen, Zürich og Luzern og kom den 20. til Brunnen.	1869	1869	18	Mit Livs Eventyr (inklusive Fortsættelse og Tillæg)	185	1	v18:185 (1869)	medium	located	
Edinburgh	Edinburgh	hovedstaden i Skotland.	1868	1868	15	Et Besøg i Portugal 1866	438	1	v15:438 (1868)	high	head-noun+located+place-type	
een af de mindste Byer	een af de mindste Byer	Fåborg.	1846	1846	16	Mit eget Eventyr uden Digtning	223	1	v16:223 (1846)	high	head-noun+place-type	
Eggert Christopher Tryde	Provst Tryde	Eggert Christopher Tryde, sognepræst ved Vor Frue Kirke; C.E. Trydes tale er gengivet i Hans Christian Ørsteds Jordefærd, 1851, s. 19-29.	1869	1869	18	Mit Livs Eventyr (inklusive Fortsættelse og Tillæg)	126	1	v18:126 (1869)	medium	located+place-type	
Einsiedeln	Einsiedeln	kloster og valfartssted i en sidedal i kanton Schwyz, godt 30 km fra Brunnen, hvortil H.C. Andersen kom 14. juli.	1869	1869	18	Mit Livs Eventyr (inklusive Fortsættelse og Tillæg)	240	1	v18:240 (1869)	high	head-noun+place-type	
El Escorial	Escorial	El Escorial, landsby 42 km uden for Madrid (se kort), hvor Filip 2. lod bygge et palads og kloster, San Lorenzo del Escorial 1563-1567, der samtidig skulle fungere som kongelig begravelsesplads.	1863	1863	15	I Spanien	384	1	v15:384 (1863)	high	se-kort+located+place-type	
Elche	Elche	byen passeredes den 23. september på veje til Murcia, hvor de blev til den 26.	1869	1869	18	Mit Livs Eventyr (inklusive Fortsættelse og Tillæg)	254	1	v18:254 (1869)	high	head-noun+place-type	
Elche Murcia	Elche (til) Murcia	se kort.	1863	1863	15	I Spanien	256	1	v15:256 (1863)	high	se-kort	
Elfkarleby Fald	Elfkarleby Fald	Dalälvens nederste og største vandfald ved Älvkarleby (se kort 2), nu vandkraftværk.	1851	1851	15	I Sverrig	117	1	v15:117 (1851)	high	se-kort+located+place-type	
Ellora	Ellora	by i Indien, der er kendt for et kompleks af 34 templer, der er udhugget i klipperne i byens omegn.	1851	1851	15	I Sverrig	26	1	v15:26 (1851)	high	head-noun+located+place-type	
en gammel Herregaard	en gammel Herregaard	Nakkebølle. Hovedgård beliggende 7 km øst for Faaborg.	1832	1832	16	Levnedsbog	164	1	v16:164 (1832)	medium	located+place-type	
en gammel Præst	en gammel Præst	formodentlig Niels Studsgaard Fuglsang, sognepræst ved St. Mikkels Kirke.	1846	1846	16	Mit eget Eventyr uden Digtning	212	1	v16:212 (1846)	medium	located+place-type	
En Hr Boas	En Hr Boas	forfatteren Eduard Boas havde 1843 på vej fra Norge besøgt København, hvor H.P. Holst tog sig af ham. Sine rejseindtryk samlede han i bogen In Scandinavien. Nordlichter, 1845, der afsluttes med en artikel »Die dänische Poesie der Gegenwart«, tidligere trykt i tidsskriftet Die Grenzboten. H.C. Andersen omtales s. 314-321. If. Boas er af danske digtere kun Oehlenschläger og Andersen kendt i Tyskland; imidlertid er der andre, der vurderes betydeligt højere i Danmark. Boas genfortæller derpå H.C. Andersens biografi (efter Jenssen), roser eventyrene, men kritiserer romanerne (navnlig Kun en Spillemand) og En Digters Bazar, især fordi H.C. Andersen her stadig stiller sit eget jeg i forgrunden. Forfængelighed går som en rød tråd gennem alle hans værker, »und eitel ist Andersen über die Maaßen. Das Lob gehört ihm zur Lebesluft, jeder Tadel verletzt ihn schneidend (...) Er kennt alle die kleinen Toilettenkünste der Literatur, macht sich den theatralischen Apparat gehörig zu Nutz, und weiß sogar mit seiner romantischen Lebensgeschichte zu kokettieren« (s. 319-320).	1846	1846	16	Mit eget Eventyr uden Digtning	277	1	v16:277 (1846)	medium	located+place-type	
en lille Sum	en lille Sum	if. manuskriptet til Mit Livs Eventyr 200 rigsdaler, tjent på Fuglen i Pæretræet.	1846	1846	16	Mit eget Eventyr uden Digtning	270	1	v16:270 (1846)	medium	located	
en lykkelig Moder	en lykkelig Moder	Riborg fik ni børn. ¶ Riborg fik i alt ni børn.	1846	1846 1855	16 17	Mit eget Eventyr uden Digtning	224	2	v16:224 (1846); v17:87 (1855)	high	head-noun+place-type	
en Præst	en Præst	muligvis sognepræst i Osted, Gustav Ludvig Schiern.	1832	1832	16	Levnedsbog	128	1	v16:128 (1832)	medium	located	
en Roman	en Roman	Slottet ved Rhinen, 1845. I romanen optræder den forfængelige digter Eginhard, der ender som sindssyg. Figuren er et ætsende portræt af H.C. Andersen, der da også følte sig ramt.	1846	1846	16	Mit eget Eventyr uden Digtning	238	1	v16:238 (1846)	high	head-noun+located+place-type	
Estrella	Estrella	se kort.	1868	1868	15	Et Besøg i Portugal 1866	461	1	v15:461 (1868)	high	se-kort	
et Akropolis	et Akropolis	borg i de oldgræske byer, ofte placeret på et højdedrag.	1868	1868	15	Et Besøg i Portugal 1866	445	1	v15:445 (1868)	high	head-noun+place-type	
Etna	Ætna	Etna; vulkan på Sicilien.	1855	1855	17	Mit Livs Eventyr (inklusive Fortsættelse og Tillæg)	216	1	v17:216 (1855)	high	head-noun+located+place-type	
Ettersburg	Ettersburg	jagtslottet Schloß Ettersburg i Thüringerwald nordvest for Weimar.	1855	1855	17	Mit Livs Eventyr (inklusive Fortsættelse og Tillæg)	278	1	v17:278 (1855)	high	head-noun+place-type	
F.L.B. Zeuthen	Zeuthen	F.L.B. Zeuthen, sognepræst i Sorø 1849-1860.	1869	1869	18	Mit Livs Eventyr (inklusive Fortsættelse og Tillæg)	250	1	v18:250 (1869)	medium	located	
Fahlun … dansk Udgave	Fahlun … dansk Udgave	by i Dalarne, Sverige, hvor Fodreise blev udgivet 1841 af P.A. Huldbergs Forlag i samlingen »Danske Klassiker«.	1855	1855	17	Mit Livs Eventyr (inklusive Fortsættelse og Tillæg)	80	1	v17:80 (1855)	high	head-noun+located+place-type	
Falun	Fahlun(s) | Fahlun	Falun; se kort 1-2.	1851	1851	15	I Sverrig	22	2	v15:22 (1851); v15:108 (1851)	high	se-kort	
Familien	Familien	Borreby ejedes af cand.jur. Adolph Frederik Holten Castenschiold, gift med en datter af den unge H.C. Andersens velgører, notarius publicus, etatsraad G.H. Olsen.	1869	1869	18	Mit Livs Eventyr (inklusive Fortsættelse og Tillæg)	224	1	v18:224 (1869)	high	head-noun+place-type	
Fest for »Madonna del Arco«	Fest for »Madonna del Arco«	jf. Dagbogen 1. juni 1846; madonnabilledet står i en bue på en bro på Monte Virginie ved Napoli. August Bournonville var på sin udenlandsrejse i 1841 i Napoli og skildrede sine indtryk af festen for Madonna del àrco i Mit Theaterliv, 1848, s. 160-162; over disse indtryk komponerede han 3. akt af balletten Napoli, der opførtes 1. gang på Det Kgl. Teater 29. marts 1842. H.C. Andersen var 29. maj 1846 vendt tilbage til Napoli.	1855	1855	17	Mit Livs Eventyr (inklusive Fortsættelse og Tillæg)	332	1	v17:332 (1855)	medium	located+place-type	
Figueras	Figueras	se kort.	1863	1863	15	I Spanien	223	1	v15:223 (1863)	high	se-kort	
Firenze	Florents	Firenze; se kort.	1870	1870	15	Breve fra og til Hans Christian Ørsted, 2. Samling	491	1	v15:491 (1870)	high	se-kort	
Florents	Florents	tysk for Firenze; se kort.	1861	1861	15	Dagbladet	215	1	v15:215 (1861)	high	se-kort	
Fluvia	Fluvia	se kort.	1863	1863	15	I Spanien	224	1	v15:224 (1863)	high	se-kort	
Foligno	Foligno	den mellemitalienske by Foligno (Fuligno).	1855	1855	17	Mit Livs Eventyr (inklusive Fortsættelse og Tillæg)	134	1	v17:134 (1855)	high	head-noun+place-type	
Frascati	Frascati	by 21 km sydøst for Rom.	1855	1855	17	Mit Livs Eventyr (inklusive Fortsættelse og Tillæg)	137	1	v17:137 (1855)	high	head-noun+located+place-type	
Frederik Ferdinand Biering	Præsten	Frederik Ferdinand Biering, siden 1848 sognepræst i Svindinge.	1869	1869	18	Mit Livs Eventyr (inklusive Fortsættelse og Tillæg)	131	1	v18:131 (1869)	medium	located	
Frederiksborg Slot	Frederiksborg Slot	Frederiksborg Slot brændte natten mellem den 16. og 17. december 1859.	1869	1869	18	Mit Livs Eventyr (inklusive Fortsættelse og Tillæg)	223	1	v18:223 (1869)	high	in-register+head-noun+place-type	geo-2621938
Frederikshavn	Fladstrand	Frederikshavn, hvor H.C. Andersen opholdt sig 11.-16. august.	1869	1869	18	Mit Livs Eventyr (inklusive Fortsættelse og Tillæg)	217	1	v18:217 (1869)	high	head-noun+place-type	
Freiburg	Freiburg	Freibourg eller Fribourg, by i det vestlige Schweiz ved floden Saane; se kort.	1861	1861	15	Illustreret Tidende	209	1	v15:209 (1861)	high	se-kort+place-type	
fri Adgang	fri Adgang	det er usandsynligt, at H.C. Andersen skulle have fået fri adgang til Det Kgl. Teater før sin første opførelse, dvs. af Kjærlighed paa Nicolai Taarn, som havde premiere 25. april 1829.	1855	1855	17	Mit Livs Eventyr (inklusive Fortsættelse og Tillæg)	80	1	v17:80 (1855)	medium	located	
Friedrich August Leo	Dr. Leo	Friedrich August Leo, uddannet boghandler, havde en tid stået i lære i Andreas Frederik Høsts boghandel i København og været i huset hos Mendel Levin Nathanson; fra sin tid i København kendte han bl.a. H.C. Andersen og Henrik Hertz, hvis skuespil Kong René’s Datter, 1845, han 1846 havde udgivet i en tysk oversættelse. Da H.C. Andersen 1849 traf ham i Stockholm, var han redaktør af Carl B. Lorcks tidsskrift Nordischer Telegraph.	1869	1869	18	Mit Livs Eventyr (inklusive Fortsættelse og Tillæg)	86	1	v18:86 (1869)	medium	located	
Frijsenborg	Frijsenborg	hovedgård 2 km nordøst for Hammel ejet af konseilspræsident, lensgreve C.E. Krag-Juel-Vind-Frijs. H.C. Andersen opholdt sig her 12.-30. juni og igen 8.-15. juli.	1869	1869	18	Mit Livs Eventyr (inklusive Fortsættelse og Tillæg)	282	1	v18:282 (1869)	high	head-noun+located+place-type	
Frue Kirke	Frue Kirke	Vor Frue Kirke i Odense.	1832	1832	16	Levnedsbog	64	1	v16:64 (1832)	medium	located+place-type	
Fusina	Fusina	kystby på fastlandet vest for Venezia.	1855	1855	17	Mit Livs Eventyr (inklusive Fortsættelse og Tillæg)	155	1	v17:155 (1855)	high	head-noun+located+place-type	
Fyrisaa	Fyrisaa	å, der løber igennem Uppsala og ud i Mälaren.	1851	1851	15	I Sverrig	69	1	v15:69 (1851)	high	head-noun+located+place-type	
Fyrste Graven	Fyrste Graven	storhertug Carl Augusts mausoleum på kirkegården i Weimar, hvor også Storhertuginde Louise, f. prinsesse af Hessen-Darmstadt, Goethe og Schiller er bisat.	1846	1846	16	Mit eget Eventyr uden Digtning	286	1	v16:286 (1846)	medium	located	
Fødeby – Bogense	Fødeby – Bogense	H.C. Andersens mormor Anne Sørensdatter levede i Bogense fra 1804 til sin død 1825, men hans mor er ikke født der.	1846	1846	16	Mit eget Eventyr uden Digtning	189	1	v16:189 (1846)	medium	located	
Gallipoli	Gallipoli	den tyrkiske havneby Gelibolu på den europæiske side af Dardanellerne.	1855	1855	17	Mit Livs Eventyr (inklusive Fortsættelse og Tillæg)	219	1	v17:219 (1855)	high	head-noun+place-type	
Gammelholm	Gammel Holm	Gammelholm; bydel i København beliggende på det tidligere Bremerholm ud mod Amager.	1832	1832	16	Levnedsbog	84	1	v16:84 (1832)	high	head-noun+located+place-type	
Genfersøen	Genfersøen(s)	Genève søen, Lac Léman.	1868	1868	15	Et Besøg i Portugal 1866	468	1	v15:468 (1868)	high	head-noun+place-type	
Genova	Genua	Genova, italiensk havneby ved Det Liguriske Hav.	1868	1868	15	Et Besøg i Portugal 1866	438	1	v15:438 (1868)	medium	located+place-type	
Genua	Genua	stor handels- og havneby, tidligere selvstændig republik, 1814-1861 del af kongeriget Sardinien; se kort; jf. Dagbøger I, s.191-197.	1870	1870	15	Breve fra og til Hans Christian Ørsted, 2. Samling	490	1	v15:490 (1870)	high	se-kort+place-type	
Gibraltar	Gibraltar	se kort. H.C. Andersen opholdt sig her 30. oktober-2. november 1862.	1863	1863	15	I Spanien	322	1	v15:322 (1863)	high	se-kort	
gifte sig … een af min Faders Venner	gifte sig … een af min Faders Venner	Anne Marie Andersdatter blev 8. juli 1818 i Sankt Knuds Kirke i Odense viet til Niels Jørgen Gundersen.	1832	1832	16	Levnedsbog	70	1	v16:70 (1832)	medium	located+place-type	
Gisselfeld	Familien Danneskjold paa Gisselfeld	Gisselfeld, hovedgård nordøst for Næstved, testamenteredes 1701 til Gisselfeld Adelige Jomfrukloster; klosterets leder har siden været et medlem af slægten Danneskiold-Samsøe.	1855	1855	17	Mit Livs Eventyr (inklusive Fortsættelse og Tillæg)	233	1	v17:233 (1855)	medium	located+place-type	
Gisselfeldt	Gisselfeldt	hovedgård på Sjælland 14 km nordøst for Haslev.	1846	1846	16	Mit eget Eventyr uden Digtning	261	1	v16:261 (1846)	high	head-noun+located+place-type	
Glorup	Glorup	hovedgård i Gudme Herred, 13 km syd for Nyborg; ejeren var geheimekonferensråd, grev Gebhard Moltke-Hvitfeldt; H.C. Andersen besøgte gården 1. gang 1839, siden 23 gange.	1846	1846	16	Mit eget Eventyr uden Digtning	245	1	v16:245 (1846)	high	head-noun+located+place-type	
Goa	Goa	førende handelsby på Malabarkysten, nu kun ruinby.	1868	1868	15	Et Besøg i Portugal 1866	438	1	v15:438 (1868)	high	head-noun+located+place-type	
Graabrødre Kirke	gammel … Kirke	Graabrødre Kirke, nedrevet 1817-1819.	1846	1846	16	Mit eget Eventyr uden Digtning	183	1	v16:183 (1846)	high	head-noun+place-type	
Granada	Granada	se kort.	1863	1863	15	I Spanien	256	1	v15:256 (1863)	high	se-kort	
Guadalaviar	Guadalaviar(s)	også kaldet Turia; flod, der munder ud i Middelhavet ved Valencia.	1863	1863	15	I Spanien	246	1	v15:246 (1863)	medium	located+place-type	
Guadalmedina	Guadalmedina(s)	flod, der løber igennem og udmunder i Málaga.	1863	1863	15	I Spanien	323	1	v15:323 (1863)	high	head-noun+place-type	
Guadalmedina-Floden	Guadalmedina-Floden	floden løber igennem den østlige del af byens centrum.	1863	1863	15	I Spanien	279	1	v15:279 (1863)	high	head-noun+place-type	
Guadalquivir	Guadalquivir	flod, der udspringer nord for Sierra Nevada og løber forbi Cordóba, Sevilla og dernæst ud i Cádiz-golfen, nord for byen Cádiz.	1863	1863	15	I Spanien	353	1	v15:353 (1863)	high	head-noun+located+place-type	
guldførende Darro	guldførende Darro	floden løber fra øst igennem Granada og har været guldholdig, jf. Hackländer 2 s. 252 »ihren goldführenden Sand«.	1863	1863	15	I Spanien	292	1	v15:292 (1863)	high	head-noun+located+place-type	
Guldkroken	Guldkroken	ældre navn på egnen omkring byen Hjo (se kort 2) på vestsiden af Vättern.	1851	1851	15	I Sverrig	37	1	v15:37 (1851)	high	se-kort+place-type	
Gävle	Gefle	Gävle; se kort 1 og 2.	1851	1851	15	I Sverrig	118	1	v15:118 (1851)	high	se-kort	
Haase	Haase	Karl August von Hase, professor i kirkehistorie i Jena.	1846	1846	16	Mit eget Eventyr uden Digtning	313	1	v16:313 (1846)	medium	located	
Hald … Indsøe	Hald … Indsøe	i dag navnet på en herregård beliggende sydvest for Viborg. Navnet har dog gennem tiden været knyttet til en række gårde og en borg, der alle har været beliggende i nærheden af den nuværende herregård. Muligvis gjaldt H.C. Andersens besøg det såkaldt tredje Hald – resterne af en bispeborg, der blev opført i 1528 – ved Hald Sø.	1832	1832	16	Levnedsbog	159	1	v16:159 (1832)	medium	located+place-type	
Halland	Halland(s)	landskab i det vestlige Sydsverige langs Kattegatkysten mellem Skåne og Göteborg.	1851	1851	15	I Sverrig	13	1	v15:13 (1851)	high	head-noun+place-type	
Halle	Halle	hal.	1863	1863	15	I Spanien	286	1	v15:286 (1863)	high	in-register	geo-2911522
Hallein	Halleins Saltværk	Hallein, by syd for Salzburg, hvis saltværk H.C. Andersen besøgte 3. juni 1831.	1869	1869	18	Mit Livs Eventyr (inklusive Fortsættelse og Tillæg)	93	1	v18:93 (1869)	medium	located+place-type	
Hallein … Saltkogeriet	Hallein … Saltkogeriet	by i Østrig med saltmine, hvorigennem besøgende kunne gå og rutsche ad meget stejle gange til bjergets fod.	1851	1851	15	I Sverrig	124	1	v15:124 (1851)	high	head-noun+located+place-type	
Hallein … Saltværket	Hallein … Saltværket	by 15 km syd for Salzburg; H.C. Andersen besøgte saltværket 3. juni.	1855	1855	17	Mit Livs Eventyr (inklusive Fortsættelse og Tillæg)	162	1	v17:162 (1855)	high	head-noun+located+place-type	
Halliger	Halliger	øer med marskland ved Slesvigs vestkyst.	1855	1855	17	Mit Livs Eventyr (inklusive Fortsættelse og Tillæg)	287	1	v17:287 (1855)	high	head-noun+located+place-type	
Halligerne	Halligerne	øgruppe på ti uindigede småøer i det Nordfrisiske Vadehav ved Slesvig-Holstens vestkyst.	1846	1846	16	Mit eget Eventyr uden Digtning	290	1	v16:290 (1846)	high	head-noun+place-type	
Hartmanns Sørgemarsch … Thorvaldsens Jordefærd	Hartmanns Sørgemarsch … Thorvaldsens Jordefærd	J.P.E. Hartmanns Sørgemarch ved Thorvaldsens Bisættelse, 1844.	1869	1869	18	Mit Livs Eventyr (inklusive Fortsættelse og Tillæg)	127	1	v18:127 (1869)	medium	located	
Harzen	Harzen	nordligt beliggende bjergområde i Tyskland.	1851	1851	15	I Sverrig	124	1	v15:124 (1851)	medium	located	
Haven	Haven	Frederiksberg Have ved Frederiksberg Slot.	1855	1855	17	Mit Livs Eventyr (inklusive Fortsættelse og Tillæg)	37	1	v17:37 (1855)	medium	located+place-type	
Hedemora eller Brunnbäck	Hedemora eller Brunnbäck	se kort 2.	1851	1851	15	I Sverrig	82	1	v15:82 (1851)	high	se-kort	
Hellig Anders Kors	Hellig Anders Kors	Anders var if. traditionen præst ved St. Peders Kirke i Slagelse ca. 1200; hans kors står paa Hvilehøj 3,5 km sydvest for Slagelse, tæt ved landevejen til Korsør. ¶ krucifiks til minde om Hellig Anders, præst ved Skt. Peders Kirke i Slagelse, rejst på Hvilehøj vest for Slagelse, hvor en legende fortæller, at han vågnede påskedag, efter at være faldet i søvn i Jerusalem.	1846	1846 1855	16 17	Mit eget Eventyr uden Digtning	213	2	v16:213 (1846); v17:67 (1855)	medium	located+place-type	
hendes Søn	hendes Søn	Georg Laurids Anholm blev student 1865 fra Borgerdydskolen på Christianshavn.	1869	1869	18	Mit Livs Eventyr (inklusive Fortsættelse og Tillæg)	283	1	v18:283 (1869)	medium	located+place-type	
Herat	(Perser fra) Herat	oaseby i det vestlige Afghanistan.	1855	1855	17	Mit Livs Eventyr (inklusive Fortsættelse og Tillæg)	216	1	v17:216 (1855)	high	head-noun+place-type	
Herculanum	Herculanum	oldtidsby, der sammen med Pompeji og Stabiae blev begravet ved Vesuvs udbrud 79 e.Kr. ¶ oldtidsby, der sammen med Pompeji og Stabiae blev begravet ved Vesuvs udbrud 79 e.Kr.; H.C. Andersen var her 8. marts 1841.	1855	1855	17	Mit Livs Eventyr (inklusive Fortsættelse og Tillæg)	153	2	v17:153 (1855); v17:215 (1855)	high	head-noun+place-type	
Herregaarden	Herregaarden	den nuværende herregård blev bygget i 1700-tallet.	1851	1851	15	I Sverrig	119	1	v15:119 (1851)	high	head-noun+place-type	
Hietzing	Hitzing	Hietzing, forstad til Wien.	1855	1855	17	Mit Livs Eventyr (inklusive Fortsættelse og Tillæg)	162	1	v17:162 (1855)	medium	located+place-type	geo-2776421
Hjälmaren	Hjelmaren	Hjälmaren; se kort 2.	1851	1851	15	I Sverrig	20	1	v15:20 (1851)	high	se-kort	
Hoftheatret paa Dandseskolen	Hoftheatret paa Dandseskolen	Det Kgl. Teaters danseskole havde til huse på Hofteatret på Christiansborg.	1832	1832	16	Levnedsbog	84	1	v16:84 (1832)	medium	located+place-type	
Hradschin	Hradschin	tysk navn for Hradcˇany, gammel bydel i Prag.	1855	1855	17	Mit Livs Eventyr (inklusive Fortsættelse og Tillæg)	321	1	v17:321 (1855)	medium	located+place-type	
Hunderup-Skov	Hunderup-Skov	skovområde beliggende ved Odense Å.	1832	1832	16	Levnedsbog	104	1	v16:104 (1832)	medium	located+place-type	
Hundsrück	Hundsrück	bjerglandskab ved Mosel i Rhin-provinsen.	1855	1855	17	Mit Livs Eventyr (inklusive Fortsættelse og Tillæg)	213	1	v17:213 (1855)	medium	located+place-type	
Husaby	Husaby	se kort.	1851	1851	15	I Sverrig	37	1	v15:37 (1851)	high	se-kort	
Hvidehavet	det hvide Hav	Hvidehavet; havbugt i Barentshavet syd for Kolahalvøen.	1851	1851	15	I Sverrig	53	1	v15:53 (1851)	medium	located+place-type	
hvor H. C. Ørsted havde boet	hvor H. C. Ørsted havde boet	H.C. Ørsted havde været i London i sommeren 1846; jf. endvidere Dagbogen 27. juni 1847: »Leicester Square er intet fashionable Qvarteer, efter sligt sees altid i den høiere Verden«.	1869	1869	18	Mit Livs Eventyr (inklusive Fortsættelse og Tillæg)	32	1	v18:32 (1869)	medium	located	
Hällekis	Hellekis	Hällekis; se kort 2.	1851	1851	15	I Sverrig	24	1	v15:24 (1851)	high	se-kort	
i Petersborg	i Petersborg	Adolph Henselt havde siden 1838 opholdt sig i St. Petersborg, hvor han var kammervirtuos hos kejserinden, lærer for de kejserlige børn og inspektør ved musikundervisningen i samtlige statsundervisningsanstalter for piger i Rusland. Om sommeren boede han paa Gersdorf.	1869	1869	18	Mit Livs Eventyr (inklusive Fortsættelse og Tillæg)	196	1	v18:196 (1869)	medium	located+place-type	
in Bosch	in Bosch	skoven het Haagsche Bosch; jf. Dagbogen 20. juni 1847: »Kjørt med Kneppelhaut »in Bosch« hvor der er Musik og Promenade om Søndagen; smukke grønne Engpartier, kom forbi »Haus im Bosch«, kjørte de idylliske Veje med rige Landhuse (...)«.	1869	1869	18	Mit Livs Eventyr (inklusive Fortsættelse og Tillæg)	29	1	v18:29 (1869)	high	head-noun+place-type	
indførte hos os ved Hr Erik Bøgh	indførte hos os ved Hr Erik Bøgh	Erik Bøgh havde 31. december 1848 i Christiania fået opført Nytaarsaften 1848-49 og 31. december 1849 på Casino Nytaarsnat 1850, optakten til de egentlige revyforestillinger. H.C. Andersen så 1. januar 1869 hans Nytaarsnat 1869 på Casino.	1869	1869	18	Mit Livs Eventyr (inklusive Fortsættelse og Tillæg)	325	1	v18:325 (1869)	medium	located	
Ingeborg	hvis Børn | Collins … Datter | hans Børn	Ingeborg, gift 1826 med auditør, Adolph Drewsen; Gottlieb, senere registrator ved pensionskassen; Edvard, senere departementschef og sparekassedirektør; Louise, gift 1840 med auditør Wilkens Lind, og Theodor, senere teaterlæge. ¶ Ingeborg, gift Drewsen. ¶ Ingeborg, Gottlieb, Edvard, Louise og Theodor.	1846	1846 1855	16 17	Mit eget Eventyr uden Digtning	207	3	v16:207 (1846); v16:246 (1846); v17:168 (1855)	high	head-noun+place-type	
Ingeborg Drewsen	Een af dem	Ingeborg Drewsen, som sammen med sin mand havde været sammen med Heiberg i Ems 1839.	1846	1846	16	Mit eget Eventyr uden Digtning	256	1	v16:256 (1846)	high	head-noun+place-type	
Ingeborg Nicoline Collin	Ingeborg | Den ældste Datter	Ingeborg Nicoline Collin, gift Drewsen.	1832	1832	16	Levnedsbog	121	2	v16:121 (1832); v16:144 (1832)	high	head-noun+place-type	
Inqvisitionsfængsler	Inqvisitionsfængsler	fæstningen Castillo de San Jorge husede den spanske inkvisition 1481-1785. Den blev revet ned senere i 1800-tallet.	1863	1863	15	I Spanien	364	1	v15:364 (1863)	high	head-noun+place-type	
Irun	Irun	første by efter grænsen på banestrækningen mod San Sebastian.	1868	1868	15	Et Besøg i Portugal 1866	422	1	v15:422 (1868)	high	head-noun+place-type	
Ischia	Ischia	ø sydvest for Napoli.	1855	1855	17	Mit Livs Eventyr (inklusive Fortsættelse og Tillæg)	151	1	v17:151 (1855)	high	head-noun+located+place-type	
J.C. Dahl	Dahl	J.C. Dahl, norsk landskabsmaler, professor i Dresden.	1846	1846	16	Mit eget Eventyr uden Digtning	315	1	v16:315 (1846)	medium	located	
J. C. Langes Læsebibliothek	J. C. Langes Læsebibliothek	Johannes Christian Lange havde i en årrække et lejebibliotek i København, hvorfra man mod betaling kunne hjemlåne bøger.	1832	1832	16	Levnedsbog	85	1	v16:85 (1832)	medium	located+place-type	
Jativa	Jativa	se kort.	1863	1863	15	I Spanien	250	1	v15:250 (1863)	high	se-kort	
Jenny Lind	Jenny Lind	Jenny Lind, svensk sopran; debuterede i Stockholm 18 år gammel i Carl Maria von Webers opera Der Freischütz, 1821, men hendes stemme blev hurtigt nedslidt. I 1842 indledte hun sin anden karriere med titelrollen i Vicenzo Bellinis opera Norma, 1831. Jenny Lind blev fejret over alt i Europa og USA med tilnavnet »den svenske nattergal«; påvirket af dyb religiøsitet trak hun sig tidligt tilbage fra scenen, men gav dog enkelte koncerter. Også H.C. Andersen tog del i Jenny Lind-feberen; ved hendes ophold i København i juli 1840 mødtes de øjensynligt ikke, snarere traf han hende første gang i København 3. september 1843 hos August Bournonville.	1855	1855	17	Mit Livs Eventyr (inklusive Fortsættelse og Tillæg)	271	1	v17:271 (1855)	medium	located	
Jernporten	Jernporten	Port‚ile de Fier, Donaus 117 km lange dal mellem De Transsylvanske Alper og De Østserbiske Bjerge; en del af grænsen mellem Rumænien og Jugoslavien.	1855	1855	17	Mit Livs Eventyr (inklusive Fortsættelse og Tillæg)	221	1	v17:221 (1855)	medium	located+place-type	
Joseph Alois Daisenberger	Daisenberger	Joseph Alois Daisenberger, sognepræst i Oberammergau fra 1845 til sin død; ændrede i samarbejde med Devrient i 1850’erne passionsspillenes form.	1869	1869	18	Mit Livs Eventyr (inklusive Fortsættelse og Tillæg)	228	1	v18:228 (1869)	medium	located	
José	José	levede som rentier på en smuk ejendom i en lille forstad til Sintra.	1868	1868	15	Et Besøg i Portugal 1866	461	1	v15:461 (1868)	medium	located+place-type	
Jungfernstieg	Jungfernstieg	(tysk) jomfrutrappe; promenade i Hamburg beliggende på sydvest-siden af den kunstige sø Binnen-Alster.	1851	1851	15	I Sverrig	56	1	v15:56 (1851)	high	in-register+located+place-type	geo-6944304
»Jungfernstieg« og »Esplanaden«	»Jungfernstieg« og »Esplanaden«	centrale promenader og handelsgader i Hamburg.	1855	1855	17	Mit Livs Eventyr (inklusive Fortsættelse og Tillæg)	249	1	v17:249 (1855)	medium	located	
Jungfrau	Jomfruen	Jungfrau, bjergtop ca. 60 km sydøst for Bern.	1869	1869	18	Mit Livs Eventyr (inklusive Fortsættelse og Tillæg)	15	1	v18:15 (1869)	medium	located	
Kai Lykke	Kai Lykke(s)	storgodsejeren Kaj Lykke havde ingen tilknytning til Lykkesholm (Løkkesholm, af løkke ‘indhegning’ og -holm i betydningen ‘bakke’).	1855	1855	17	Mit Livs Eventyr (inklusive Fortsættelse og Tillæg)	187	1	v17:187 (1855)	medium	located+place-type	
Kalmar	Calmar	Kalmar; se kort 1.	1851	1851	15	I Sverrig	92	1	v15:92 (1851)	high	se-kort	
Kalø Slot	Kalø Slot	kongeligt borganlæg på en holm i Kalø Vig, hvor Gustav 1. Vasa blev sat i arrest 1518. Den svenske konges eventyr er genfortalt efter Afzelius (bd. V, s. 238-261).	1851	1851	15	I Sverrig	92	1	v15:92 (1851)	medium	located+place-type	
Karoline von Wolzogen	Fru von Wolzogen	Karoline von Wolzogen, søster til Charlotte von Schiller (1790 gift med Friedrich von Schiller). Karoline von Wolzogens roman Agnes von Lilien udkom 1798.	1855	1855	17	Mit Livs Eventyr (inklusive Fortsættelse og Tillæg)	318	1	v17:318 (1855)	medium	located	
Kastaliavæld	Kastaliavæld	kilde på Parnassosbjerget ved Delfi, der ifølge legenden har fået sit navn efter en pige, der druknede sig for at undslippe Apollons forfølgelse. Den blev anset for at kunne skænke poetisk inspiration.	1851	1851	15	I Sverrig	115	1	v15:115 (1851)	high	head-noun+located+place-type	
Kilden	Kilden	kan ikke bestemmes med sikkerhed, da der ligger en række kilder tæt ved Odense.	1832	1832	16	Levnedsbog	59	1	v16:59 (1832)	medium	located	
Kinne-Kleva	Kleven	Kinne-Kleva; se kort 2.	1851	1851	15	I Sverrig	26	1	v15:26 (1851)	high	se-kort	
Kinnekulle	Kinnekulle	se kort 2.	1851	1851	15	I Sverrig	24	1	v15:24 (1851)	high	se-kort	
Kinnekulle … Hamilton	Kinnekulle … Hamilton(s)	30. juli 1849 ankom H.C. Andersen til grev Hugo David Hamiltons gods på Hönsäter ved Venerns østkyst, 31. juli besøgtes bjerget Kinnekulle og 1. august fortsatte H.C. Andersen videre til grev Hamiltons søn, Adolf Ludvig Hamilton, på Blomberg, som var gift med historikeren Erik Gustaf Geijers datter, Agnes. Den 2. august fortsatte han fra Hellekis med damperen til Venersborg.	1869	1869	18	Mit Livs Eventyr (inklusive Fortsættelse og Tillæg)	104	1	v18:104 (1869)	medium	located+place-type	
Kirke	Kirke	Lima kyrka; stenkirke fra middelalderen, der nedbrændte i 1852.	1851	1851	15	I Sverrig	94	1	v15:94 (1851)	high	head-noun+place-type	
Kjøbsted	Kjøbsted	(dialekt) købstad.	1832	1832	16	Levnedsbog	161	1	v16:161 (1832)	high	head-noun+place-type	
Kloster Mølk ved Donau	Kloster Mølk ved Donau	benediktinerkloster grundlagt 1089 ved byen Melk 80 km vest for Wien på en klippe højt over floden; var hovedkvarter for Napoleon, da han indtog Wien i 1809.	1855	1855	17	Mit Livs Eventyr (inklusive Fortsættelse og Tillæg)	162	1	v17:162 (1855)	high	head-noun+place-type	
Klosteret	Klosteret	Klosteret, opført første gang på Det Kgl. Teater 1816.	1855	1855	17	Mit Livs Eventyr (inklusive Fortsættelse og Tillæg)	109	1	v17:109 (1855)	high	head-noun+located+place-type	
Klosterkirken	Klosterkirken	middelalderkirke hørende til Slagelse Hospital (Slagelse Gammel Kloster), delvist nedrevet 1862. Erstattet af den nuværende Helligåndskirke.	1832	1832	16	Levnedsbog	102	1	v16:102 (1832)	high	head-noun+located+place-type	
Knivsholt, Flade Banker og Bangsbo	Knivsholt, Flade Banker og Bangsbo	Knivholt og Bangsbo er middelalderlige hovedgårde syd for Frederikshavn, oprettet henholdsvis 1419 og o. 1364 (nævnt første gang), mens Fladestrand (Flade Banker) var et fiskerleje oprindeligt underlagt de to hovedgårde.	1860	1860	15	Folkekalender for Danmark	187	1	v15:187 (1860)	medium	located+place-type	
Kongens Nytorv	Kongens Nytorv	før torvets anlæggelse var området, i daglig tale kaldet Hallandsaasen, sumpet og vanskeligt farbart.	1855	1855	17	Mit Livs Eventyr (inklusive Fortsættelse og Tillæg)	57	1	v17:57 (1855)	high	in-register	place-000062
Kopparberget	Kopparberget	(svensk) kobberbjerget. Navn på såvel området som malmminen i Falun. Se kort 1-2.	1851	1851	15	I Sverrig	91	1	v15:91 (1851)	high	se-kort+head-noun+place-type	
Korsnäs	Korsnæs	Korsnäs; se kort 2.	1851	1851	15	I Sverrig	93	1	v15:93 (1851)	high	se-kort	
kort efter … i den flyvende Post	kort efter … i den flyvende Post	»Det døende Barn« blev først trykt over i et år senere i Kjøbenhavns flyvende Post, nemlig i nr. 99, 12. december 1828, med den redaktionelle bemærkning: »Uagtet nærværende Digt allerede tilforn har været trykt i et andet Blad, saa gjør den flyvende Post sig dog en Fornøielse af at opbevare det i sit Archiv, og derved opfylde Forfatterens Ønske«.	1855	1855	17	Mit Livs Eventyr (inklusive Fortsættelse og Tillæg)	79	1	v17:79 (1855)	medium	located	
Kullen	Kullen | Kullen(s)	halvø beliggende mellem Skälderviken og Øresund. ¶ halvø mellem Skälderviken og Øresund. ¶ halvø mellem Skälderviken på den svenske Kattegatkyst og Øresund.	1832	1832 1855	16 17	Levnedsbog	132	3	v16:132 (1832); v17:71 (1855); v17:302 (1855)	high	in-register+head-noun+located+place-type	geo-2698848
Kärna	Kärna	(svensk) kerne. I midten af 1200-tallet lod Birger Jarl opføre et fæstningsværk på Stadsholmen (nuværende Gamla Stan), som blev til det senere Stockholms slott. I midten var et rundt tårn, som kaldtes Kärnan og senere Tre kronor.	1851	1851	15	I Sverrig	55	1	v15:55 (1851)	medium	located	
Købmagergade	Kjøbmagergade	Købmagergade, sidegade til Østergade ved Amagertorv.	1855	1855	17	Mit Livs Eventyr (inklusive Fortsættelse og Tillæg)	46	1	v17:46 (1855)	high	head-noun+located+place-type	
L.C. Brinck-Seidelin	Brinck Seidelin	L.C. Brinck-Seidelin, konferensråd, var 1815-1845 amtsforvalter i Hjørring, stænderdeputeret og senere medlem af den grundlovgivende rigsforsamling.	1869	1869	18	Mit Livs Eventyr (inklusive Fortsættelse og Tillæg)	222	1	v18:222 (1869)	medium	located	
l’étang de Thau	l’étang de Thau	stor kystsø i Languedoc ved Middelhavet.	1846	1846	16	Mit eget Eventyr uden Digtning	327	1	v16:327 (1846)	medium	located+place-type	
La Carolina	la Carolina	La Carolina, se kort; byen er grundlagt af Karl 3. (1716-1788, konge fra 1759) i 1767-1770 som led i nybefolkningen af området i Sierra Morena, fortrinsvis med tyske indvandrere.	1863	1863	15	I Spanien	377	1	v15:377 (1863)	high	se-kort+head-noun+place-type	
La Junquera	la Junquera	La Junquera, se kort.	1863	1863	15	I Spanien	223	1	v15:223 (1863)	high	se-kort	
La Scala	La Scala	Milanos operahus, Teatro alla Scala.	1855	1855	17	Mit Livs Eventyr (inklusive Fortsættelse og Tillæg)	127	1	v17:127 (1855)	high	in-register	geo-6949434
La Storta	La Storta	sidste station på diligencerejsen til Rom, knap 30 km nord for Rom.	1855	1855	17	Mit Livs Eventyr (inklusive Fortsættelse og Tillæg)	134	1	v17:134 (1855)	high	in-register	geo-3175075
La Torro del Oro	La Torro del Oro	El Torre del Oro, (spansk) guldtårnet; oprindeligt en del af fæstningsværket omkring Alcázar.	1863	1863	15	I Spanien	364	1	v15:364 (1863)	medium	located	
laae paa Bakkehuset	laae paa Bakkehuset	fru Colbiørnsen og hendes døtre havde lejet sig ind i Bakkehuset for sommeren.	1832	1832	16	Levnedsbog	90	1	v16:90 (1832)	medium	located	
Lago Maggiore	Lago magiore | Lago Maggiore	Lago Maggiore; se kort. ¶ lang, smal sø i De Italienske Alper.	1855	1855 1870	15 17	Mit Livs Eventyr (inklusive Fortsættelse og Tillæg)	127	2	v17:127 (1855); v15:490 (1870)	high	se-kort+in-register+located+place-type	geo-2659792
Land of brown heath … the flood!	Land of brown heath … the flood!	(engelsk) den brune hede og den uvejsomme skovs land, / bjergets og flodens land!; fra Walter Scotts The Lay of the Last Minstrel, 6. sang, 1805.	1869	1869	18	Mit Livs Eventyr (inklusive Fortsættelse og Tillæg)	54	1	v18:54 (1869)	high	head-noun+located+place-type	
Landgrevinden	Landgrevinden	Charlotte af Hessen-Kassel. Hun var søster til Christian 8. og gift med landgreve Vilhelm af Hessen-Kassel. Hun døde 28. marts 1864 i København.	1869	1869	18	Mit Livs Eventyr (inklusive Fortsættelse og Tillæg)	275	1	v18:275 (1869)	medium	located	
Lappland	Lapland(s)	Lappland; landskab i Nordsverige.	1851	1851	15	I Sverrig	22	1	v15:22 (1851)	high	head-noun+located+place-type	
Le Locle	Locle	Le Locle, by i Jurabjergene lidt nordvest for Neuchâtel; se kort.	1869	1869	15	For Romantik og Historie	483	1	v15:483 (1869)	high	se-kort+located+place-type	
Leckø gamle Slot	Leckø gamle Slot	Läckö slott på Kållandsö (se kort 2). Anlagt i slutningen af 1300-tallet og senere udbygget til et barokslot.	1851	1851	15	I Sverrig	25	1	v15:25 (1851)	high	se-kort+located	
Leksand	Leksand | Leksand(s)	se kort 2. ¶ by ved Siljansøen i Sverige.	1851	1851 1869	15 18	I Sverrig	85	2	v15:85 (1851); v18:315 (1869)	high	se-kort+head-noun+located+place-type	
Libau i Cuurland	Libau i Cuurland	by beliggende i landskabet Kurland i det vestlige Letland. Kurland hørte i perioden 1795-1915 under Rusland, men blev dog styret af den lokale tyske adel. Først i 1918 blev Kurland en del af Letland.	1832	1832	16	Levnedsbog	139	1	v16:139 (1832)	high	head-noun+place-type	
Lidköping	Lidkøping	Lidköping; se kort 2.	1851	1851	15	I Sverrig	25	1	v15:25 (1851)	high	se-kort	
Lima	Lima	se kort 2.	1851	1851	15	I Sverrig	94	1	v15:94 (1851)	high	se-kort	
Linth-Canalen … Wallenstädtersøe	Linth-Canalen … Wallenstädtersøe	Linthkanal ved floden Weesen fører ud i Wallensee; se kort.	1858	1858	15	Fortællinger og Vers for Større og Mindre	153	1	v15:153 (1858)	high	se-kort+place-type	
Lissabon	Lissabon	Portugals hovedstad ved Atlanterhavskysten.	1868	1868	15	Et Besøg i Portugal 1866	428	1	v15:428 (1868)	medium	located+place-type	
Livorno	Livorno	se kort. ¶ hvortil turen gik den 6. oktober med hjemkomst dagen efter.	1855	1855 1861 1870	15 17	Mit Livs Eventyr (inklusive Fortsættelse og Tillæg)	130	3	v17:130 (1855); v15:216 (1861); v15:490 (1870)	high	in-register+se-kort	geo-3174659
Loja	Loja	se kort.	1863	1863	15	I Spanien	290	1	v15:290 (1863)	high	se-kort	
Lorelei	Lore-Ley | Loreley	Lorelei; 132 m højt, næsten lodret klippeparti ved Rhinen. Gennem kunsteventyr og sagn er Lorelei blevet personificeret som en fortryllende og forførende kvinde, der lokkede sejlende (mænd) i døden. Fremtrædende behandlinger af Lorelei-figuren findes i Clemens Maria Brentanos (1778-1842) digt »Zu Bacharach am Rheine« fra den anonymt udgivne roman Godwi oder Das steinerne Bild der Mutter. Ein verwilderter Roman, 1801-1802 (2. del, 36. kapitel) og Heinrich Heines (1797-1856) digt »Ich weiß nicht, was soll es bedeuten«, der blev trykt i Der Gesellschafter oder Blätter für Geist und Herz, 26. marts 1824. ¶ Lorelei; 132 m højt, næsten lodret klippeparti ved Rhinen.	1851	1851 1855	15 17	I Sverrig	123	2	v15:123 (1851); v17:110 (1855)	medium	located	
Louis Jürgensen	Louis Jürgensen	formentlig Jules Jürgensen, bror til Louis Urban Jørgensen.	1869	1869	18	Mit Livs Eventyr (inklusive Fortsættelse og Tillæg)	329	1	v18:329 (1869)	medium	located	
Lykkesholm	Lykkesholm	hovedgård i Vindinge Herred ca. 14 km sydvest for Nyborg; ejeren var justitsrådinde Johanne Lindegaard. H.C. Andersen kom der især 1835-1839. ¶ Lykkesholm Slot i Ørbæk, 14 km sydvest for Nyborg, hvor H.C. Andersen var kommet siden 1832 og især 1835-1839 var en flittig gæst.	1846	1846 1855	16 17	Mit eget Eventyr uden Digtning	245	2	v16:245 (1846); v17:187 (1855)	high	head-noun+located+place-type	
Macao	Macao	portugisisk koloni på Kinas sydkyst 60 km vest for Hongkong.	1868	1868	15	Et Besøg i Portugal 1866	438	1	v15:438 (1868)	medium	located+place-type	
Madrid	Madrid	se kort. ¶ Spaniens hovedstad beliggende ca. 215 km syd for Burgos i det centrale højland.	1863	1863 1868	15	I Spanien	251	2	v15:251 (1863); v15:423 (1868)	high	se-kort+located+place-type	
Maidstone	Maidstone	by mellem London og havnebyen Folkstone vest for Dover.	1860	1860	15	Berlingske politiske Avertissements-Tidende	183	1	v15:183 (1860)	high	head-noun+located+place-type	
Manzanares	Manzanares	flod, der løber på vestsiden af slottet og Campo del Moro.	1863	1863	15	I Spanien	384	1	v15:384 (1863)	high	head-noun+place-type	
Marathons Slette	Marathons Slette	på denne slette i Grækenland besejrede en talmæssigt underlegen athensk styrke en persisk invasionsstyrke i 490 f.Kr.	1851	1851	15	I Sverrig	54	1	v15:54 (1851)	medium	located+place-type	
Marie Bunkeflod	hans Enke og Søster | Madam Bunkeflod | Madam Bunkeflod og hendes Mands Søster	Marie Bunkeflod, som var enke efter digterpræsten Hans Christian Bunkeflod, boede sammen med sin svigerinde i de såkaldte Eilschous Boliger, en stiftelse for borgerskabets enlige, trængende kvinder. Stiftelsen lå i Munkemøllestræde over for H.C. Andersens barndomshjem. ¶ Marie Bunkeflod, f. Petersen, enke efter sognepræsten ved St. Hans Kirke, digteren Hans Christian Bunkeflod. Hun boede sammen med sin mands søster Anna Margrethe Bunkeflod. ¶ Marie Bunkeflod, som var enke efter digterpræsten Hans Christian Bunkeflod, boede sammen med sin svigerinde i de såkaldte Eilschous Boliger, en stiftelse oprettet 1776-1781 for borgerskabets enlige, trængende kvinder; stiftelsen lå i Munkemøllestræde over for H.C. Andersens barndomshjem.	1832	1832 1846 1855	16 17	Levnedsbog	63	3	v16:63 (1832); v16:187 (1846); v17:25 (1855)	high	head-noun+place-type+located	
Mariehøi … hos Bogtrykker Iversens Enke	Mariehøi … hos Bogtrykker Iversens Enke	landstedet Mariehøj (Tolderlund) ved kanalen nord for Odense, hvor H.C. Andersen tilbragte tre uger hos Kirstine Marie Iversen.	1855	1855	17	Mit Livs Eventyr (inklusive Fortsættelse og Tillæg)	86	1	v17:86 (1855)	medium	located+place-type	
Marienlyst	Marienlyst	Marienlyst Slot. Tidligere lystslot beliggende i Helsingør. Opført ca. 1588 for Frederik 2., udbygget 1759-1763. Indtil 1766, hvor enkedronning (efter Frederik 5.) Juliane Marie overtog slottet, hed det Lundehave. I 1851 overtog Helsingør Kommune slottet, der siden 1930 har været museum.	1832	1832	16	Levnedsbog	129	1	v16:129 (1832)	medium	located+place-type	
Mariestad	Mariestad(s)	se kort 2.	1851	1851	15	I Sverrig	24	1	v15:24 (1851)	high	se-kort	
Marmorhavet	Marmorhavet	Marmarahavet.	1855	1855	17	Mit Livs Eventyr (inklusive Fortsættelse og Tillæg)	219	1	v17:219 (1855)	high	head-noun+place-type	
Marnäs	Marnäs	se kort 2.	1851	1851	15	I Sverrig	93	1	v15:93 (1851)	high	se-kort	
Masanasa	Masanasa	uvis betydning; muligvis Massanassa, navn på landsby ca. 6 km syd for Valencia.	1863	1863	15	I Spanien	224	1	v15:224 (1863)	medium	located+place-type	
Medinya	Medina	Medinya, ca. 7 km nord for Gerona, se kort.	1863	1863	15	I Spanien	225	1	v15:225 (1863)	high	se-kort	
Meisling … som Rector	Meisling … som Rector	Meisling blev 16. juli 1823 i Klosterkirken i Slagelse indsat i rektorembedet af biskop Friederich Christian Carl Heinrich Münter.	1832	1832	16	Levnedsbog	102	1	v16:102 (1832)	medium	located+place-type	
Mem	Mem	by ved Göta kanals udmunding i Slätbaken, som fører ud i Østersøen (se kort 2). Her blev kanalen indviet i 1832.	1851	1851	15	I Sverrig	51	1	v15:51 (1851)	high	se-kort+head-noun+located+place-type	
Michel Levin	Jøden under Træet	Michel Levin, der i over 50 år optrådte som visesanger på Dyrehavsbakken.	1855	1855	17	Mit Livs Eventyr (inklusive Fortsættelse og Tillæg)	50	1	v17:50 (1855)	medium	located	
Min Biograph i »Dansk Pantheon«	Min Biograph i »Dansk Pantheon«	kritikeren P.L. Møller havde i XXX. Levering af Dansk Pantheon, juni 1845, givet en smuk karakteristik af H.C. Andersen, som medbragte et eksemplar af den på rejsen i 1846 og benyttede den under undarbejdelsen af selvbiografien.	1846	1846	16	Mit eget Eventyr uden Digtning	264	1	v16:264 (1846)	medium	located	
min Fest i Odense	min Fest i Odense	i forbindelse med H.C. Andersens udnævnelse til æresborger i Odense den 6. december 1867.	1869	1869	18	Mit Livs Eventyr (inklusive Fortsættelse og Tillæg)	354	1	v18:354 (1869)	medium	located	
Minaret	Minaret(erne)	tårn ved den muslimske moske, hvorfra der kaldes til bøn.	1855	1855	17	Mit Livs Eventyr (inklusive Fortsættelse og Tillæg)	343	1	v17:343 (1855)	high	head-noun+place-type	
mit Creditiv var endnu ikke indtruffet	mit Creditiv var endnu ikke indtruffet	Jonas Collin havde 28. april 1846 afsendt et kreditiv på 500 rigsdaler til H.C. Andersen, der modtog det 18. maj; det havde da ligget hos Karl Rothschild siden 13. maj. Karl Rothschild var leder af Rothschild-husets Napoli-afdeling.	1855	1855	17	Mit Livs Eventyr (inklusive Fortsættelse og Tillæg)	333	1	v17:333 (1855)	medium	located	
Mondegoflod	Mondegoflod	se kort.	1868	1868	15	Et Besøg i Portugal 1866	461	1	v15:461 (1868)	high	se-kort	
Mont Serrat	Mont Serrat	bjerg nordvest for Barcelona, hvis navn kan betyde savtakket bjerg (latin) el. helligt bjerg (catalansk). Bjerget er pilgrimsmål især pga. benediktinerklosterets sorte Madonnastatue, som ifølge traditionen er skåret af sankt Lukas.	1863	1863	15	I Spanien	240	1	v15:240 (1863)	high	head-noun+located+place-type	
Monte Arrabida	Monte Arrabida	se kort.	1868	1868	15	Et Besøg i Portugal 1866	445	1	v15:445 (1868)	high	se-kort	
Monte pozio	Monte pozio	byen Monte Porzio Catone, 2,5 km fra Tusculum.	1855	1855	17	Mit Livs Eventyr (inklusive Fortsættelse og Tillæg)	137	1	v17:137 (1855)	high	head-noun+place-type	
Montefiascone	Montefiascone	vinby 80 km nord for Rom, berømt for hvidvinen Est!Est!Est!	1855	1855	17	Mit Livs Eventyr (inklusive Fortsættelse og Tillæg)	154	1	v17:154 (1855)	high	head-noun+located+place-type	
Mora	Mora	se kort 2.	1851	1851	15	I Sverrig	94	1	v15:94 (1851)	high	se-kort	
Mosenthal læste siden … min Oversættelse	Mosenthal læste siden … min Oversættelse	ifølge Almanakken sendte H.C. Andersen 10. marts 1855 En Landsbyhistorie til Salomon Hermann Mosenthal, 18. april modtog han Mosenthals tak.	1869	1869	18	Mit Livs Eventyr (inklusive Fortsættelse og Tillæg)	155	1	v18:155 (1869)	medium	located	
Mosenthals »Volksschauspiel«	Mosenthals »Volksschauspiel«	»Der Sonnwendhof«: H.C. Andersen havde i Wien 27. maj 1854 set Salomon Hermann Mosenthals Der Sonnwendhof opført; forfatteren overlod H.C. Andersen manuskriptet (der først tryktes 1857) til brug for sin oversættelse, jf. BfA 276.	1869	1869	18	Mit Livs Eventyr (inklusive Fortsættelse og Tillæg)	153	1	v18:153 (1869)	medium	located	
Motala	Motala	se kort 1-2.	1851	1851	15	I Sverrig	18	1	v15:18 (1851)	high	se-kort	
Museet	Museet	Pradomuseet.	1863	1863	15	I Spanien	388	1	v15:388 (1863)	high	in-register	place-000050
Musæet	Musæet	formentlig Rijksmuseum, åbnet 1800; i 1866 havde det til huse i Trippenhuis.	1869	1869	18	Mit Livs Eventyr (inklusive Fortsættelse og Tillæg)	298	1	v18:298 (1869)	medium	located	
Málaga	Malaga	Málaga, se kort.	1863	1863	15	I Spanien	256	1	v15:256 (1863)	high	se-kort	
Mälaran	Mälaran(s)	Sveriges tredjestørste sø; se kort.	1851	1851	15	I Sverrig	55	1	v15:55 (1851)	high	se-kort	
Møntergaden	Møntergaden	sidegade til Gothersgade i København.	1855	1855	17	Mit Livs Eventyr (inklusive Fortsættelse og Tillæg)	132	1	v17:132 (1855)	high	head-noun+located+place-type	
Münsterdorph	Münsterdorph(s)	mindre by 2 km vest for Breitenburg.	1855	1855	17	Mit Livs Eventyr (inklusive Fortsættelse og Tillæg)	207	1	v17:207 (1855)	high	head-noun+located+place-type	
Nei Danmark … atter	Nei Danmark … atter	»Inpromtu til Thorvaldsen, da han paa Nysø havde fuldendt i Leer Holbergs Buste«, fremsagt på Nysø om aftenen 16. august 1839, da busten blev taget ud af (gips)formen.	1855	1855	17	Mit Livs Eventyr (inklusive Fortsættelse og Tillæg)	240	1	v17:240 (1855)	medium	located	
Nepi	Nepi	lille by ved bjerget monte Soracte, ca. 40 km nord for Rom.	1855	1855	17	Mit Livs Eventyr (inklusive Fortsættelse og Tillæg)	134	1	v17:134 (1855)	high	in-register+head-noun+place-type	geo-3172322
Niagara Falls	Niagara	Niagara Falls, ca. 50 m høje vandfald i Nordamerika.	1863	1863	15	I Spanien	413	1	v15:413 (1863)	medium	located+place-type	
Nicolai Gottlieb Blædel	Blædel	Nicolai Gottlieb Blædel, fra 1859 sognepræst ved Garnisons Kirke i København. Talerne er trykt i »Ved Geheimeconferentsraad Jonas Collin’s Jordefærd den 2. September 1861«.	1869	1869	18	Mit Livs Eventyr (inklusive Fortsættelse og Tillæg)	242	1	v18:242 (1869)	medium	located+place-type	
Nicolai Taarn	Nicolai Taarn	tårnet på Nikolaj Kirke, en middelalderkirke, der kendes fra 1261. Kirken nedbrændte sammen med store dele af København i 1795, men tårnet overlevede. Efter branden besluttede Frederik 6., at sognet skulle nedlægges, hvilket skete i 1805. 1915-1917 blev kirken genopbygget med det gamle tårn som en naturlig del. Kirken har dog efter genopførelsen ikke været brugt som kirke, men til en række andre formål, fx hovedbibliotek.	1832	1832	16	Levnedsbog	143	1	v16:143 (1832)	high	head-noun+located+place-type	
Nicolaigade	Nicolaigade	oprindelig kun den del af Nikolaj Plads, der ligger øst for Nikolaj Kirke (op mod Vingårdsstræde), og som efter branden indtil 1845 anvendtes som kødtorv.	1855	1855	17	Mit Livs Eventyr (inklusive Fortsættelse og Tillæg)	76	1	v17:76 (1855)	medium	located+place-type	
Nicolaitaarn	Nicolaitaarn	Sankt Nicolai Kirke på Nicolai Plads er formentlig Københavns ældste. Tårnet opførtes 1591. Ved branden 1795 blev kirken ødelagt og lå hen som ruin; tårnet blev siden indrettet til brug for brandvæsenet, der ejede det 1808-1882. Fra 1820 anvendtes det til brandvagt og signalstation. ¶ tårnet på Sankt Nikolaj Kirke overlevede branden i 1795, hvor kirken og spiret blev ødelagt; i 1814-1817 blev alt undtagen tårnet revet ned.	1846	1846 1855	16 17	Mit eget Eventyr uden Digtning	220	2	v16:220 (1846); v17:76 (1855)	high	located+place-type+head-noun	
Ninive	Ninive(s)	hovedstaden i oldtidens Assyrien (Mesopotamien), dengang under udgravning af britiske arkæologer.	1860	1860	15	Berlingske politiske Avertissements-Tidende	176	1	v15:176 (1860)	high	head-noun+place-type	
Njupeskärs Vandfald	Njupeskärs Vandfald	Sveriges højeste vandfald på Fulufjällets nordlige skråning.	1851	1851	15	I Sverrig	117	1	v15:117 (1851)	medium	located+place-type	
Nonnebakken	Nonnebakken	bakke syd for Odense Å, tæt ved Sankt Knuds Kirke. Oprindelig lå her en ringborg eller trelleborg (Burgh), der i middelalderen tilhørte Sankt Knuds Kloster og deraf fik navnet Nundeborrig, dvs. nonneborg.	1832	1832	16	Levnedsbog	61	2	v16:61 (1832); v16:104 (1832)	high	in-register+head-noun+located+place-type	place-000005
Nordhavet	Nordhavet	Norskehavet.	1851	1851	15	I Sverrig	13	1	v15:13 (1851)	high	head-noun+place-type	
Novella	Novella	en by ved dette navn har ikke kunnet lokaliseres i området.	1855	1855	17	Mit Livs Eventyr (inklusive Fortsættelse og Tillæg)	154	1	v17:154 (1855)	high	head-noun+place-type	
Nyboder	Nyboder(s Madamer)	bydel i København, påbegyndt 1631 under kong Christian 4. som boliger for flådens faste mandskab; på H.C. Andersens tid et fattigt kvarter.	1855	1855	17	Mit Livs Eventyr (inklusive Fortsættelse og Tillæg)	48	1	v17:48 (1855)	high	head-noun+located+place-type	
Nysø	Nysøe	Nysø; hovedgård og gods fra 1670 ved Præstø, som på H.C. Andersens tid var ejet af baron Hendrik Stampe; billedhuggeren Thorvaldsen boede efter sin hjemkomst fra Italien 1838 indtil sin død 1844 ofte på Nysø, hvor han fik indrettet et atelier. ¶ Nysø, hovedgård og gods fra 1670 ved Præstø, ejet af baron Hendrik Stampe og baronesse Christine Stampe.	1855	1855	17	Mit Livs Eventyr (inklusive Fortsættelse og Tillæg)	206	2	v17:206 (1855); v17:233 (1855)	high	head-noun+located+place-type	geo-2615912
Nürnberg	Nürnberg	H.C. Andersen tog 15. juli fra Einsiedeln til Zürich og nåede via bl.a. Müchen og Augsburg til Nürnberg den 23. juli.	1869	1869	18	Mit Livs Eventyr (inklusive Fortsættelse og Tillæg)	241	1	v18:241 (1869)	high	in-register	geo-2861650
Oberammergau	Oberammergau	landsby i Voralpen i Bayern sydvest for München (se kort), hvor der siden 1634 med enkelte undtagelser hvert tiende år har været opført spil over Jesu lidelseshistorie fra maj til september. Hver af de ca. 100 opførelser varer fra morgen til aften og varetages af lokale amatører. ¶ by i Voralpen i Bayern sydvest for München, hvor der siden 1634 med enkelte undtagelser hvert tiende år har været opført spil over Jesu lidelseshistorie fra maj til september. Hver af de ca. 100 opførelser varer fra morgen til aften og varetages af lokale amatører. ¶ landsby i Voralpen i Bayern sydvest for München, hvor der siden 1634 med enkelte undtagelser hvert tiende år har været opført spil over Jesu lidelseshistorie fra maj til september. Hver af de ca. 100 opførelser varer fra morgen til aften og varetages af lokale amatører; udflugten til Oberammergau varede 30. juni-3. juli.	1860	1860 1861 1869	15 18	Illustreret Tidende	200	3	v15:200 (1860); v15:209 (1861); v18:228 (1869)	high	se-kort+head-noun+located+place-type	
Olazagoitia	Olazagoitia	Olazagutía el. Olazti, se kort.	1863	1863	15	I Spanien	408	1	v15:408 (1863)	high	se-kort	
Old Bromton	Old Bromton	bydel i Westend, syd for Hyde Park.	1869	1869	18	Mit Livs Eventyr (inklusive Fortsættelse og Tillæg)	33	1	v18:33 (1869)	high	head-noun+located+place-type	
Ole Bull	Ole Bull	den norske violinvirtuos og komponist Ole Bull, som H.C. Andersen havde mødt i København i november 1838 og siden i Hamburg i maj 1843; Ole Bull havde 1845 været på turné i USAog gav 1846 flere koncerter i Frankrig (Paris, Bordeaux og Marseille). Han og H.C. Andersen mødtes 29. juni 1846.	1855	1855	17	Mit Livs Eventyr (inklusive Fortsættelse og Tillæg)	336	1	v17:336 (1855)	medium	located	
Olmütz	Olmütz	østtjekkisk by nordøst for Brno, hvor H.C. Andersen kort opholdt sig 6. marts 1846.	1855	1855	17	Mit Livs Eventyr (inklusive Fortsættelse og Tillæg)	322	1	v17:322 (1855)	medium	located+place-type	
Olten	Olten	se kort.	1858	1858	15	Fortællinger og Vers for Større og Mindre	153	1	v15:153 (1858)	high	se-kort	
om Algier og Araberne	om Algier og Araberne	Daumas havde især gjort tjeneste i Algier; han udgav bl.a. Moeurs et coutumes de l’Algérie, 1853 og La Kabylie, 1857. H.C. Andersen spiste »stor Frokost« hos ham 21. april, hvor »Generalen gav mig nogle af sine Skrifter«.	1869	1869	18	Mit Livs Eventyr (inklusive Fortsættelse og Tillæg)	308	1	v18:308 (1869)	medium	located	
Oplagssted	Oplagssted	plads, pakhus o.l. til opbevaring af varer.	1854	1854	15	Folkekalender for Danmark	140	1	v15:140 (1854)	high	head-noun+place-type	
Oporto	Oporto	se kort.	1868	1868	15	Et Besøg i Portugal 1866	440	1	v15:440 (1868)	high	se-kort	
Oran	Oran	havneby i Nordvest-Algeriet.	1863	1863	15	I Spanien	341	1	v15:341 (1863)	high	head-noun+located+place-type	
Orihuela	Orihuela	se kort.	1863	1863	15	I Spanien	258	1	v15:258 (1863)	high	se-kort	
Ornäs	Ørnæs	Ornäs; navn på såvel en gård som byen ved den sydvestlige bred af Runn; se kort 2.	1851	1851	15	I Sverrig	92	1	v15:92 (1851)	high	se-kort+place-type	
Orsova	(Gammel-)Orsova	Ors¸ova; rumænsk by på Donaus venstre bred (Ny Orsova lå på Donaus højre, serbiske bred).	1855	1855	17	Mit Livs Eventyr (inklusive Fortsættelse og Tillæg)	221	1	v17:221 (1855)	medium	located+place-type	
over Nestved til Slagelse	over Nestved til Slagelse	H.C. Andersen ankom til Næstved 3. juli 1829 og til Slagelse dagen efter.	1832	1832	16	Levnedsbog	154	1	v16:154 (1832)	medium	located	
P.T. Hald	En nuværende jydsk Præst	P.T. Hald, som blev teologisk kandidat i 1828; havde skrevet anmeldelser i Dansk Litteratur-Tidende og havde 1828 anonymt fået opført vaudevillerne Guldbryllups-Frierierne og Destillatøren på Det Kgl. Teater.	1855	1855	17	Mit Livs Eventyr (inklusive Fortsættelse og Tillæg)	88	1	v17:88 (1855)	medium	located	
Paaskeklokken kimed’	Paaskeklokken kimed’	»Paaskeklokken kimed mildt / Fra den danske Kyst,«, begyndelseslinjerne til Carl Plougs digt »Slaget ved Slesvig. (Til en færøisk Melodi)«, skrevet til en koncert i Casino til fordel for de sårede og de faldnes efterladte og trykt i Fædrelandet, nr. 120, 4. maj 1848.	1869	1869	18	Mit Livs Eventyr (inklusive Fortsættelse og Tillæg)	76	1	v18:76 (1869)	medium	located+place-type	
Palais-Royal	Palais royal	Palais-Royal; tidligere kongeslot, opført fra 1632, hvori 1641 indviedes et teater, som blev et af tidens mest berømte.	1855	1855	17	Mit Livs Eventyr (inklusive Fortsættelse og Tillæg)	111	1	v17:111 (1855)	high	head-noun+place-type	
Palmyra	Palmyra	antik oaseby i Syrien 100 km øst byen Homs.	1855	1855	17	Mit Livs Eventyr (inklusive Fortsættelse og Tillæg)	200	1	v17:200 (1855)	medium	located+place-type	
Pamplona	Pamplona	se kort.	1863	1863	15	I Spanien	228	1	v15:228 (1863)	high	se-kort	
Pantheon	Pantheon	(af græsk pantheion) viet til alle guderne; antikt tempel på Marsmarken i Rom viet til alle guder og oprindelig tænkt som helligdom for kejser Augustus – egl. Gajus Julius Caesar Octavian – (63 f.Kr.-14). Det nuværende kompleks er rejst i 120’erne, men grundlæggelsen fandt allerede sted i 27 f.Kr. I 609 indviet til kirke for Jomfru Maria og martyrer. ¶ antikt rundtempel på Marskmarken i Rom, senere indrettet til kirke.	1855	1855 1870	15 17	Mit Livs Eventyr (inklusive Fortsættelse og Tillæg)	135	2	v17:135 (1855); v15:491 (1870)	high	in-register+place-type	geo-6619450
Paris	Paris	H.C. Andersen opholdt sig her 10. maj-15. august. ¶ H.C. Andersen rejste over Folkestone og Amiens og kom 17. juli til Paris, som han forlod den 20. Via Strassburg, Mannheim, Frankfurt og Leipzig ankom han den 26. til Dresden. 27. juli rejste han med familien Serre til pianisten og komponisten Adolf Henselts gods Gersdorf i Schlesien, hvor major Serres Fødselsdag (den 28.) blev fejret. 30.-31. juli fulgtes han med Serres til Maxen, hvor han blev til 30. august. ¶ 21. januar-20. marts.	1846	1846 1869	16 18	Mit eget Eventyr uden Digtning	231	3	v16:231 (1846); v18:196 (1869); v18:267 (1869)	high	in-register	geo-2988507
Parthenon	Parthenon(s)	parthenonfrisen fra Parthenontemplet på Athens akropolis, opført 477-438. I 1801-1802 fik den engelske Lord Elgin osmannernes tilladelse til at fjerne en del af skulpturerne fra Parthenons ruiner og hjemførte dem til England. Siden 1816 i den engelske stats eje.	1860	1860	15	Berlingske politiske Avertissements-Tidende	176	1	v15:176 (1860)	high	in-register	geo-8354432
Pastor Bastholms Bibliothek	Pastor Bastholms Bibliothek	sognepræst ved St. Peders kirke, Hans Bastholm, var en stor bogsamler; han solgte sit bibliotek med over 5.000 bind til Sorø Akademi i 1847. ¶ sognepræsten ved St. Peders kirke, Hans Bastholm, var en stor bogsamler; han solgte sit bibliotek med over 5.000 bind til Sorø Akademi i 1847.	1846	1846 1855	16 17	Mit eget Eventyr uden Digtning	211	2	v16:211 (1846); v17:61 (1855)	medium	located+place-type	
Peblingesøen	Peblingesøen	sø i København, der blev dannet i middelalderen for at sikre vandstanden i voldgravene.	1832	1832	16	Levnedsbog	93	1	v16:93 (1832)	high	head-noun+located+place-type	
Pera	Pera	bydel i Istanbul.	1851	1851	15	I Sverrig	61	1	v15:61 (1851)	high	head-noun+located+place-type	
Perpignan	Perpignan	fransk by nær grænsen til Spanien.	1863	1863	15	I Spanien	220	1	v15:220 (1863)	medium	located+place-type	
Peter Frederik Wulff	Admiral Wulff(s) | Wulff(s)	Peter Frederik Wulff, chef for Søkadetakademiet, som i H.C. Andersens latinskoletid åbnede sit hjem for ham.	1869	1869	18	Mit Livs Eventyr (inklusive Fortsættelse og Tillæg)	204	2	v18:204 (1869); v18:283 (1869)	medium	located	
Peterskirken	Peterskirken	den romersk-katolske kirkes hovedsæde i Vatikanstaten i Rom, indviet til apostelen Peter.	1855	1855	17	Mit Livs Eventyr (inklusive Fortsættelse og Tillæg)	134	1	v17:134 (1855)	medium	located	
Petit Trianon	lille Trianon(s Have)	Petit Trianon, lystslot i Versailles’ slotspark, opført 1762-1768; blev et yndet opholdssted for dronning Marie-Antoinette, som fra 1774 etablerede en engelsk-inspireret landskabshave med tilhørende malerisk miniatureby.	1855	1855	17	Mit Livs Eventyr (inklusive Fortsættelse og Tillæg)	113	1	v17:113 (1855)	medium	located+place-type	
Philemon og Baucis	Philemon og Baucis	i Knud Lyne Rahbeks digt »Til mit Bakkehus«, trykt 1. gang i Poetiske Forsøg 2. del, 1802, s. 187 f., hedder det: »Her Baucis og Philemon leve, døe/Tilsammen i hinandens Arm af Ælde«. Philemon og Baucis nævnes i en myte i Ovids Metamorphoses, VIII, V. 631 f. som et gammelt, fromt og fattigt bondepar i Frygien, der til løn for deres gæstfrihed af Zeus ved deres samtidige død forvandledes til to sammenvoksede træer: Philemon til en eg, Baucis til en lind. Ingemann satte Johs. Ewalds sangdrama Philemon og Baucis, 1772, ind i »Varners poëtiske Vandringer« fra digtsamlingen Procne, 1813, som de elskendes læsning.	1869	1869	18	Mit Livs Eventyr (inklusive Fortsættelse og Tillæg)	182	1	v18:182 (1869)	medium	located	
Pinieskov	Pinieskov	skoven strakte sig tidligere fra Puerto Real til Puerto de Santa María, se kort.	1863	1863	15	I Spanien	354	1	v15:354 (1863)	high	se-kort+head-noun+located+place-type	
Pisa	Pisa	se kort. ¶ 30. maj.	1869	1869 1870	15 18	Mit Livs Eventyr (inklusive Fortsættelse og Tillæg)	239	2	v18:239 (1869); v15:490 (1870)	high	in-register+se-kort	geo-3170647
Plaza de Oriente	Plaza de Oriente	plads på østsiden af slottet, anlagt mellem 1816 og 1850.	1863	1863	15	I Spanien	384	1	v15:384 (1863)	high	head-noun+place-type	
Plaza Nueva	Plaza Nueva	Den Nye Plads.	1863	1863	15	I Spanien	302	1	v15:302 (1863)	high	head-noun+place-type	
Pompeij	Pompeij	romersk by i Napolibugten ødelagt ved vulkanen Vesuvs udbrud 79 e.Kr.	1869	1869	18	Mit Livs Eventyr (inklusive Fortsættelse og Tillæg)	314	1	v18:314 (1869)	medium	located+place-type	
Pompeji	Pompeji(s) | Pompeji	antik romersk by, begravet ved Vesuvs udbrud i 79 e.Kr. ¶ den romerske by syd for Napoli, der blev ødelagt og begravet i aske ved Vesuvs udbrud 79. e.Kr. ¶ antik havneby ved Napolibugten, som blev begravet af aske og pimpsten under Vesuvs udbrud i 79 e.Kr.; de første spredte udgravninger af byen påbegyndtes i 1748, men en systematisk udgravning tog først fart i 1861. ¶ oldtidsby ved Napolibugten, som blev begravet af aske og pimpsten under Vesuvs udbrud i 79 e.Kr.; de første spredte udgravninger af byen påbegyndtes i 1748, men en systematisk udgravning tog først fart i 1861. ¶ antik romersk by, begravet ved Vesuvs udbrud 79 e.Kr., genfundet 1748 og siden udgravet.	1846	1846 1855 1860 1868 1869	15 16 17 18	Mit eget Eventyr uden Digtning	213	6	v16:213 (1846); v17:66 (1855); v17:153 (1855); v15:187 (1860); v15:456 (1868); v18:218 (1869)	high	located+place-type+head-noun	
Porphyr-Værket	Porphyr-Værket	Elfdals Porfyrverk i Älvdalen (se kort 2), grundlagt 1788.	1851	1851	15	I Sverrig	97	1	v15:97 (1851)	high	se-kort+place-type	
Porta Westfalica	Porta vestphalia	Porta Westfalica, lille by lidt vest for Hannover.	1869	1869	18	Mit Livs Eventyr (inklusive Fortsættelse og Tillæg)	296	1	v18:296 (1869)	medium	located+place-type	
Portici	Portici	italiensk by ved foden af Vesuv, sydøst for Napoli.	1855	1855	17	Mit Livs Eventyr (inklusive Fortsættelse og Tillæg)	152	1	v17:152 (1855)	high	in-register+place-type	geo-3170116
Prado	Prado(ens)	promenade, som da lå i udkanten af byen mod en række offentlige haver.	1863	1863	15	I Spanien	379	1	v15:379 (1863)	high	head-noun+place-type	
Prokres-Osten	Prokres-Osten	Anton (Freiherr) Prokesch von Osten, østrigsk gesandt i Athen 1834-1849.	1846	1846	16	Mit eget Eventyr uden Digtning	258	1	v16:258 (1846)	medium	located	
Præsten	Præsten	sognepræsten i Rättvik, Per Ulrik Boëthius.	1869	1869	18	Mit Livs Eventyr (inklusive Fortsættelse og Tillæg)	92	1	v18:92 (1869)	medium	located	
Pyrenæer	Pyrenæer	bjergkæde langs grænsen mellem Frankrig og Spanien.	1863	1863	15	I Spanien	220	1	v15:220 (1863)	high	head-noun+located+place-type	
Pæstum	Pæstum	oldtidsby ca. 60 km syd for Napoli, grundlagt omkring 600 f.Kr. af græske kolonister.	1855	1855	17	Mit Livs Eventyr (inklusive Fortsættelse og Tillæg)	153	1	v17:153 (1855)	high	head-noun+located+place-type	
Ragaz med Bad-Pfäffers	Ragaz med Bad-Pfäffers	Bad Pfäfers er et kursted, opstået omkring en varm kilde (36,5°), opdaget ca. 1250 ved Taminaslugten af jægere fra benediktinerklostret Pfäfers. Det første badehus over Taminaslugten blev bygget omkring 1350. I 1840 blev vandet ledt ned i dalen til landsbyen Ragaz, hvor kurstedet Bad Ragaz blev skabt; se kort.	1858	1858	15	Fortællinger og Vers for Større og Mindre	153	1	v15:153 (1858)	high	se-kort+place-type	
Rammelsberg	Rammelsberg | Rammelsbjerg	bjerg med sølvmine. ¶ Rammelsberg, bjerg syd for Goslar, som H.C. Andersen så 25. maj 1831.	1851	1851 1869	15 18	I Sverrig	124	2	v15:124 (1851); v18:93 (1869)	high	head-noun+place-type+located	
Rantzau-Breitenburg … Fædreneborg	Rantzau-Breitenburg … Fædreneborg	gehejmestatsminister A.C.P. Rantzaus borg syd for Itzehoe i Slesvig-Holsten, hvor H.C. Andersens var på besøg i både 1840, 1843 og 1844.	1855	1855	17	Mit Livs Eventyr (inklusive Fortsættelse og Tillæg)	207	1	v17:207 (1855)	medium	located+place-type	
Regnbue ved Maaneskin	Regnbue ved Maaneskin	vel hentydning til digtet »Veirmöllen paa Bakken«, 1830, optaget i Phantasier og Skizzer, 1831, hvori det hedder »Dog, Maanens Lys er ikke slukt, Thi see, en Regnbue hvælver smukt«; hvilken anmeldelse eller kommentar, H.C. Andersen hentyder til, har ikke kunnet identificeres.	1855	1855	17	Mit Livs Eventyr (inklusive Fortsættelse og Tillæg)	225	1	v17:225 (1855)	medium	located+place-type	
Reuss	Reuss	floden Reuss løber gennem Luzern; se kort.	1861	1861	15	Illustreret Tidende	210	1	v15:210 (1861)	high	se-kort+head-noun+place-type	
Rhinen	Rhinen	1320 km lang flod i Mellem- og Nordvesteuropa.	1851	1851	15	I Sverrig	118	1	v15:118 (1851)	medium	located+place-type	
Rhinfald	Rhinfald	der Rheinfall ved Neuhausen (se kort), Europas største vandfald 150 m bredt og 23 m højt. Banen krydser Rhinen nedenfor faldet, hvorefter den passerer en tunnel under den klippe, hvorpå det middelalderlige slot Laufen er bygget.	1858	1858	15	Fortællinger og Vers for Større og Mindre	153	1	v15:153 (1858)	high	se-kort+place-type	
Riborg	de fortræffelige Børn	Riborg, Frederikke, Christian, Johan Peter og Laura Voigt.	1832	1832	16	Levnedsbog	161	1	v16:161 (1832)	high	head-noun+place-type	
Riborg Voigt	Den ældste Datter	Riborg Voigt, der var et år yngre end H.C. Andersen.	1832	1832	16	Levnedsbog	163	1	v16:163 (1832)	high	head-noun+place-type	
Riddarholmen	Riddarholmen	ø beliggende i søen Mälaren i det centrale Stockholm.	1851	1851	15	I Sverrig	68	1	v15:68 (1851)	high	head-noun+place-type	
Riddarholmskyrkan	Ridderholms-Kirken	Riddarholmskyrkan; opført i slutningen af 1200-tallet som kirke til franciskanerklosteret på Riddarholmen og siden brugt til grave og mindesmærker, fx er en stor del af Sveriges regenter begravet her. Det luftige smedejernsspir kom først til 1838-1846.	1851	1851	15	I Sverrig	58	1	v15:58 (1851)	medium	located+place-type	
Rigoletto	Rigoletto	opera fra 1851. H.C. Andersen havde set den i Berlin 5. nov. 1860.	1863	1863	15	I Spanien	272	1	v15:272 (1863)	medium	located	
Rochester	Rochester	by 28 km sydøst for London.	1860	1860	15	Berlingske politiske Avertissements-Tidende	161	1	v15:161 (1860)	high	head-noun+located+place-type	
Rolighed	Rolighed	Melchiors landsted på Østerbro ved Kalkbrænderivejen. Her boede H.C. Andersen første gang 9.-29. september 1866; det blev hans andet hjem i de kommende somre, og her døde han 4. august 1875.	1869	1869	18	Mit Livs Eventyr (inklusive Fortsættelse og Tillæg)	320	1	v18:320 (1869)	medium	located	
Roms Campagne	Roms Campagne	sletten omkring Rom. ¶ den store slette, der omgiver Rom.	1855	1855 1868	15 17	Mit Livs Eventyr (inklusive Fortsættelse og Tillæg)	134	2	v17:134 (1855); v15:427 (1868)	high	head-noun+located+place-type	
Rorschach	Rorschach	se kort.	1858	1858	15	Fortællinger og Vers for Større og Mindre	153	1	v15:153 (1858)	high	se-kort	
Roxen	Roxen	sø ved Linköping i Östergötland; Göta kanal munder ud i Roxen ved Bergs sluser mod vest, hvor Vreta Kloster ligger.	1869	1869	18	Mit Livs Eventyr (inklusive Fortsættelse og Tillæg)	97	1	v18:97 (1869)	high	head-noun+located+place-type	
ruas dos flores	ruas dos flores	Rua das Flores, blomsternes gade i Porto tæt ved domkirken.	1868	1868	15	Et Besøg i Portugal 1866	429	1	v15:429 (1868)	medium	located+place-type	
Rudera	(Kjælder-)Rudera	ruiner, rester.	1846	1846	16	Mit eget Eventyr uden Digtning	213	1	v16:213 (1846)	high	head-noun+place-type	
Rustjuk	Rustschuk	Rustjuk, nu Ruse; by ved Donau i det nordøstlige Bulgarien, den ene af landets to grænseovergange over Donau.	1855	1855	17	Mit Livs Eventyr (inklusive Fortsættelse og Tillæg)	220	1	v17:220 (1855)	high	head-noun+located+place-type	
Rättvik og Mora	Rättvik og Mora	se kort 2.	1851	1851	15	I Sverrig	92	1	v15:92 (1851)	high	se-kort	
Rørstrands-Søen	Rørstrands-Søen	søen har ligget i forbindelse med Karlbergssjön og Klara sjö i det nuværende Norrmalm i Stockholm.	1851	1851	15	I Sverrig	55	1	v15:55 (1851)	high	head-noun+place-type	
Rütli	Rütli	eng ved Vierwaldstättersee (se kort), hvor if. traditionen det første schweiziske forbund blev stiftet i 1291.	1861	1861	15	Illustreret Tidende	209	1	v15:209 (1861)	high	se-kort	
Sadofloden	Adofloden	Sadofloden; se kort.	1868	1868	15	Et Besøg i Portugal 1866	448	1	v15:448 (1868)	high	se-kort	
Sagnet	Sagnet	ifølge overleveringen var Hellig Anders præst ved Sankt Peders Kirke i Slagelse omkring 1200. Anders var draget på pilgrimsfærd til Jerusalem, men da hans rejsekammerater glemte ham ved hjemrejsen, faldt han i en dyb søvn. I drømme så han en rytter, der bad ham sidde op, og da han vågnede senere samme dag befandt han sig på Hvilehøj ved Slagelse. Først lang tid senere ankom hans rejsekammerater. Senere udgaver af historien fortæller, at Anders også nåede til Spanien og Norge. Historien om Anders kan spore tilbage til augustinermunken Thomas fra Cantimpré. Jf. også Thiele 1, 1, s. 74 f.	1832	1832	16	Levnedsbog	106	1	v16:106 (1832)	medium	located+place-type	
Sagunto	Sagunt	Sagunto, se kort. Byen sluttede forbund med romerne i 220-tallet f.Kr.	1863	1863	15	I Spanien	243	1	v15:243 (1863)	high	se-kort+place-type	
Sala	Sala	byen er anlagt af Gustav 2. Adolf i 1624 til sølvminen, der har været i drift fra før 1500-tallet. Se kort 2.	1851	1851	15	I Sverrig	77	1	v15:77 (1851)	high	se-kort+head-noun+place-type	
Saltsøen	Saltsøen	Saltsjön i Stockholms indre havn syd for Djurgården, hvis vand er mere saltholdigt end Mälarens.	1851	1851	15	I Sverrig	55	1	v15:55 (1851)	medium	located+place-type	
Salvaterra	Salvaterra	se kort.	1868	1868	15	Et Besøg i Portugal 1866	461	1	v15:461 (1868)	high	se-kort	
Samlivet med Lißt	Samlivet med Lißt	Franz Liszt havde 1847 slået sig ned i Weimar, hvor han til 1861 virkede som instruktør og dirigent ved teatrets operaforestillinger; siden 1847 levede han sammen med Carolyne Sayn-Wittgenstein, og i deres hjem var H.C. Andersen en hyppig gæst under sine besøg i Weimar.	1869	1869	18	Mit Livs Eventyr (inklusive Fortsættelse og Tillæg)	136	1	v18:136 (1869)	medium	located	
San Sebastián	San Sebastian	San Sebastián, se kort.	1863	1863	15	I Spanien	410	1	v15:410 (1863)	high	se-kort	
Sanchidrián	San Chidrian	Sanchidrián, by på den anden side af Guadarramabjergene, se kort.	1863	1863	15	I Spanien	402	1	v15:402 (1863)	high	se-kort+place-type	
Sandviken	Sandwik(s-Hyttorna)	Sandviken; se kort 2.	1851	1851	15	I Sverrig	93	1	v15:93 (1851)	high	se-kort	
Sangerfesten paa Vartburg	Sangerfesten paa Vartburg	en digterkappestrid, der ifølge sagnet fandt sted på Wartburg Slot i Tyskland 1207.	1846	1846	16	Mit eget Eventyr uden Digtning	285	1	v16:285 (1846)	medium	located+place-type	
Sangerfesten … Riddersal	Sangerfesten … Riddersal	en digterkappestrid, der ifølge sagnet fandt sted på Wartburg Slot i Tyskland 1207.	1851	1851	15	I Sverrig	22	1	v15:22 (1851)	medium	located+place-type	
Santa Croce	Santa Croce	klosterkirke i Firenze.	1855	1855	17	Mit Livs Eventyr (inklusive Fortsættelse og Tillæg)	132	1	v17:132 (1855)	high	head-noun+located+place-type	
Santa Cruz de Mudela	Santa Cruz de Mudela	se kort.	1863	1863	15	I Spanien	376	1	v15:376 (1863)	high	se-kort	
Santa Fé	Santa-Fé	Santa Fé, by ca. 9 km øst for Granada.	1863	1863	15	I Spanien	290	1	v15:290 (1863)	medium	located+place-type	
Santa Maria	Santa Maria	se kort.	1868	1868	15	Et Besøg i Portugal 1866	468	1	v15:468 (1868)	high	se-kort	
Santarem	Santarem	se kort.	1868	1868	15	Et Besøg i Portugal 1866	443	1	v15:443 (1868)	high	se-kort	
Sargans	Sarganz(-Dalen)	Sargans; se kort.	1858	1858	15	Fortællinger og Vers for Større og Mindre	153	1	v15:153 (1858)	high	se-kort	
Savoyen	Savoyen(s)	kongerige i det bjergrige grænseområde mellem Frankrig og Italien.	1869	1869	18	Mit Livs Eventyr (inklusive Fortsættelse og Tillæg)	15	1	v18:15 (1869)	high	head-noun+located+place-type	
Schaffhausen	Schaffhausen	by ved Rhinen; se kort.	1858	1858	15	Fortællinger og Vers for Større og Mindre	153	1	v15:153 (1858)	high	se-kort+head-noun+located+place-type	
Scheveningen	Scheveningen	landsby i Haags nordlige udkant, berømt kurog badeby.	1869	1869	18	Mit Livs Eventyr (inklusive Fortsættelse og Tillæg)	29	1	v18:29 (1869)	high	head-noun+located+place-type	
Schönbrunn	Schönbrunn	kejserligt lystslot sydvest for Wien, hvor Napoleon havde sit hovedkvarter i 1805 og 1809.	1855	1855	17	Mit Livs Eventyr (inklusive Fortsættelse og Tillæg)	164	1	v17:164 (1855)	medium	located+place-type	
Scirocco	Scirocco(luft) | Scirocco	kraftig, varm ørkenvind fra Nordafrika. ¶ varm ørkenvind fra Nordafrika.	1869	1869	18	Mit Livs Eventyr (inklusive Fortsættelse og Tillæg)	237	2	v18:237 (1869); v18:258 (1869)	medium	located	
Scutari	Scutari(s)	det nuværende Üsküdar, oldtidens Chrysopolis, bydel i Istanbul på den asiatiske side af Bosporus.	1855	1855	17	Mit Livs Eventyr (inklusive Fortsættelse og Tillæg)	219	1	v17:219 (1855)	medium	located+place-type	
Serra da Arrábida	St. Luis og Monte Arrabida	Serra da Arrábida, kæde af kalkstensbjerge langs kysten mellem Sesimbra og Setúbal.	1868	1868	15	Et Besøg i Portugal 1866	431	1	v15:431 (1868)	medium	located+place-type	
Sestri Levante	Sestri di Levante	Sestri Levante, by 40 km sydøst for Genua.	1855	1855	17	Mit Livs Eventyr (inklusive Fortsættelse og Tillæg)	129	1	v17:129 (1855)	medium	located+place-type	
Setubal	Setubal	på engelsk St. Ubes eller St. Ybes; en af landets ældste byer; se kort.	1868	1868	15	Et Besøg i Portugal 1866	439	1	v15:439 (1868)	high	se-kort+place-type	
Sevilla	Sevilla	se kort.	1863	1863	15	I Spanien	252	1	v15:252 (1863)	high	se-kort	
Siden ere Aaringer gaaede … gik til Amerika	Siden ere Aaringer gaaede … gik til Amerika	1850 påbegyndte Jenny Lind en to års koncertrejse til Amerika, under hvilken hun 1852 i Boston ægtede pianisten Otto Goldschmidt; H.C. Andersen genså Jenny Lind i Wien i 1854.	1869	1869	18	Mit Livs Eventyr (inklusive Fortsættelse og Tillæg)	36	1	v18:36 (1869)	medium	located	
Siena	Siena	italiensk by 50 km syd for Firenze, hvortil H.C. Andersen ankom 4. april 1834.	1855	1855	17	Mit Livs Eventyr (inklusive Fortsættelse og Tillæg)	154	1	v17:154 (1855)	medium	located+place-type	
Sierra Morena	Sjerra Morena(s)	Sierra Morena, bjergkæde i Sydvestspanien (se kort), som stadig i 1800-tallet var tilholdssted for røverbander.	1863	1863	15	I Spanien	256	1	v15:256 (1863)	high	se-kort+located+place-type	
Sierra Nevada	Sierra Nevada(s)	bjergkæde ved Granada, se kort.	1863	1863	15	I Spanien	291	1	v15:291 (1863)	high	se-kort+head-noun+located+place-type	
Sigtuna	Sigtuna	en af Sveriges ældste byer og biskopsæder. Se kort 2.	1851	1851	15	I Sverrig	55	1	v15:55 (1851)	high	se-kort+place-type	
Siljan	Siljan(s) | Siljans Søen	se kort 1-2. ¶ Siljan; se kort 1-2.	1851	1851	15	I Sverrig	20	2	v15:20 (1851); v15:85 (1851)	high	se-kort	
Sintra	Cintra	Sintra, gammel kongeby 32 km nordvest for Lissabon. ¶ Sintra, gammel kongeby i bjergene nordvest for Lissabon. Her besøgte H.C. Andersen 26. juli-8. august José O’Neill, der levede ugift som rentier, i Santa Maria, en lille forstad lige over Sintra.	1868	1868 1869	15 18	Et Besøg i Portugal 1866	429	2	v15:429 (1868); v18:315 (1869)	medium	located+place-type	
sit Gods Mem … Godset Sæby	sit Gods Mem … Godset Sæby	godset Mem i Tåby (Östergötland), som Edvard Fredrik von Saltza erhvervede sig 1803 og beboede fra 1804. På godset Sæby syd for Linköping opholdt H.C. Andersen sig 14.-20. juli 1849.	1869	1869	18	Mit Livs Eventyr (inklusive Fortsættelse og Tillæg)	96	1	v18:96 (1869)	high	head-noun+place-type	
Skeppsholmen	Skibsholmen	Skeppsholmen; lille ø i Saltsjön i det centrale Stockholm. I perioden 1634-1968 var øen Stockholms flådestation.	1851	1851	15	I Sverrig	57	1	v15:57 (1851)	high	head-noun+located+place-type	
Skolen	Skolen	Borgerdydskolen på Christianshavn (nuværende Vestre Borgerdyd Gymnasium).	1869	1869	18	Mit Livs Eventyr (inklusive Fortsættelse og Tillæg)	124	1	v18:124 (1869)	medium	located+place-type	
Skåne	Skaane	Skåne; det sydligste landskab i Sverige.	1851	1851	15	I Sverrig	13	1	v15:13 (1851)	high	head-noun+located+place-type	
Slaget ved Waterloo	Slaget ved Waterloo	by 15 km syd for Bruxelles, hvor Napoleon led sit afgørende nederlag 18. juni 1815.	1868	1868	15	Et Besøg i Portugal 1866	434	1	v15:434 (1868)	high	head-noun+located+place-type	
Slavelænker	Slavelænker	Cervantes blev 1575 taget til fange af sørøvere og solgt som slave i Algier, han blev frikøbt igen i 1780.	1863	1863	15	I Spanien	385	1	v15:385 (1863)	medium	located	
Slottet	Slottet	Odense Slot. Bygget på resterne af Sankt Hans Kloster. I 1575 påbegyndte Frederik 2. en omfattende ombygning med henblik på at omdanne klostret til kongsgård. I 1720 indledte Frederik 4. en udbygning af stedet og omdøbte det til Odense Slot. I 1860 blev der indrettet museum i slottet, og i 1907 blev det overtaget af Odense Kommune. ¶ Frederiksborg Slot. Opført 1602-1625 til Christian 4.	1832	1832	16	Levnedsbog	69	2	v16:69 (1832); v16:128 (1832)	high	head-noun+place-type	
Slottet Hohenschwangau	Slottet Hohenschwangau	kongeligt lystslot ved Schwangau mellem alperne og floden Lech nær grænsen til østrigsk Tyrol; slottet, som længe havde henligget som ruin, købtes 1832 af daværende kronprins Maximilian og genopførtes.	1869	1869	18	Mit Livs Eventyr (inklusive Fortsættelse og Tillæg)	150	1	v18:150 (1869)	medium	located+place-type	
Solfatara	Solfatara	vulkankrater ved Napoli.	1851	1851	15	I Sverrig	108	1	v15:108 (1851)	medium	located	
Sollerön	Soller-Øen	Sollerön; ø i Siljan.	1851	1851	15	I Sverrig	90	1	v15:90 (1851)	high	head-noun+located+place-type	
Solna	Solna	H.C. Andersen var 9. juli 1849 ved Solna kirke (nordvest for Stockholm) med Bernhard von Beskow.	1869	1869	18	Mit Livs Eventyr (inklusive Fortsættelse og Tillæg)	95	1	v18:95 (1869)	medium	located+place-type	
som Prinds	som Prinds	Frederik 7. havde 1826 opholdt sig i Genève med Grev Rantzau-Breitenburg som rejseledsager.	1869	1869	18	Mit Livs Eventyr (inklusive Fortsættelse og Tillæg)	246	1	v18:246 (1869)	medium	located	
Sophie Charlotte Hermansen	En kjøbenhavnsk Madame	Sophie Charlotte Hermansen, som siden 1816 havde boet i Odense, rejste september 1819 til København, øjensynlig i forbindelse med, at hendes søn havde bestået studentereksamen.	1855	1855	17	Mit Livs Eventyr (inklusive Fortsættelse og Tillæg)	39	1	v17:39 (1855)	medium	located	
Spaniens Roeskilde	Spaniens Roeskilde	Roskilde Domkirke er tilsvarende den danske kongefamilies gravsted.	1863	1863	15	I Spanien	401	1	v15:401 (1863)	high	head-noun+place-type	
St. Anna Kapel	St. Anna Kapel	her tænkes formentlig på Garnisons Kirke, der på Sankt Annæ Plads, tæt ved Bredgade.	1855	1855	17	Mit Livs Eventyr (inklusive Fortsættelse og Tillæg)	57	1	v17:57 (1855)	medium	located+place-type	
St. Gallen	St. Gallen	se kort.	1858	1858	15	Fortællinger og Vers for Større og Mindre	154	1	v15:154 (1858)	high	se-kort	
St. Knuds Kirke	St. Knuds Kirke(taarn)	den nuværende domkirke på Klosterbakken i Odense.	1855	1855	17	Mit Livs Eventyr (inklusive Fortsættelse og Tillæg)	64	1	v17:64 (1855)	high	head-noun+located+place-type	
St Knuds Kirkegaard	St Knuds Kirkegaard	kirkegård ved Odense domkirke, Sankt Knuds Kirke.	1832	1832	16	Levnedsbog	61	1	v16:61 (1832)	medium	located+place-type	
St Knuds Kirketaarn	St Knuds Kirketaarn	tårnet på Odense domkirke, Sankt Knuds Kirke.	1832	1832	16	Levnedsbog	104	1	v16:104 (1832)	high	head-noun+located+place-type	
St. Lucia	St. Lucia	gade i Napoli, hvor H.C. Andersen logerede (nr. 28).	1855	1855	17	Mit Livs Eventyr (inklusive Fortsættelse og Tillæg)	330	1	v17:330 (1855)	high	head-noun+located+place-type	
St. Luis	St. Luis	se kort.	1868	1868	15	Et Besøg i Portugal 1866	446	1	v15:446 (1868)	high	se-kort	
St Luzia	St Luzia	gade i Napoli; H.C. Andersen boede i nr. 28.	1846	1846	16	Mit eget Eventyr uden Digtning	323	1	v16:323 (1846)	high	head-noun+located+place-type	
staaer i Flammer	staaer i Flammer	Frederiksborg Slot brændte natten mellem den 16. og 17. december 1859.	1869	1869	18	Mit Livs Eventyr (inklusive Fortsættelse og Tillæg)	210	1	v18:210 (1869)	high	head-noun+place-type	
Stegeborgs Ruiner	Stegeborgs Ruiner	gods beliggende på en holm i Slätbaken. Det var oprindeligt et fæstningsanlæg fra 1200-tallet, der i de følgende århundreder blev omdannet til et kongeligt renæssanceslot, men som forfaldt fra slutningen af 1600-tallet.	1851	1851	15	I Sverrig	51	1	v15:51 (1851)	high	head-noun+located+place-type	
Stifts-Provsten	Stifts-Provsten	Stephan Tetens var fra 1811-1819 sognepræst ved St. Knuds Kirke i Odense samt stiftsprovst for Fyn.	1846	1846	16	Mit eget Eventyr uden Digtning	192	1	v16:192 (1846)	medium	located+place-type	
Stiftsprovsten … Capellanen	Stiftsprovsten … Capellanen	Stephan Tetens var fra 1811 sognepræst ved St. Knuds Kirke i Odense samt stiftsprovst for Fyn; sognekapellan ved kirken var fra 1816 Andreas Frederik Wiberg.	1855	1855	17	Mit Livs Eventyr (inklusive Fortsættelse og Tillæg)	32	1	v17:32 (1855)	medium	located+place-type	
stora Kopparberget	stora Kopparberget	(svensk) det store kobberbjerg.	1851	1851	15	I Sverrig	108	1	v15:108 (1851)	high	head-noun+place-type	
Stormfloden 1825	Stormfloden 1825	stormfloden i februar 1825, som især ramte Halligerne og Föhr hårdt.	1855	1855	17	Mit Livs Eventyr (inklusive Fortsættelse og Tillæg)	291	1	v17:291 (1855)	high	head-noun+place-type	
Strada Balbi	Strada Balbi	hovedgade i Genova.	1851	1851	15	I Sverrig	58	1	v15:58 (1851)	high	head-noun+located+place-type	
Stromboli	Stromboli	aktiv vulkanø i den italienske øgruppe De Lipariske Øer nord for Sicilien.	1855	1855	17	Mit Livs Eventyr (inklusive Fortsættelse og Tillæg)	215	1	v17:215 (1855)	high	in-register+located+place-type	geo-10376243
Sulitelma, Øens Øie	Sulitelma, Øens Øie	højfjeldsmassiv i Lappland ved grænsen mellem Sverige og Norge. Det samiske navn er blevet oversat med såvel øens øje som øens tærskel og solens øje. Se kort 1.	1851	1851	15	I Sverrig	13	1	v15:13 (1851)	high	se-kort	
Sundet	Sundet	Øresund.	1851	1851	15	I Sverrig	124	1	v15:124 (1851)	high	head-noun+place-type	
Svärdsjö	Svardsjø	Svärdsjö; se kort 2.	1851	1851	15	I Sverrig	93	1	v15:93 (1851)	high	se-kort	
Sydspids	Sydspids	Punta Marroqui ved Tarifa er dog sydligere, se kort.	1863	1863	15	I Spanien	326	1	v15:326 (1863)	high	se-kort	
Sälens By	Sälens By	se kort 2.	1851	1851	15	I Sverrig	94	1	v15:94 (1851)	high	se-kort	
Särna	Sernasogn	Särna; se kort 2.	1851	1851	15	I Sverrig	117	1	v15:117 (1851)	high	se-kort	
Säter	Säther	Säter; se kort 2.	1851	1851	15	I Sverrig	110	1	v15:110 (1851)	high	se-kort	
Säterdalen	Sæther-Dalen	Säterdalen; snæver v-formet dal med rig natur mellem byen Säter og Dalälven. Se kort 2.	1851	1851	15	I Sverrig	81	1	v15:81 (1851)	high	se-kort+place-type	
Sète	Cette	Sète, fransk by ved Middelhavet, som H.C. Andersen passerede på rejsen mod Spanien.	1863	1863	15	I Spanien	353	1	v15:353 (1863)	medium	located+place-type	
Søe	Søe	hav.	1846	1846	16	Mit eget Eventyr uden Digtning	193	1	v16:193 (1846)	high	head-noun+place-type	
Søen	Søen	havet.	1855	1855	17	Mit Livs Eventyr (inklusive Fortsættelse og Tillæg)	129	1	v17:129 (1855)	high	head-noun+place-type	
Søen … Søemandskunsten	Søen … Søemandskunsten	ifølge traditionen skal Christian 4. som dreng have lært at sejle på Skanderborg Sø i et specialbygget skib. Informationen kendes dog kun fra én samtidig kilde, hofprædikant Laurits Jacobsens ligprædiken over Christian 4., og det er usikkert, om den er sand.	1832	1832	16	Levnedsbog	160	1	v16:160 (1832)	medium	located+place-type	
Søvngjængersken	Søvngjængersken	Vicenzo Bellinis La sonnambula, 1831 (dansk Søvngængersken, 1864), hvori Jenny Lind i 1842-1843 havde udført Amines parti; hun fik dog ikke lejlighed til at synge den rolle i København.	1855	1855	17	Mit Livs Eventyr (inklusive Fortsættelse og Tillæg)	274	1	v17:274 (1855)	medium	located	
Tajo	Tajo	flod, der udspringer i Østspanien og munder ud i Atlanterhavet ved Lissabon.	1863	1863	15	I Spanien	393	1	v15:393 (1863)	high	head-noun+located+place-type	
Tanger	Tanger	se kort.	1863	1863	15	I Spanien	327	1	v15:327 (1863)	high	se-kort	
Taterqvinden Langemargrethe	Taterqvinden Langemargrethe	den historiske Langemargrethe, Anne Margrethe Sørensdatter, døde i Viborg Tugthus. Det lokalsagn fra Nørre-Wosborg, som H.C. Andersen hentyder til, er ikke den virkelige Langemargrethe, men er optegnet af den engelske rejsende Horace Marryat, der samtidig med H.C. Andersen besøgte gården (17. juli 1859), i hans bog A Residence in Jutland, the Danish Isles, and Copenhagen, II, 1860, s. 200-202. H.C. Andersens version af historien genfindes i Evald Tang Kristensen Danske Sagn, 1. Række IV, 1896, nr. 1588.	1869	1869	18	Mit Livs Eventyr (inklusive Fortsættelse og Tillæg)	211	1	v18:211 (1869)	medium	located+place-type	
Terni for at see Vandfaldet	Terni for at see Vandfaldet	byen Terni ligger 75 km nord for Rom, anlagt i oldtiden ved floden Nera 6 km neden for det 360 m høje vandfald Cascata delle Marmore.	1855	1855	17	Mit Livs Eventyr (inklusive Fortsættelse og Tillæg)	132	1	v17:132 (1855)	high	head-noun+place-type	
Terracina	Terracina | Terrazina	italiensk kystby syd for Napoli. ¶ Terracina; kystby 90 km sydøst for Rom.	1855	1855 1868	15 17	Mit Livs Eventyr (inklusive Fortsættelse og Tillæg)	151	2	v17:151 (1855); v15:423 (1868)	high	in-register+located+place-type+head-noun	geo-3165762
Thalatta, Thalatta	Thalatta, Thalatta	(græsk) havet, havet; citat fra den oldgræske forfatter Xenofon fra Athens krigsreportage Anabasis (marchen ind i landet), IV,7,24 (dansk 1929).	1855	1855	17	Mit Livs Eventyr (inklusive Fortsættelse og Tillæg)	87	1	v17:87 (1855)	high	head-noun+place-type	
Theben	Theben (stod i Flammer)	daværende grænseby.	1855	1855	17	Mit Livs Eventyr (inklusive Fortsættelse og Tillæg)	223	1	v17:223 (1855)	high	head-noun+place-type	
Thorwaldsen … Nysøe	Thorwaldsen … Nysøe	hovedgård 1 km sydvest for Præstø, hvor Thorvaldsen havde et lille atelier.	1846	1846	16	Mit eget Eventyr uden Digtning	263	1	v16:263 (1846)	high	head-noun+located+place-type	
Tiberen	Tiberen(s)	flod, der løber gennem Rom.	1863	1863	15	I Spanien	371	1	v15:371 (1863)	high	head-noun+located+place-type	
Til San Peder de Cordoña	Til San Peder de Cordoña	oversat fra Oskar 2. nr. 68 s. 391, jf. Der Cid s. 245. Cid blev begravet i klosteret San Pedro de Cardeña ved Burgos (se kort), jf. s. 210.	1863	1863	15	I Spanien	247	1	v15:247 (1863)	high	se-kort	
Tilsigelse til Taffelet paa Jagtslottet Stärnberg	Tilsigelse til Taffelet paa Jagtslottet Stärnberg	19. juni 1852 var H.C. Andersen Maximilian 2.s gæst på jagtslottet i Berg ved Starnbergersøen.	1869	1869	18	Mit Livs Eventyr (inklusive Fortsættelse og Tillæg)	139	1	v18:139 (1869)	medium	located+place-type	
Tivoli	Tivoli	se kort. ¶ lille by 26 km øst for Rom med berømt vandfald og mange springvand.	1855	1855 1870	15 17	Mit Livs Eventyr (inklusive Fortsættelse og Tillæg)	140	2	v17:140 (1855); v15:491 (1870)	high	in-register+se-kort+head-noun+located+place-type	geo-3165624
Toboso	Toboso	lille by ca. 20 km nordøst for Alcazar de San Juan, berømt som hjembyen for Don Quixotes elskede, Dulzinea.	1863	1863	15	I Spanien	379	1	v15:379 (1863)	high	head-noun+located+place-type	
Toby	Toby	Tobby Wilson i Henrik Hertz’ skuespil De Deporterede, 21. februar 1853.	1869	1869	18	Mit Livs Eventyr (inklusive Fortsættelse og Tillæg)	325	1	v18:325 (1869)	high	head-noun+place-type	
Tolderlund	Tolderlund	landstedet Marieshøj (Tolderlund) ved kanalen nord for Odense. Tolderlund betegnede tidligere et større landområde, der 13. december 1564 blev skænket Oluf Bager af Frederik 2. Efter Oluf Bagers død 1602 solgtes hans landområder, og den sidste, der ejede det oprindelige Tolderlund udelt, var forfatteren Elias Naur. Siden opsplittedes ejendommen og solgtes stykvist. Landstedet Marieshøj opførtes 1786 (ombygget 1802-1803) på disse jorder.	1832	1832	16	Levnedsbog	115	2	v16:115 (1832); v16:160 (1832)	medium	located+place-type	
Toledo	Toledo	se kort. H.C. Andersen opholdt sig her 2.-7. december 1862.	1863	1863	15	I Spanien	393	1	v15:393 (1863)	high	se-kort	
Torpa	Torpa	gods i Länghem sogn, Västergötland, som tilhørte Stenbock-slægten.	1851	1851	15	I Sverrig	43	1	v15:43 (1851)	high	head-noun+located+place-type	
Trafalgar-Bugten	Trafalgar-Bugten	ud for Cabo (Kap) Trafalgar, se kort.	1863	1863	15	I Spanien	334	1	v15:334 (1863)	high	se-kort	
Trekroner	Trekroner	søfort ved indsejlingen til København.	1855	1855	17	Mit Livs Eventyr (inklusive Fortsættelse og Tillæg)	236	1	v17:236 (1855)	medium	located+place-type	
Triana	Triana	bydel, der tidligere var sigøjnerkvarter. Den er opkaldt efter den romerske kejser Trajan (ca. 53-117 e.Kr.), der var født i den romerske by Italica nær Sevilla.	1863	1863	15	I Spanien	364	1	v15:364 (1863)	high	head-noun+place-type	
Trianon	Trianon	her: Grand Trianon, lystslot i Versailles’ slotspark, opført 1687, hvor Napoleon 1. havde soveværelse.	1855	1855	17	Mit Livs Eventyr (inklusive Fortsættelse og Tillæg)	113	1	v17:113 (1855)	medium	located+place-type	
Trolhättacanalen	Trolhättacanalen	kanal med et omfattende slusesystem, som gør Götaelven farbar mellem Kattegat og søen Vänern i Sverige. Åbnet 1800.	1846	1846	16	Mit eget Eventyr uden Digtning	271	1	v16:271 (1846)	high	head-noun+place-type	
Trollhättan	Trollhättan	se kort 1-2. Byens attraktion var Göta älvs vandfald og et omfattende slusesystem, som gjorde elven farbar mellem Kattegat og Vänern. Arbejdet blev indledt 1749, Trollhätte kanal åbnedes 1800, og sammen med Göta kanal, der blev udgravet fra 1810 til 1832, dannede den en vandvej gennem Sverige.	1851	1851	15	I Sverrig	15	1	v15:15 (1851)	high	se-kort+place-type	
Tróia	Troja	Tróia, den fønikiske, senere romerske by Cetobriga, se kort.	1868	1868	15	Et Besøg i Portugal 1866	456	1	v15:456 (1868)	high	se-kort+place-type	
Tuillerierne	Tuillerierne	Palais des Tuileries, 1564, kongeligt residensslot i Paris.	1861	1861	15	Illustreret Tidende	210	1	v15:210 (1861)	medium	located+place-type	
tunge Dage	tunge Dage	Robert Watts far, proprietær William Watt, ejer af Holmstrupgård ved Århus, døde, da sønnen var 6 år. Robert tog realeksamen i 1854.	1869	1869	18	Mit Livs Eventyr (inklusive Fortsættelse og Tillæg)	328	1	v18:328 (1869)	medium	located	
Tweed	Floden, der gjør Grændsen mellem England og Skotland	Tweed; H.C. Andersen og Joseph Hambro krydsede floden ved Berwick on Tweed.	1869	1869	18	Mit Livs Eventyr (inklusive Fortsættelse og Tillæg)	46	1	v18:46 (1869)	medium	located+place-type	
Tétouan	Tetuan	Tétouan, se kort.	1863	1863	15	I Spanien	341	1	v15:341 (1863)	high	se-kort	
Ulriksdal	Ulriksdal	lystslot ved Edsviken, nord for Stockholm. Besøget fandt sted 28. september.	1869	1869	18	Mit Livs Eventyr (inklusive Fortsættelse og Tillæg)	286	1	v18:286 (1869)	high	head-noun+located+place-type	
Uppsala	Upsala	Uppsala; se kort 1-2.	1851	1851	15	I Sverrig	68	1	v15:68 (1851)	high	se-kort	
v. Benzon	v. Benzon	Christian Albrecht von Benzon blev født i København, men havde gået i skole i Odense, hvor H.C. Andersen formodentlig havde gjort familien Benzons bekendtskab gennem familien Hanck. C.A. von Benzons portræt af H.C. Andersen er malet i marts 1836 og befinder sig nu på Det Nationalhistoriske Museum på Frederiksborg Slot.	1855	1855	17	Mit Livs Eventyr (inklusive Fortsættelse og Tillæg)	250	1	v17:250 (1855)	medium	located+place-type	
Vadstena	Wadstena	Vadstena; se kort 2.	1851	1851	15	I Sverrig	34	1	v15:34 (1851)	high	se-kort	
Valencia	Valencia	se kort.	1863	1863	15	I Spanien	233	1	v15:233 (1863)	high	se-kort	
Vandfaldet ved Golling	Vandfaldet ved Golling	75 m højt vandfald ved Golling an der Salzach, 10 km syd for Hallein.	1855	1855	17	Mit Livs Eventyr (inklusive Fortsættelse og Tillæg)	162	1	v17:162 (1855)	medium	located+place-type	
Ved Languedoc-Canalen … Trækfartøi	Ved Languedoc-Canalen … Trækfartøi	skildringen af sejladsen på kanalen stammer fra Dagbogen 15. juli 1846, dvs. fra hjemturen, mens den store mængde vandmænd blev observeret 4. juli på udturen.	1855	1855	17	Mit Livs Eventyr (inklusive Fortsættelse og Tillæg)	339	1	v17:339 (1855)	medium	located+place-type	
ved Roeskilde er endnu hans Grav	ved Roeskilde er endnu hans Grav	C.E.F. Weyse blev efter eget ønske begravet på Gråbrødre kirkegård i Roskilde (13. oktober 1842) på et gravsted, han erhvervede sig under et af sine sidste besøg i byen.	1855	1855	17	Mit Livs Eventyr (inklusive Fortsættelse og Tillæg)	247	1	v17:247 (1855)	medium	located	
Venersborg	Wenersborg	Venersborg, hvor H.C. Andersen opholdt sig 2.-5. august 1849.	1869	1869	18	Mit Livs Eventyr (inklusive Fortsættelse og Tillæg)	104	1	v18:104 (1869)	high	head-noun+place-type	
Verdenshav	Verdenshav	Atlanterhavet.	1868	1868	15	Et Besøg i Portugal 1866	432	1	v15:432 (1868)	high	head-noun+place-type	
Versailles sminkede Guddom	Versailles sminkede Guddom	slottet Versailles blev opført 1623, men ombygget til det nuværende slot af den franske konge Ludvig 14. den Store (1638-1715, konge fra 1643), der også kaldes solkongen, idet han lod sig dyrke som hoflivets sol.	1851	1851	15	I Sverrig	56	1	v15:56 (1851)	high	head-noun+place-type	
Vesuv	Vesuv(s)	vulkan ved Napoli, hvis udbrud 79 e.Kr. ødelagde de to romerske byer Pompeji og Herculanum.	1855	1855	17	Mit Livs Eventyr (inklusive Fortsættelse og Tillæg)	292	1	v17:292 (1855)	high	head-noun+located+place-type	
Via Toledo	Toledogaden	Via Toledo, hovedgade i Napoli, dengang berygtet for sin prostitution.	1846	1846	16	Mit eget Eventyr uden Digtning	324	1	v16:324 (1846)	medium	located+place-type	
Vidin	Widdin	Vidin; by ved Donau i det nordvestlige Bulgarien, den anden af landets to grænseovergange over Donau.	1855	1855	17	Mit Livs Eventyr (inklusive Fortsættelse og Tillæg)	221	1	v17:221 (1855)	high	head-noun+located+place-type	geo-725905
Viken	Wigen	Viken; se kort 2.	1851	1851	15	I Sverrig	32	1	v15:32 (1851)	high	se-kort	
Villa reale	Villa reale	offentligt parkanlæg ud mod havet i Napoli anlagt 1780, nu Villa Communale.	1851	1851	15	I Sverrig	56	1	v15:56 (1851)	medium	located+place-type	
Villa-Borghese	Villa-Borghese	fyrsteslægten Borgheses lystslot og parkanlæg i Rom.	1851	1851	15	I Sverrig	61	1	v15:61 (1851)	medium	located+place-type	
Villaer ved Blankenese	Villaer ved Blankenese	den holstenske by nær Altona var netop bekendt herfor; villaerne tilhørte især rige borgere fra Hamborg.	1854	1854	15	Folkekalender for Danmark	141	1	v15:141 (1854)	high	head-noun+located+place-type	
Vitoria	Vitoria	se kort.	1863	1863	15	I Spanien	407	1	v15:407 (1863)	high	se-kort	
Vouga	Vouga	se kort.	1868	1868	15	Et Besøg i Portugal 1866	461	1	v15:461 (1868)	high	se-kort	
Vänern	Sverrigs største Indsøe	Vänern; se kort 1-2.	1851	1851	15	I Sverrig	15	1	v15:15 (1851)	high	se-kort	
Vänersborg	Canalen mellem Trollhätten og Venersborg	Vänersborg, 10 km nord for Trollhättan.	1855	1855	17	Mit Livs Eventyr (inklusive Fortsættelse og Tillæg)	183	1	v17:183 (1855)	high	head-noun+place-type	
Västergötland	Westergötland	Västergötland; se kort.	1851	1851	15	I Sverrig	37	1	v15:37 (1851)	high	se-kort	
Västerås	Westeraas	Västerås; se kort 1-2.	1851	1851	15	I Sverrig	70	1	v15:70 (1851)	high	se-kort	
Vättern	Wettern	Vättern; se kort 1-2.	1851	1851	15	I Sverrig	35	1	v15:35 (1851)	high	se-kort	
Vélez Málaga	Velez-Malaga	Vélez Málaga, se kort.	1863	1863	15	I Spanien	290	1	v15:290 (1863)	high	se-kort	
Walhalla	Walhalla	jf. Dagbogen 28. februar 1843: »interessantest var et Tog af Børn til Hest, hvor deres egne Been bar dem og Paphestene svævede omkring dem de reed et indstuderet Ridt efter Musikken, dernæst et Narhalle / Parodie paa det ved Regensburg«. Walhalla, marmortempel opført 1830-1842 ved Donaufloden øst for Regensburg af Leo von Klenze på foranledning af Ludwig 1. af Bayern. Det er opkaldt efter gudernes bolig i nordisk mytologi og rummer buster af betydningsfulde personer i den tyske historie.	1855	1855	17	Mit Livs Eventyr (inklusive Fortsættelse og Tillæg)	250	1	v17:250 (1855)	high	in-register	geo-2814751
Wartburg	Wartburg	slottet Wartburg ved Eisenach, grundlagt 1067 og opført i det 11. og 12. århundrede, tidligere residens for landsgreverne af Thüringen; på Carl Alexanders foranledning blev det stærkt forfaldne slot restaureret 1847-1889. H.C. Andersen besøgte Wartburg 30. juni 1854.	1869	1869	18	Mit Livs Eventyr (inklusive Fortsættelse og Tillæg)	152	1	v18:152 (1869)	high	head-noun+place-type	
Wedels Troup	Wedels Troup	baron Frederik Christian Wedel Jarlsberg, som havde sit eget private teater i Næstved, havde i 1804 opnået tilladelse til at turnere med sin teatertrup bestående af omkring 15 personer. Han udså sig Odense Teater, der siden 1802 havde været uden en tilknyttet trup, og i december 1804 indtog hans trup scenen. Året efter købte Wedel Odense Teater, men allerede i 1806 forlod han igen byen.	1832	1832	16	Levnedsbog	72	1	v16:72 (1832)	medium	located	
»Wetterhorn«, »Silberhorn«	»Wetterhorn«, »Silberhorn«	bjergmassiver i Berneralperne.	1869	1869	18	Mit Livs Eventyr (inklusive Fortsættelse og Tillæg)	16	1	v18:16 (1869)	medium	located	
Wilhelm Hensel	Hensel	Wilhelm Hensel, gift med Fanny Hensel, søster til Felix Mendelssohn-Bartholdy. Fanny Hensel døde 14. maj 1847 i Paris.	1869	1869	18	Mit Livs Eventyr (inklusive Fortsættelse og Tillæg)	26	1	v18:26 (1869)	medium	located	
Wilhelms-Höhe	Wilhelms-Höhe	slot uden for Kassel.	1855	1855	17	Mit Livs Eventyr (inklusive Fortsættelse og Tillæg)	109	1	v17:109 (1855)	high	head-noun+located+place-type	
Würtemberg	Würtemberg	da et selvstændigt kongerige i Det Tyske Forbund, nu Baden-Württemberg.	1863	1863	15	I Spanien	352	1	v15:352 (1863)	medium	located+place-type	
Xenil	Xenil	el. Genil, se kort.	1863	1863	15	I Spanien	290	1	v15:290 (1863)	high	se-kort	
Xeres de la Frontera	Xeres de la Frontera	el. Jeres de la Frontera, se kort.	1863	1863	15	I Spanien	352	1	v15:352 (1863)	high	se-kort	
Yrun	Yrun	Irún ved grænsen til Frankrig, se kort.	1863	1863	15	I Spanien	411	1	v15:411 (1863)	high	se-kort	
Zacatin	Zacatin	handelsgade fra maurisk tid.	1863	1863	15	I Spanien	302	1	v15:302 (1863)	high	head-noun+place-type	
Zaragoza	Saragossa	Zaragoza, se kort.	1863	1863	15	I Spanien	236	1	v15:236 (1863)	high	se-kort	
Zigeuner-Qvarteret	Zigeuner-Qvarteret	bydelen Albaicin, som menes før at have huset maurerflygtninge, jf. Hackländer 2 s. 252.	1863	1863	15	I Spanien	297	1	v15:297 (1863)	high	head-noun+place-type	
Zürich	Zürich	se kort.	1858	1858	15	Fortællinger og Vers for Større og Mindre	153	1	v15:153 (1858)	high	se-kort	
Årsta	Godset Aosta | Aosta	Årsta, gods i Österhaninge, ca. 25 km fra Stockholm; godset købtes 1805 af Carl Fredrik Bremer, Fredrika Bremers far. ¶ Årsta; gods 25 km fra Stockholm ved Horsfjorden. Det var 1805 blevet købt af Fredrika Bremers far, og her døde hun selv.	1869	1869	18	Mit Livs Eventyr (inklusive Fortsættelse og Tillæg)	95	2	v18:95 (1869); v18:289 (1869)	high	located+place-type+head-noun	
Årøsund	Arøsund	Årøsund, 15 km øst for Haderslev ved Årø i Lillebælt.	1855	1855	17	Mit Livs Eventyr (inklusive Fortsættelse og Tillæg)	223	1	v17:223 (1855)	high	head-noun+located+place-type	
Øen i Sydhavet	Øen i Sydhavet	Adam Oehlenschläger Øen i Sydhavet. Roman, 1824-1825.	1832	1832	16	Levnedsbog	138	1	v16:138 (1832)	medium	located+place-type	
Øen med … Slot	Øen med … Slot	øen Stadsholmen, hvor blandt andet Stockholms slott findes.	1851	1851	15	I Sverrig	61	1	v15:61 (1851)	high	head-noun+place-type	
ørk	(Steen)ørk	ørken.	1863	1863	15	I Spanien	394	1	v15:394 (1863)	high	head-noun+place-type	
Ørsted … i mit Fædreland	Ørsted … i mit Fædreland	H.C. Ørsted var en af H.C. Andersens vigtigste støtter helt fra de første år i København; han gjorde som den første H.C. Andersen opmærksom på det nybrydende ved Eventyr, fortalte for Børn, jf. et brev til Henriette Wulff den 16. marts 1835, hvor H.C. Andersen fortæller, at han har »skrevet nogle Eventyr for Børn, om hvilke Ørsted siger, at naar Improvisatoren gjør mig berømt, gjør Eventyrene mig udødelig, de ere det meest fuldendte jeg har skrevet, men det synes jeg ikke« (H.C. Andersen og Henriette Wulff. En Brevveksling, bd. I, 1959, s. 211).	1855	1855	17	Mit Livs Eventyr (inklusive Fortsættelse og Tillæg)	56	1	v17:56 (1855)	medium	located	
