place	lemma_andersen	explanation	year	years	volumes	work	page	occurrences	references	confidence	evidence	geo_id
1284 … plyndret af Nordmændene	1284 … plyndret af Nordmændene	kilden er ikke fundet.	1860	1860	15	Folkekalender for Danmark	189	1	v15:189 (1860)	high	head-noun+place-type	
18de Februar 1862	18de Februar 1862	H.C. Andersen skulle ifølge dagbogen have været i Det Kgl. Teater og se Den Stumme i Portici, J.L. Heibergs opsætning af D.F.E. Aubers La muette de Portici, 1828, med koreografi af Bournonville; stykket blev dog aflyst på grund af sygdom.			8	(untitled)	334	1	v8:334 ()	medium	located	
Abbotsford	Abbotsford	Walter Scotts herregård ved Tweed i Skotland.	1849	1849	5	De to Baronesser	413	1	v5:413 (1849)	medium	located+place-type	
Absalon	Absalon	(ca. 1128-1201), statsmand og ærkebiskop, omdannede i 1162 familiens benediktinerkloster i Sorø til en cistercienserstiftelse og begunstigede klosteret af både sit privatgods og sit embedsgods.	1872	1872	3	Kometen	256	1	v3:256 (1872)	medium	located+place-type	
Abydos … Sestos	Abydos … Sestos	antikke græske byer på hhv. den asiatiske og den europæiske side af Dardanellerne.	1842	1842	14	En Digters Bazar	448	1	v14:448 (1842)	high	head-noun+place-type	
Acropolis	Acropolis	ruinerne af Athens højtbeliggende borg- og tempelområde.	1846	1846	16	Mit eget Eventyr uden Digtning	258	1	v16:258 (1846)	high	in-register+head-noun+place-type	geo-265409
Adam Knuth	Adam Knuth	Adam Knuth, brodersøn til Marie Elisabeth Moltke fra Bregentved, hvorfra H.C. Andersen kendte ham (jf. Almanakken 31. december 1846); Adam Knuth meldte sig 1848 som frivillig og blev samme år sekondløjtnant; i slaget ved Fredericia 6. juli 1849 blev han hårdt såret og invalideret.	1869	1869	18	Mit Livs Eventyr (inklusive Fortsættelse og Tillæg)	75	1	v18:75 (1869)	medium	located	
Adolf von Brockhausen	Baron Brockhausen	Adolf von Brockhausen, preussisk gesandt i Napoli; H.C. Andersen inviteredes til middag hos Adolf von Brockhausen 11. maj 1846.	1855	1855	17	Mit Livs Eventyr (inklusive Fortsættelse og Tillæg)	331	1	v17:331 (1855)	medium	located	
af de kongelige Palaier paa Amalienborg	af de kongelige Palaier paa Amalienborg	P.F. Wulff blev 1824 chef for søkademiet, der 1788-1827 havde til huse i Brockdorffs Palæ (Frederik 8.s Palæ) på Amalienborg, hvor familien fik embedsbolig.	1855	1855	17	Mit Livs Eventyr (inklusive Fortsættelse og Tillæg)	74	1	v17:74 (1855)	medium	located	
Agamemnons Grav	Agamemnons Grav	græsk sagnkonge i Mykene (se kort) på det nordøstlige Peloponnes, søn af Atreus; leder af togtet mod Troja. Efter hjemkomsten fra Troja blev han myrdet af sin hustru Klytaimnestra som hævn, fordi han under togtet havde ofret datteren Ifigenia for at få gunstig vind. Atreus’ skatkammer i Mykene, der er en såkaldt kuppelgrav fra 1300-1250 f.Kr., kaldes også Agamemnons grav.	1842	1842	14	En Digters Bazar	376	1	v14:376 (1842)	high	se-kort	
Akropolis	Akropolis	ruinerne af en befæstet by og religiøst centrum i Athen. Jf. Hackländer: »man könnte sagen, sie ist die Akropolis von Granada« (2 s. 254).	1863	1863	15	I Spanien	294	1	v15:294 (1863)	high	head-noun+located+place-type	
Alameda	Alameda	hovedgaden.	1869	1869	18	Mit Livs Eventyr (inklusive Fortsættelse og Tillæg)	257	1	v18:257 (1869)	high	head-noun+place-type	
Albanerbjergene	Albanerbjergene	30 km sydøst for Rom; se kort.	1870	1870	15	Breve fra og til Hans Christian Ørsted, 2. Samling	491	1	v15:491 (1870)	high	se-kort	
Albano	Albano	(Albano-Laziale) ved Lago Albano; se kort.	1842	1842	14	En Digters Bazar	337	1	v14:337 (1842)	high	se-kort	
Alcázar de San Juan	Alcazar de San Juan	Alcázar de San Juan, se kort.	1863	1863	15	I Spanien	379	1	v15:379 (1863)	high	se-kort	
Alexisbad	Alexisbad	kurbadested i Selke-dalen, grundlagt 1810.	1831	1831	14	Skyggebilleder af en Reise til Harzen, det sachsiske Schweitz etc. etc., i Sommeren 1831	125	1	v14:125 (1831)	high	in-register+place-type	geo-2958541
Algeciras	Algeciras	se kort.	1863	1863	15	I Spanien	256	1	v15:256 (1863)	high	se-kort	
Alhama de Granada	Alhama	Alhama de Granada, se kort.	1863	1863	15	I Spanien	290	1	v15:290 (1863)	high	se-kort	
Alhambra	Alhambra | Alhambra(s)	slot i Granada. ¶ Maurerkongernes slot uden for Granada i Spanien. ¶ maurerkongernes slot uden for Granada; det omtalte besøg fandt sted den 7.	1837	1837 1853 1869	2 5 18	Kun en Spillemand	219	3	v5:219 (1837); v2:72 (1853); v18:257 (1869)	high	head-noun+located+place-type	
alle Troesbekjendelserne	alle Troesbekjendelserne	den danske kirke har tre formuleringer af kirkens tro, kaldet den apostolske, den nikænokonstantinopolitanske og den athanasianske trosbekendelse.	1857	1857	6	»At være eller ikke være«	118	1	v6:118 (1857)	high	head-noun+place-type	
Alleenberg	Alleenberg	forlystelseshave på Frederiksberg Allé 1841-1923.	1863	1863	15	I Spanien	309	1	v15:309 (1863)	medium	located+place-type	
allerede som lille Barn optraadt paa Scenen	allerede som lille Barn optraadt paa Scenen	Weissenthurn blev i 1789 15 (el. 16) år gammel ansat ved Burgtheater.	1855	1855	17	Mit Livs Eventyr (inklusive Fortsættelse og Tillæg)	164	1	v17:164 (1855)	medium	located	
Almadén	Almaden	Almadén, se kort.	1863	1863	15	I Spanien	275	1	v15:275 (1863)	high	se-kort	
Almansa og Alicante	Almansa og Alicante	se kort. H.C. Andersen gjorde ophold i Almansa og ankom til Alicante 20. september, hvor han opholdt sig til 23 september 1862.	1863	1863	15	I Spanien	250	1	v15:250 (1863)	high	se-kort	
Almería	Almeria	Almería, se kort.	1863	1863	15	I Spanien	286	1	v15:286 (1863)	high	se-kort	
Alster	Alster(en) | Alsteren	53 km lang biflod til Elben. Opdæmmes i Hamburg til de to kunstige søer Außen-Alster og Binnen-Alster. ¶ biflod til Elben, der opdæmmes i to kunstige søer i Hamburg, Außen-Alster og Binnen-Alster. ¶ Alster, biflod til Elben, der løber igennem Hamburg (og som er omdannet til søerne Binnen-Alster og Außen-Alster).	1831	1831 1842 1855	14 17	Skyggebilleder af en Reise til Harzen, det sachsiske Schweitz etc. etc., i Sommeren 1831	74	3	v14:74 (1831); v14:578 (1842); v17:249 (1855)	high	in-register+located+place-type+head-noun	geo-2958108
Altdorf	Altorf	Altdorf, by ved enden af Vierwaldstättersees østlige gren; se kort.	1861	1861	15	Illustreret Tidende	209	1	v15:209 (1861)	high	se-kort+place-type	
Altona	Altona	by nordvest for Hamburg, der dengang hørte under den danske krone og senere voksede sammen med Hamburg.	1842	1842	14	En Digters Bazar	578	1	v14:578 (1842)	high	in-register+head-noun+located+place-type	geo-2911296
Amalfi	Amalfi	kystby i Salernobugten syd for Napoli. ¶ kystby i Salernobugten syd for Napoli; se kort ¶ kystby i Salernobugten 25 km vest for Salerno.	1835	1835 1855	4 14 17	Improvisatoren	254	3	v4:254 (1835); v14:201 (1835); v17:153 (1855)	high	in-register+head-noun+located+place-type+se-kort	geo-3183130
Amphitheatret udenfor Capua	Amphitheatret udenfor Capua	Italiens næststørste amfiteater, bygget i 1. århundrede e.Kr. i den antikke by Capua, nuværende Santa Maria Capua Vetere. 5 km nordligere ligger det nuværende Capua; se kort.	1842	1842	14	En Digters Bazar	331	1	v14:331 (1842)	high	se-kort+place-type	
Amrom	Amrom	øen Amrum vest for Föhr.	1849	1849 1855	5 17	De to Baronesser	384	2	v5:384 (1849); v17:287 (1855)	high	head-noun+place-type	
Ancona	Ancona	se kort.	1842	1842	14	En Digters Bazar	351	1	v14:351 (1842)	high	se-kort	
Andújar	Andujar	Andújar, se kort.	1863	1863	15	I Spanien	376	1	v15:376 (1863)	high	se-kort	
anmeldte under Mærket y–	anmeldte under Mærket y–	H.C Andersens anmeldelse af H.C. Ørsteds foredrag i Selskabet for Naturlærens Udbredelse er trykt uden titel under mærket »« i Kjøbenhavns-Posten, nr. 108, 20. april 1839 (se denne udgaves bd. 9, s. 484-485).	1855	1855	17	Mit Livs Eventyr (inklusive Fortsættelse og Tillæg)	83	1	v17:83 (1855)	medium	located	
Anna Barbara Jensenius	Præste-Enke	Anna Barbara Jensenius, f. Petersen, enke efter sognepræst til Vejlby ved Middelfart Johan Jürgen Jensenius. Hun boede i stiftelsen Eilschous Boliger i Munkemøllestræde skråt overfor H.C. Andersens barndomshjem.	1846	1846	16	Mit eget Eventyr uden Digtning	189	1	v16:189 (1846)	medium	located+place-type	
Antvorskov Kloster	Antvorskov Kloster | Antvorskou-Slot	johanitterkloster fra ca. 1164, ombygget til kongeslot 1580-1584. Nord- og vestfløjen blev nedrevet 1814-1816 og østfløjen i 1830’erne. ¶ Antvorskov Kloster, 1 km syd for Slagelse, blev nedrevet 1816.	1846	1846 1859	2 16	Mit eget Eventyr uden Digtning	213	2	v16:213 (1846); v2:281 (1859)	high	head-noun+place-type+located	
apage	apage	(græsk) vig bort; fra Matthæus 4,10 og Lukas 4,8 (»apage Satana!«).	1829	1829	9	Fodreise fra Holmens Canal til Østpynten af Amager i Aarene 1828 og 1829	199	1	v9:199 (1829)	high	head-noun+located+place-type	
Apatin … Paks	Apatin … Paks	se kort.	1842	1842	14	En Digters Bazar	550	1	v14:550 (1842)	high	se-kort	
Apenniner	Apenniner	bjergkæde i Mellemitalien.	1835	1835	4	Improvisatoren	159	1	v4:159 (1835)	high	head-noun+located+place-type	
Appeninerne	Appeninerne	bjergkæde i det centrale Italien, der strækker sig fra Posletten og sydpå.	1835	1835	4	Improvisatoren	307	1	v4:307 (1835)	high	head-noun+place-type	
araceli	araceli	kirken Santa Maria in Aracoeli med den hellige bambino, Jesusbarnet (1400-tallet), udskåret af oliventræ fra Getsemane af en franciskanermunk. Kirken er beliggende på den nordøstlige top af Capitol, en af Roms syv høje.	1835	1835	4	Improvisatoren	71	1	v4:71 (1835)	high	head-noun+place-type	
Aranjuez	Aranjuez | Aranjues	se kort. ¶ Aranjuez, spansk by ca. 40 km syd for Madrid, kendt for sit kongelige slot med det smukke haveanlæg, bygget 1561-1567 under Filip 2.	1863	1863 1869	15 18	I Spanien	379	2	v15:379 (1863); v18:263 (1869)	high	se-kort+located+place-type	
Arcadien	Arcadien	oprindelig navnet på græsk landskab på Peloponnes; fra 1600-tallets hyrdedigtning tillige navnet på idyllisk og fredfyldt landskab.	1829	1829	9	Fodreise fra Holmens Canal til Østpynten af Amager i Aarene 1828 og 1829	208	1	v9:208 (1829)	medium	located+place-type	
Archipel	Archipel	øhav, oprindeligt brugt om Ægæerhavet.	1851	1851	15	I Sverrig	53	1	v15:53 (1851)	high	head-noun+place-type	
Archipelagus	Archipelagus	(græsk: arkipelagos) øhav. ¶ øhav.	1846	1846 1849	5 16	Mit eget Eventyr uden Digtning	244	3	v16:244 (1846); v16:292 (1846); v5:322 (1849)	high	head-noun+place-type	
Arcone	Arcone	forbjerget Arkona på den tyske ø Rügen, der, som Stevns Klint, bl.a. består af kridt.	1830	1830	7	Digte	95	1	v7:95 (1830)	high	head-noun+place-type	
Arenz	Arenz	Henr. Ahrenz var søn af en købmand i Hamburg, 1839 gift med en kusine til brødrene O’Neill.	1868	1868	15	Et Besøg i Portugal 1866	456	1	v15:456 (1868)	medium	located	
Arezzo	Arezzo	se kort.	1842	1842	14	En Digters Bazar	284	1	v14:284 (1842)	high	in-register+se-kort	geo-3182884
Argonauterne	Argonauterne	søfolkene ombord på Jasons skib Argo.	1842	1842	14	En Digters Bazar	495	1	v14:495 (1842)	medium	located	
Ariccia	Ariccia	by i Albanerbjergene. ¶ by 11 km syd for Grottaferrata.	1835	1835 1855	4 17	Improvisatoren	194	2	v4:194 (1835); v17:138 (1855)	high	head-noun+located+place-type	
Arkadien	Arkadien(s)	bjergrigt område på Peloponnes, den sydlige halvø på det græske hovedland (se kort); siden antikken også navnet på et idyllisk sted, hvor livet leves enkelt og lykkeligt.	1842	1842	14	En Digters Bazar	374	1	v14:374 (1842)	high	se-kort+located+place-type	
armenianske Præster	armenianske Præster	tilhørende den armenske, kristne ortodokse kirke, som havde et patriarkat i Istanbul fra 1461.	1842	1842	14	En Digters Bazar	456	1	v14:456 (1842)	medium	located+place-type	
Arno	Arno	flod, der udspringer i Appenninerne, flyder igennem Firenze og videre ud mod Middelhavet. ¶ flod i Norditalien.	1842	1842	14	En Digters Bazar	271	2	v14:271 (1842); v14:522 (1842)	high	head-noun+located+place-type	
Arthur Richard Wellesley	den nuværende Hertug af Wellington	Arthur Richard Wellesley, søn af sejrherren ved Waterloo, Arthur Wellesley, hertug af Wellington; ved faderens død 1852 arvede Arthur Richard Wellesley hertugtitlen.	1869	1869	18	Mit Livs Eventyr (inklusive Fortsættelse og Tillæg)	39	1	v18:39 (1869)	medium	located	
Ascanii Grav	Ascanii Grav	plads ved vejen fra Albano til Rom, hvor Æneas’ søn, Ascanius, skulle være begravet. ¶ plads på vejen mellem Rom og Albano, hvor den trojanske sagnprins Ascanius, Æneas’ søn, ifølge traditionen er begravet.	1835	1835 1842	4 14	Improvisatoren	283	2	v4:283 (1835); v14:337 (1842)	high	head-noun+located+place-type	
Asmildkloster	Asmildkloster	herregård ved Viborg. Oprindelig et kloster for nonner af Augustinerordenen beliggende i Asmild Kirkes nordfløj. Efter reformationen blev klostret omdannet til herregård.	1832	1832	16	Levnedsbog	159	1	v16:159 (1832)	high	head-noun+located+place-type	
Assisi	Assisi	se kort.	1842	1842	14	En Digters Bazar	288	1	v14:288 (1842)	high	in-register+se-kort	geo-3182722
Astrakhan	Astrakan	Astrakhan, russisk havneby ved Det Kaspiske Hav.	1831	1831	14	Skyggebilleder af en Reise til Harzen, det sachsiske Schweitz etc. etc., i Sommeren 1831	175	1	v14:175 (1831)	medium	located+place-type	
Asturien	Asturien	region i Nordvestspanien.	1863	1863	15	I Spanien	301	1	v15:301 (1863)	high	head-noun+located+place-type	
Atlasbjerge	Atlasbjerge	bjergkæde, der strækker sig fra Sydvest-Marokko til Nordøst-Tunesien.	1863	1863	15	I Spanien	336	1	v15:336 (1863)	high	head-noun+located+place-type	
Attica	Attica(s)	Attika er navnet på den halvø i den østlige del af det centrale Grækenland, hvor Athen ligger.	1842	1842	14	En Digters Bazar	544	1	v14:544 (1842)	high	in-register+place-type	geo-6692632
Aude sapere	Aude sapere	(latin, egentlig sapere aude) hav mod til at bruge din forstand; citat fra Horats Epistler I,2,40, som blev gjort berømt af Kant i Was ist Aufklärung?, 1784 (dansk Hvad er Oplysning?, 1797), hvori han skriver: »Sapere aude! Habe Mut dich deines eigenen Verstandes zu bedienen! ist also der Wahlspruch der Aufklärung« (tysk) Sapere aude! Hav mod til at betjene dig af din egen forstand! er altså oplysningens valgsprog.			7	Poetisk Spiseseddel	49	1	v7:49 ()	high	head-noun+place-type	
Augsburg	Augsborg | Augsburg	Augsburg; se kort. ¶ H.C. Andersen opholdt sig her 16.-17. november 1840.	1842	1842	14	En Digters Bazar	237	2	v14:237 (1842); v14:243 (1842)	high	se-kort+in-register	geo-2954172
Augustenborg	Augustenborg	slottet ligger på Als.	1846	1846	16	Mit eget Eventyr uden Digtning	294	1	v16:294 (1846)	high	head-noun+located+place-type	
Augustenborg Liedertafel	»Liedertafel«	Augustenborg Liedertafel, den lokale tyske sangforening, stiftet 1843; da flere af medlemmerne havde forbindelser til hoffet, medvirkede foreningen ved flere lejligheder ved hertugfamiliens fester.	1855	1855	17	Mit Livs Eventyr (inklusive Fortsættelse og Tillæg)	294	1	v17:294 (1855)	high	head-noun+place-type	
Aveiro	Aveiro	se kort; romernes Talabriga, gammelt bispesæde og vigtig havn med salteksport frem til 1575, da havnen sandede til. På H.C. Andersens tid var byen hensygnende. Udflugten fandt sted den 20.21. juli.	1868	1868	15	Et Besøg i Portugal 1866	461	1	v15:461 (1868)	high	se-kort+place-type	
Avesta	Avesta(’s)	se kort 2. Fra 1636 lå her et kobberforædlingsværk.	1851	1851	15	I Sverrig	118	1	v15:118 (1851)	high	se-kort	
»Axel og Valborg«	»Axel og Valborg«	Adam Oehlenschlägers sørgespil Axel og Valborg, 1810, havde været opført på Det Kgl. Teater siden 29. januar 1810. J.P.E. Hartmanns ouverture til stykket er slutdateret den 7. januar 1857 og blev opført første gang den 27. januar 1857 i Musikforeningen.	1860	1860	9	Illustreret Tidende	462	1	v9:462 (1860)	medium	located+place-type	
Axelshuus	Axelshuus	antoges tidligere for navnet på den borg i København, som biskop Absalon (ca. 1128-1201) lod opføre 1167; 1500-tallets historikere antog fejlagtigt, at biskop Absalon egentlig hed Aksel og hans hus derfor Akselhus.	1829	1829	9	Fodreise fra Holmens Canal til Østpynten af Amager i Aarene 1828 og 1829	172	1	v9:172 (1829)	medium	located+place-type	
Baalbek	Baalbek	by i Libanon, der var centrum for Baalkulten, fik navnet Heliopolis (solens by) under grækernes herredømme. Blev i 100-tallet e.Kr. romersk koloni; romerne byggede flere templer, hvoraf det største var for Jupiter.	1842	1842	14	En Digters Bazar	463	1	v14:463 (1842)	high	head-noun+located+place-type	
Babeltaarn	Babeltaarn(e)	tårn i Babylon, der skulle nå helt op til himlen. Ifølge 1. Mosebog 11,1-9 havde indbyggerne i Babylon oprindelig kun et sprog, men da Gud så, at de magtede at bygge et tårn, der rakte til himlen, spredte han det babylonske folk og gav dem forskellige sprog, så de ikke kunne fungere som ét folk.	1831	1831	14	Skyggebilleder af en Reise til Harzen, det sachsiske Schweitz etc. etc., i Sommeren 1831	87	1	v14:87 (1831)	high	head-noun+located+place-type	
Bad Berneck	Bernech	Bad Berneck, by mellem Münchberg og Bayreuth; se kort.	1842	1842	14	En Digters Bazar	238	1	v14:238 (1842)	high	se-kort+located+place-type	
Baikos	Baikos	by på Bosporusstrædets østbred, ca. 40 km nord for Istanbul; se kort.	1842	1842	14	En Digters Bazar	493	1	v14:493 (1842)	high	se-kort+head-noun+located+place-type	
Bailen	Baylen	Bailen, se kort; her sejrede spanske styrker over Napoleon juli 1808 under uafhængighedskrigen.	1863	1863	15	I Spanien	376	1	v15:376 (1863)	high	se-kort	
Bajæ	Bajæ	kystby syd for Napoli.	1835	1835	14	Søndagsblad. Et æsthetisk Ugeskrift	198	1	v14:198 (1835)	high	head-noun+located+place-type	
Bakkehuset	Philemon og Baucis Hytte	Bakkehuset; allusion til Knud Lyne Rahbeks digt »Til mit Bakkehus« i Poetiske Forsøg, bind 2, 1802. Philemon og Baucis var ifølge Ovids (43 f.Kr.-18 e.Kr.) Metamorfoser (8,621 ff.) et gammel, fromt ægtepar, der gæstfrit tog imod guderne Zeus og Hermes i deres tarvelige hytte; som tak blev hytten forvandlet til et tempel.	1869	1869	9	Erindringer fra Bakkehuset	535	1	v9:535 (1869)	medium	located	
Bakken	Bakken	Valby bakke. ¶ Valby Bakke.	1859	1859 1869	2 9	Børnesnak	280	2	v2:280 (1859); v9:535 (1869)	high	head-noun+place-type	
Balkanbjergene	Balkanbjergene	bjergkæde, der strækker sig fra Bulgariens nordvestlige hjørne til Sortehavet.	1842	1842	14	En Digters Bazar	515	1	v14:515 (1842)	high	head-noun+located+place-type	
Balle-Kirke	Balle-Kirke	i sognet nord for Silkeborg i det daværende Viborg amt.	1854	1854	15	Folkekalender for Danmark	139	1	v15:139 (1854)	medium	located+place-type	
Barbarer	Barbarer	både i betydningen ucivilicerede, barbariske folk og berbere, indbyggere i Berberiet el. Barbareskstaterne, som er en ældre fællesbetegnelse for Marokko, Algeriet, Tunis og Tripolitania (i Libyen).	1863	1863	15	I Spanien	332	1	v15:332 (1863)	medium	located	
Barberen … Romerdrengen	Barberen … Romerdrengen	Romersk gadebarber, malet i Rom 1864, nu på Den Hirschsprungske Samling.			8	Af Samlede Skrifter	479	1	v8:479 ()	medium	located	
Barcelona	Barcelona	se kort; H.C. Andersen opholdt sig her 6.-16. september 1862.	1863	1863	15	I Spanien	226	1	v15:226 (1863)	high	se-kort	
Barkedalen	Barkedalen	Barkdalen ved Leksand, hvor kirkegængere, der kom ad søvejen, lagde til.	1851	1851	15	I Sverrig	86	1	v15:86 (1851)	high	head-noun+place-type	
Barnaby Rudge	Barnaby Rudge	Barnaby Rudge, 1840-1841, (dansk med samme titel 1845).	1860	1860	15	Berlingske politiske Avertissements-Tidende	166	1	v15:166 (1860)	high	head-noun+place-type	
Bascara	Bascara	se kort.	1863	1863	15	I Spanien	224	1	v15:224 (1863)	high	se-kort	
Basiasch	Basiasch	Bazias med græsk kloster; se kort.	1842	1842	14	En Digters Bazar	542	1	v14:542 (1842)	high	se-kort	
Basnæs	Basnæs	hovedgård og gods ved Skælskør. ¶ hovedgård og gods sydøst for Skælskør; ejet af familien Scavenius, hvor specielt Henriette Scavenius (1819-1989) var en nær veninde af H.C. Andersen. ¶ familien Scavenius’ hovedgård og gods sydøst for Skælskør, hvor specielt Henriette Scavenius, Lucies mor, var en nær veninde af H.C. Andersen. ¶ familien Scavenius’ hovedgård og gods sydøst for Skælskør, hvor specielt Henriette Scavenius var en nær veninde af H.C. Andersen.	1868	1868 1874	3 8	Bemærkninger	387	4	v3:387 (1868); v3:396 (1874); v8:380 (); v8:492 ()	high	head-noun+located+place-type	
Bastei	Bastei	bjergmassiv i Sachsiske Schweiz; se kort.	1842	1842	14	En Digters Bazar	576	1	v14:576 (1842)	high	in-register+se-kort+located	geo-2952248
Bastholms Bibliothek	Bastholms Bibliothek	præst ved Sankt Peders Kirke i Slagelse, Hans Bastholm, havde samlet et omfattende bibliotek, der i 1825 bestod af 5435 bind og i 1847 af 7226. I 1826 traf Bastholm aftale med Sorø Akademi om, at man kunne overtage bogsamlingen på et senere tidspunkt mod en livrente til ham og hans kone. I 1846 overgik de første 5000 bind og resten efter Bastholms død i 1866.	1832	1832	16	Levnedsbog	99	1	v16:99 (1832)	medium	located+place-type	
Bastillen	Bastillen	borg i Paris, anvendt som fængsel, nedrevet i 1789 ved begyndelsen på den franske revolution. ¶ middelalderborg i Paris anvendt som fængsel, stormet den 14. juli 1789 som start på den franske revolution og nedrevet umiddelbart efter.	1837	1837 1855 1866	3 5 17	Kun en Spillemand	196	3	v5:196 (1837); v17:15 (1855); v3:127 (1866)	high	head-noun+located+place-type	
Bayonne	Bayonne | Bajonne	fransk by ved grænsen til Spanien. ¶ Bayonne, by ved Golfe de Gascogne ca. 25 km fra grænsen til Spanien.	1863	1863 1868	15	I Spanien	350	2	v15:350 (1863); v15:422 (1868)	medium	located+place-type	
Bazar	Bazar(en)	gade eller torv med købmandsboder.	1840	1840	11	Maurerpigen	461	1	v11:461 (1840)	high	head-noun+place-type	
Beaulieus yngre Broder Edmond	Beaulieus yngre Broder Edmond	formodentlig August von Beaulieu-Marconnay, bror til Carl von Beaulieu-Marconnay og løjtnant i oldenburgsk tjeneste; han endte som major i den østrigske hær. Ifølge Dagbogen mødte H.C. Andersen ham 4. juli 1844 og gjorde 9.12. juli en udflugt til Tharandt, sydvest for Dresden, hvor August von Beaulieu-Marconnay opholdt sig.	1855	1855	17	Mit Livs Eventyr (inklusive Fortsættelse og Tillæg)	282	1	v17:282 (1855)	medium	located	
Bebek	Bebek	se kort.	1842	1842	14	En Digters Bazar	492	1	v14:492 (1842)	high	in-register+se-kort	geo-750864
Behobie	Behobie	lille by ca. 2 km fra Irún.	1863	1863	15	I Spanien	412	1	v15:412 (1863)	high	head-noun+located+place-type	
Belgrads Fæstning	Belgrads Fæstning	den første fæstning ved Beograd blev bygget af kelterne i 200-tallet; ødelagt og genopbygget utallige gange frem til slutningen af 1700-tallet.	1842	1842	14	En Digters Bazar	544	1	v14:544 (1842)	high	head-noun+located+place-type	
Ben Lomond	Ben Lomond	bjerg ved bredden af Loch Lomond.	1869	1869	18	Mit Livs Eventyr (inklusive Fortsættelse og Tillæg)	54	1	v18:54 (1869)	high	head-noun+place-type	
Benavente	Benavente	se kort.	1868	1868	15	Et Besøg i Portugal 1866	461	1	v15:461 (1868)	high	se-kort	
Bergsäng	Bergsäng	se kort 2 (mellem Leksand og Rättvik).	1851	1851	15	I Sverrig	96	1	v15:96 (1851)	high	se-kort	
Berner-Oberland	Berner-Oberland	bjergkæde i det sydvestlige Schweiz, der strækker sig langs Rhôneflodens nordlige bred. –	1862	1862	2	Iisjomfruen	394	1	v2:394 (1862)	high	head-noun+place-type	
Besançon	Besançon	fransk by nordvest for Le Locle.	1836	1836	4	O. T.	452	1	v4:452 (1836)	medium	located+place-type	
Bestillinger til Slottet og Raadhuset	Bestillinger til Slottet og Raadhuset	både Christiansborg Slot og Københavns Rådhus var blevet hærget af ildebrande omkring århundredeskiftet, og da man herefter iværksatte restaureringen, bad man Thorvaldsen om at bidrage til udsmykningen. Til rådhuset modtog han ifølge J.M. Thiele Den danske Billedhugger Bertel Thorvaldsen og hans Værker, bind 1, 1831, s. 75, bestilling på statuer af den græske statsmand og digter Solon (ca. 640-560 f.Kr.) og den spartanske statsmand Lycurg (Lykurgos), der ifølge traditionen grundlagde det spartanske samfund i 600-tallet f.Kr. Disse to værker blev dog aldrig udført. Endvidere fik han bestilling på et andet værk, der i dag bærer titlen Jupiter tronende mellem Minerva og Nemesis, ca. 1822, som aldrig blev udført i marmor, men er opstillet i gips på Thorvaldsens Museum. Da Thorvaldsen i 1819 besøgte København, foreslog han at udføre sidstnævnte værk til Christiansborg Slot og i stedet fremstille værket Salomons Dom til rådhuset; værket blev dog aldrig udført, men findes i udkast (dateret 1835) på Thorvaldsens Museum. Til Christiansborg Slot modtog Thorvaldsen ordre på 4 basreliefs: Minerva giver det af Prometheus skabte menneske sjæl, Thorvaldsens Museum, 1807-1808, Herkules modtager udødelighedens drik af Hebe, Thorvaldsens Museum, 1808, Nemesis oplæser menneskenes gerninger for Jupiter, Thorvaldsens Museum, 1810 samt Hygiea giver Æskulaps slange næring, Thorvaldsens Museum, 1808.	1844	1844	9	Berlingske politiske og Avertissements-Tidende	423	1	v9:423 (1844)	high	head-noun+place-type	
betegnede Heiberg det	betegnede Heiberg det	jf. J.L. Heibergs anmeldelse af teaterbearbejdelsen af Agnete og Havmanden i Intelligensblade, nr. 29-30, 1. juni 1843: »Dersom det ikke var det paa Theatret opførte Udtog af Digtet, jeg her skulde omtale, men dette selv, saa vilde jeg sige, at det var et yderst mat og kraftløst Arbeide, der støtter sig paa overfladisk tilegnede Reminiscenser af Sujettets forskjellige Bearbeidelser, er udpyntet med endeel tom og falsk Lyrik, og i det hele vidner om Forfatterens sædvanlige Mangel paa Opfindelse og paa Evne til at bringe fornuftig Sammenhæng i sine Characterer og Klarhed i de fremstilte Ideer. Alle Modsætninger, som skulde staae i organisk Bestemthed imod hinanden, røres her sammen i en jevn Velling, hvori hverken den ene eller den anden er kjendelig (...) At Sagen ikke er bleven bedre, men snarere værre ved det Udtog af Digtet, som man har transporteret umiddelbart fra Bogladen op paa Scenen, forstaaer sig af sig selv. Men herved maa erindres – hvad allerede offentlig er bemærket – at Forfatteren ikke af egen Drift har bestemt sig til at bringe sit Arbeide paa Scenen, men anmodet derom af en Skuespiller, som var i Forlegenhed med sin Sommerforestilling. Rigtignok havde det været bedre, om hans Tilbøielighed til at gjøre en Tjeneste ikke havde forledet ham til at opoffre sig selv, og om Componisten Hr. Gade ikke havde ødslet sin characteristiske, følelsesfulde Musik paa et Arbeide, hvorom det var saa let at forudsige, at det ikke kunde bære den«.	1855	1855	17	Mit Livs Eventyr (inklusive Fortsættelse og Tillæg)	296	1	v17:296 (1855)	medium	located	
Biarrits	Biarrits	kystby sydvest for Bayonne.	1868	1868	15	Et Besøg i Portugal 1866	422	1	v15:422 (1868)	high	head-noun+located+place-type	
Biarritz	Biarrits	Biarritz, fransk by ved den vestlige grænse til Spanien. H.C. Andersen opholdt sig her 27.-29. december 1862.	1863	1863	15	I Spanien	407	1	v15:407 (1863)	medium	located+place-type	
Bilbao	Bilbao	se kort.	1863	1863	15	I Spanien	408	1	v15:408 (1863)	high	se-kort	
Bjergene	Bjergene	Sierra de Guadarrama nordøst for Madrid, se kort.	1863	1863	15	I Spanien	384	1	v15:384 (1863)	high	se-kort	
Bjergprædiken	Bjergprædiken	sigter til den såkaldte bjergprædiken i Matthæus 5-7.	1835	1835 1837	4 5	Improvisatoren	169	2	v4:169 (1835); v5:71 (1837)	medium	located	
Blankenburg	Blankenburg	se kort.	1831	1831	14	Skyggebilleder af en Reise til Harzen, det sachsiske Schweitz etc. etc., i Sommeren 1831	116	1	v14:116 (1831)	high	in-register+se-kort	geo-2948071
Blankenese	Blankenese	den gang lille skipper- og fiskerby ved Elben ca. 7 km fra Altona.	1831	1831	14	Skyggebilleder af en Reise til Harzen, det sachsiske Schweitz etc. etc., i Sommeren 1831	78	1	v14:78 (1831)	medium	located+place-type	
Blegdam	Blegdam(men)	plads, hvor tøjet lægges til blegning i solen.	1829	1829	14	Brudstykke af en Udflugt i Sommeren 1829	53	1	v14:53 (1829)	high	head-noun+place-type	
Blegen	Blegen	plads, hvor tøjet efter vask blev lagt til tørre og bleget i solen.	1835	1835 1836	4	Improvisatoren	200	2	v4:200 (1835); v4:427 (1836)	high	head-noun+place-type	
Blois	Blois	fransk by ved Loirefloden, 60 km sydvest for Orléans. Slottet i Blois stammer fra 1200-tallet og er senere udvidet.	1865	1865	13	Da Spanierne var her	500	1	v13:500 (1865)	medium	located+place-type	
Bloksbjerg	Brocken | Brocken(s)	Bloksbjerg; det højeste bjerg i Harzen. ¶ Bloksbjerg; det højeste bjerg i Harzen, hvor heksene ifølge folketroen samlede sig. ¶ Bloksbjerg, det højeste bjerg i Harzen, hvor heksene efter sagnet samlede sig. ¶ Bloksbjerg, bjergkæde i Harzen.	1833	1833 1837 1857 1868 1869	5 6 7 15 18	Af Samlede Digte	455	6	v7:455 (1833); v5:47 (1837); v5:277 (1837); v6:83 (1857); v15:468 (1868); v18:315 (1869)	high	in-register+head-noun+located+place-type	place-000023
Blomberg	Blomberg	herregård.	1851	1851	15	I Sverrig	25	1	v15:25 (1851)	high	head-noun+place-type	
boble, boble Kilden	boble, boble Kilden	omkvæd af terzetten »Risler, alle Kilder smaa« fra Weyses og Oehlenschlägers syngespil Faruk, opført på Det Kongelige Teater 1812.	1841	1841	11	Vandring gjennem Opera-Galleriet	524	1	v11:524 (1841)	medium	located	
Bodensee	Bodensøe	Bodensee; se kort.	1858	1858	15	Fortællinger og Vers for Større og Mindre	153	1	v15:153 (1858)	high	se-kort	
Bohus	Bohus	se kort 2.	1851	1851	15	I Sverrig	71	1	v15:71 (1851)	high	se-kort	
Boldgade	Boldgade	distrikt.	1860	1860	2	Gaardhanen og Veirhanen	297	1	v2:297 (1860)	high	head-noun+place-type	
Bologna	Bologna	se kort.	1842	1842	14	En Digters Bazar	265	1	v14:265 (1842)	high	in-register+se-kort	geo-3181928
Borddansen	Borddansen	interessen for spiritismen havde bredt sig fra USA i årene efter 1850. Bordet, der bevæger sig af sig selv, var et fast indslag i de spiritistiske seancer.	1874	1874	3	Bemærkninger til Eventyr og Historier	400	1	v3:400 (1874)	medium	located	
Bordeaux	Bordeaux	by i det sydvestlige Frankrig ved Biscayabugten ca. 200 km fra grænsen til Spanien.	1868	1868	15	Et Besøg i Portugal 1866	421	1	v15:421 (1868)	high	head-noun+place-type	
Borg	Borg	Næsbyhoved Slot. Ødelagt i 1534 under Grevens Fejde og endelig nedrevet i 1764.	1832	1832	16	Levnedsbog	160	1	v16:160 (1832)	medium	located+place-type	
Borreby	gammelt Sagn … Nabogaarde | Borreby	Borreby, herregård syd for Skælskør, ligger kun få km fra Basnæs; sagnet har ikke kunnet identificeres. ¶ hovedgård 2 km syd for Skelskør.	1869	1869	8 18	Mit Livs Eventyr (inklusive Fortsættelse og Tillæg)	224	2	v18:224 (1869); v8:380 ()	high	head-noun+located+place-type	
Bosporus	Bosporus	stræde, der deler Istanbul i en europæisk og en asiatisk del og forbinder Marmarahavet med Sortehavet; se kort. ¶ stræde ved Istanbul, der forbinder Sortehavet med Marmarahavet.	1842	1842 1855	14 17	En Digters Bazar	454	2	v14:454 (1842); v17:297 (1855)	high	in-register+se-kort+head-noun+place-type+located	geo-745043
Bosporusstrædet	Bosporus	Bosporusstrædet, 30 km langt stræde ved Istanbul.	1851	1851	15	I Sverrig	61	1	v15:61 (1851)	high	in-register+located+place-type	
Bouchain	Bouchain	by i Nordfrankrig, hvor Mikkels herskab, majoren, har fået anvist kvarter, men som han forlader for at tage til Paris.	1840	1840	11	Mikkel(s)majorens tjener i J.L. Heibergs vaudeville <i>De Danske i Paris</i>, opført på Det Kongelige Teater 1833.Mikkels Kjærligheds Historier i Paris	377	1	v11:377 (1840)	high	head-noun+located+place-type	
Bozen	Botzen	Bozen, nuværende Bolzano i italienske Sydtyrol; se kort.	1842	1842	14	En Digters Bazar	257	1	v14:257 (1842)	high	se-kort	
Braunschweig	Braunschweig(s)	se kort.	1831	1831	14	Skyggebilleder af en Reise til Harzen, det sachsiske Schweitz etc. etc., i Sommeren 1831	86	1	v14:86 (1831)	high	in-register+se-kort	geo-2945024
Braunschweig … Magdeburg	Braunschweig … Magdeburg	se kort.	1842	1842	14	En Digters Bazar	232	1	v14:232 (1842)	high	se-kort	
Braunschweiger-Mumme	Braunschweiger-Mumme	stærk, mørk øl fra Braunschweig.	1858	1858	2	Flaskehalsen	169	1	v2:169 (1858)	medium	located	
Bredgadens Gaard	Bredgadens Gaard	Jonas Collins gård (bindingsværksbygning) i Bredgade 4 i København, hvor familien Collin boede fra 1802 til 1838, og hvor Louise Collin således voksede op.			8	(untitled)	361	1	v8:361 ()	medium	located+place-type	
Bregentved	Bregentved(s) | Bregentved	herregård ved Haslev. ¶ A.W. Moltkes herregård fra ca. 1650 ved Haslev. ¶ lensgreve A.W. Moltkes herregård fra ca. 1650 ved Haslev. ¶ herregård fra ca. 1650 ved Haslev, ejet af lensgreve A.W. Moltke. ¶ herregård fra ca. 1650 ved Haslev, ejet af lensgreve A.W. Moltke, hvor H.C. Andersen fejrede julen 1848. ¶ hovedgård 5 km sydøst for Haslev. ¶ hovedgård ved Haslev, ejet af lensgreve Adam Wilhelm Moltke og komtesse Marie Elisabeth Moltke. H.C. Andersen var første gang gæst på Bregentved i sommeren 1842 og kom der flittigt op igennem 1840’erne.	1846	1846 1849 1855	5 8 16 17	Mit eget Eventyr uden Digtning	263	7	v16:263 (1846); v5:444 (1849); v17:234 (1855); v8:130 (); v8:256 (); v8:475 (); v8:500 ()	high	head-noun+located+place-type	
Breitenburg	Breitenburg	gehejmestatsminister Rantzaus borg syd for Itzehoe i Slesvig-Holsten, hvor H.C. Andersens var på besøg i både 1840, 1843 og 1844; Rantzau bevirkede, at Andersen i 1838 tildeltes en årlig offentlig understøttelse på 400 Rdl. ¶ slot ca. 3 km sydøst for Itzehoe (se kort), grundlagt i begyndelsen af 1500-tallet som hovedsæde for adelsfamilien Rantzau. ¶ gehejmestatsminister Andreas Conrad Peter Rantzaus borg syd for Itzehoe i Slesvig-Holsten, hvor H.C. Andersen opholdt sig 2.-19. februar 1843.	1842	1842 1855	8 14 17	En Digters Bazar	221	3	v14:221 (1842); v17:249 (1855); v8:95 ()	high	in-register+located+place-type+se-kort+head-noun	geo-2944627
Bremen	Bremen	se kort.	1842	1842	14	En Digters Bazar	230	1	v14:230 (1842)	high	se-kort	
Brenner	Brenner	Brennerpasset mellem Østrig og Italien; se kort.	1842	1842	14	En Digters Bazar	255	1	v14:255 (1842)	high	se-kort	
Brenta	Brenta	flod, der udmunder ved Venezia.	1835	1835	4	Improvisatoren	347	1	v4:347 (1835)	high	head-noun+located+place-type	
Brobye	Brobye	landsby på midtfyn mellem Odense og Fåborg.	1822	1822	9	Ungdoms-Forsøg	54	1	v9:54 (1822)	high	head-noun+located+place-type	
Brocken	Brocken	Bloksbjerg. Det højeste bjerg i Harzen på 1142 m, hvor heksene ifølge folketroen samlede sig.	1831	1831	14	Skyggebilleder af en Reise til Harzen, det sachsiske Schweitz etc. etc., i Sommeren 1831	88	1	v14:88 (1831)	high	in-register+head-noun+located+place-type	geo-2943991
Broholm	Broholm	herregård i Gudme nord for Svendborg.	1837	1837	5	Kun en Spillemand	56	1	v5:56 (1837)	high	head-noun+located+place-type	
Brudeskare … forsvunden	Brudeskare … forsvunden	kilden er ikke fundet.	1860	1860	15	Folkekalender for Danmark	195	1	v15:195 (1860)	high	head-noun+place-type	
Brunnbäcks Färja	Brunbäck Færge	Brunnbäcks Färja; færgested ved Dalälvens udmunding nær Avesta. Se kort 2.	1851	1851	15	I Sverrig	95	1	v15:95 (1851)	high	se-kort+located	
Bråviken	Braavigen	Bråviken; se kort 2.	1851	1851	15	I Sverrig	53	1	v15:53 (1851)	high	se-kort	
Bukarest	Buccharest	Bukarest, Rumæniens hovedstad; se kort.	1842	1842	14	En Digters Bazar	510	1	v14:510 (1842)	high	se-kort	
Bulgariet og Rumelien	Bulgariet og Rumelien	landskaber nord for Balkan, mellem Albanien og Sortehavet; de nuværende statsgrænser forløber anderledes end på H.C. Andersens tid.	1842	1842	14	En Digters Bazar	502	1	v14:502 (1842)	medium	located+place-type	
Bunkeflod var død	Bunkeflod var død	Bunkeflod døde i 1805.	1832	1832	16	Levnedsbog	63	1	v16:63 (1832)	high	head-noun+place-type	
Burgtheater	Burgtheater	kongeligt teater åbnet 1742, siden flyttet. På H.C. Andersens tid Wiens fornemste teater.	1846	1846	16	Mit eget Eventyr uden Digtning	249	1	v16:249 (1846)	medium	located	
Byens Hede	Byens Hede	bymark vest for Odense.	1829	1829	14	Brudstykke af en Udflugt i Sommeren 1829	55	1	v14:55 (1829)	medium	located	
Bålstad	Bålstad	muligvis Båtsta ca. 3 km nordvest for Borlänge (se kort 2). Österdalälven og Västerdalälven mødes dog lidt længere mod vest, nemlig syd for Siljan.	1851	1851	15	I Sverrig	117	1	v15:117 (1851)	high	se-kort	
Bækken … hellig	Bækken … hellig	den kastaliske kilde, nu Hagios Johannes. Ifølge sagnet kastede nymfen Kastalia sig i kilden, da hun blev forfulgt af Apollon. Kildevandet antoges at kunne begejstre digtere.	1862	1862	3	Venskabs-Pagten	28	1	v3:28 (1862)	high	head-noun+place-type	
Børglum Kloster	Børglum Kloster	hovedgård 20 km sydvest for Hjørring nær Løkken Strand; tidligere kongsgård (1000-tallet), bispesæde (fra 1130’erne) og præmonstratenserkloster; ved reformationen inddraget under kronen, siden privateje, fra 1835 i slægten Rottbøll.	1869	1869	18	Mit Livs Eventyr (inklusive Fortsættelse og Tillæg)	213	1	v18:213 (1869)	high	head-noun+located+place-type	
Büjükdere	Bujukdere	Büjükdere, by på Bosporusstrædets vestbred, ca. 35 km nord for Istanbul; se kort.	1842	1842	14	En Digters Bazar	485	1	v14:485 (1842)	high	se-kort+located+place-type	
Cains Gjerning	Cains Gjerning	Kains brodermord på Abel, jf. 1. Mosebog 4.	1857	1857	6	»At være eller ikke være«	49	1	v6:49 (1857)	medium	located	
Calabrien	Calabrien	halvø og den sydligste region på Italiens fastland.	1842	1842	14	En Digters Bazar	356	1	v14:356 (1842)	high	head-noun+located+place-type	
Calais til Dover	Calais til Dover	havnebyer ved Den engelske Kanal (strædet ved Dover/Calais) i henholdsvis Nordfrankrig og Sydengland. – Ramsgate: havneby stik vest for London i det vestlige Kent, nord for Dover. – Han havde indbudt mig: i et brev dateret Tavistock House, London den 3.april 1857, indklæbet i Album s. 33. De følgende citater er oversatte fra brevet: »We shall not be at home here in London itself, after the first week in June, but we shall be at a little country house I have, only twenty seven miles away. It is on a line of Railroad, and within an hour and a half of London, in a very beautiful part of Kent«.	1860	1860	15	Berlingske politiske Avertissements-Tidende	160	1	v15:160 (1860)	medium	located+place-type	
Camaldoli	Camaldoli	kloster ved Napoli, beliggende ved et af Vesuvs kratere.	1855	1855	17	Mit Livs Eventyr (inklusive Fortsættelse og Tillæg)	331	1	v17:331 (1855)	high	head-noun+located+place-type	
Campagne	Campagne	den store slette, der omgiver Rom.	1835	1835	4	Improvisatoren	77	1	v4:77 (1835)	high	head-noun+place-type	
Campagnen	Campagnen	landskabet omkring Rom. ¶ flodslette uden for Rom og Tiberens nedre løb. ¶ den store slette, der omgiver Rom. ¶ sletten, der omgiver Rom.	1837	1837 1846 1849 1853 1862 1870	2 5 6 8 16	Kun en Spillemand	251	7	v5:251 (1837); v16:320 (1846); v5:462 (1849); v2:73 (1853); v2:441 (1862); v6:333 (1870); v8:124 ()	high	head-noun+located+place-type	
Campagnien	Campagnien	den store slette omkring Rom.	1835	1835	14	Søndagsblad. Et æsthetisk Ugeskrift	200	1	v14:200 (1835)	high	head-noun+located+place-type	
Canal-Reisen til Stockholm	Canal-Reisen til Stockholm	den 25. juni rejser H.C. Andersen ad Göta kanal fra Göteborg mod Stockholm, hvortil han ankommer til 29. juni.	1855	1855	17	Mit Livs Eventyr (inklusive Fortsættelse og Tillæg)	181	1	v17:181 (1855)	medium	located+place-type	
Canton	Canton | Canton(et)	en republik inden for den schweiziske forbundsstat.	1855	1855 1862	2 17	Mit Livs Eventyr (inklusive Fortsættelse og Tillæg)	123	2	v17:123 (1855); v2:393 (1862)	high	head-noun+place-type	
Cap Colonne	Cap Colonne	se kort.	1842	1842	14	En Digters Bazar	432	1	v14:432 (1842)	high	se-kort	
Cap Finisterre	Cap Finisterre	se kort.	1868	1868	15	Et Besøg i Portugal 1866	477	1	v15:477 (1868)	high	se-kort	
Cap Matapan	Cap Matapan(s)	ældre navn for Tainaron (Tenaro); se kort.	1842	1842	14	En Digters Bazar	376	1	v14:376 (1842)	high	se-kort	
Cap Mysenum	Cap Mysenum	forbjerget Capo di Miseno ved Napoli. ¶ halvø nordvest for Napoli; se kort.	1835	1835 1837	5 14	Søndagsblad. Et æsthetisk Ugeskrift	199	2	v14:199 (1835); v5:15 (1837)	high	head-noun+place-type+se-kort+located	
Capri	Capri	klippeø 30 km syd for Napoli.	1855	1855	17	Mit Livs Eventyr (inklusive Fortsættelse og Tillæg)	153	1	v17:153 (1855)	medium	located	
Capris Klippehuler	Capris Klippehuler	kysten på øen Capri i Middelhavet ud for Napoli er rig på huler dannet af havet.	1837	1837	5	Kun en Spillemand	87	1	v5:87 (1837)	high	head-noun+place-type	
Capuziner-Klostret	Capuziner-Klostret	kirken Santa Maria della Concezione blev bygget 1626-1631 sammen med et cappuccinerkloster, der dog senere blev nedrevet ved etableringen af Via Veneto. Krypten er berømt for at være udsmykket med knogler, jf. s. 142-143.	1842	1842	14	En Digters Bazar	298	1	v14:298 (1842)	high	head-noun+place-type	
Caribien	Karaiber-Pigen(s)	Caribien, øerne mellem Nord- og Sydamerika, omfatter Store og Små Antiller samt Bahamaøerne.			12	AhasverusDen evige Jøde, Jerusalems Skomager, skikkelse fra et middelalderligt sagn, ofte behandlet i dansk litteratur på H.C. Andersens tid. If. sagnet slog Ahasverus Jesus, da denne var på vej til korsfæstelsen på Golgathabjerget; derfor må han vandre fredløs om i verden til evig tid uden at kunne dø. En dansk bearbejdelse, 1607, af en tysk folkebog om Ahasverus fra 1602 er gået tabt; en dansk udgave fra 1631 er bevaret. En almuevise om Ahasverus stammer formentlig fra 1700-tallets første del.Ahasverus	348	1	v12:348 ()	medium	located+place-type	
Caroline Amalie	Caroline Amalie	H.C. Andersen var 17.20. maj hendes gæst på Sorgenfri Slot ved Lyngby.	1869	1869	18	Mit Livs Eventyr (inklusive Fortsættelse og Tillæg)	192	1	v18:192 (1869)	medium	located+place-type	
Carrara	Carrara	by nordvest for Firenze, berømt for sine marmorbrud. ¶ se kort.	1835	1835 1836 1870	4 15	Improvisatoren	229	4	v4:229 (1835); v4:349 (1835); v4:382 (1836); v15:490 (1870)	high	head-noun+located+place-type+se-kort	
carrarisk	carrarisk	fra marmorbruddene i Carrara; se kort.	1842	1842	14	En Digters Bazar	364	1	v14:364 (1842)	high	se-kort	
Cartagena	Cartagena	havneby på den spanske sydkyst, hvor H.C. Andersen opholdt sig fra 16. til 19. september 1862. ¶ se kort.	1863	1863	8 15	I Spanien	256	2	v15:256 (1863); v8:340 ()	high	head-noun+place-type+se-kort	
Carthagenienser	Carthagenienser	Karthago var en stor handelsby på Afrikas nordkyst i oldtiden; førte i 3.-2. årh. f.Kr. de såkaldte puniske krige mod Rom. Karthago blev tilintetgjort 146 f.Kr.			12	AhasverusDen evige Jøde, Jerusalems Skomager, skikkelse fra et middelalderligt sagn, ofte behandlet i dansk litteratur på H.C. Andersens tid. If. sagnet slog Ahasverus Jesus, da denne var på vej til korsfæstelsen på Golgathabjerget; derfor må han vandre fredløs om i verden til evig tid uden at kunne dø. En dansk bearbejdelse, 1607, af en tysk folkebog om Ahasverus fra 1602 er gået tabt; en dansk udgave fra 1631 er bevaret. En almuevise om Ahasverus stammer formentlig fra 1700-tallets første del.Ahasverus	275	1	v12:275 ()	medium	located+place-type	
Carthaginienser	Carthaginienser	Karthago var en stor handelsby på Afrikas nordkyst i oldtiden; førte i 3.-2. årh. f.Kr., de såkaldte puniske krige mod Rom. Karthago blev tilintetgjort 146 f.Kr.			12	Fragmenter af »Ahasverus«	46	1	v12:46 ()	medium	located+place-type	
Cartuja	Cartuja	karteuserkloster fra 1516.	1863	1863	15	I Spanien	297	1	v15:297 (1863)	high	head-noun+place-type	
Casa de Pilatos	Pilati Huus … Jerusalem	Casa de Pilatos, palads fra midten af 1500-tallet. Størstedelen er bygget af don Fabrique, marquis af Tarifa efter en rejse til Jerusalem, og det fik ry for at være en efterligning af den romerske præfekt Pontius Pilatus’ (d. 35 e.Kr.) hus. Det blev siden residens for hertugerne af Alcalá de los Gazules (se kort) og Medinaceli (se kort).	1863	1863	15	I Spanien	362	1	v15:362 (1863)	high	se-kort+place-type	
Cascade	Cascade	vandfald; her Trevifontænens kunstige vandfald.	1835	1835	4	Improvisatoren	73	1	v4:73 (1835)	high	head-noun+place-type	
Cascader	Cascader	vandfald.	1842	1842 1857	6 14	En Digters Bazar	320	2	v14:320 (1842); v6:82 (1857)	high	head-noun+place-type	
Castel	Castel	(mindre) fæstning, skanse.	1868	1868	15	Et Besøg i Portugal 1866	456	1	v15:456 (1868)	high	head-noun+place-type	
Castel Sant’Elmo	St. Elmo	Castel Sant’Elmo, fæstning på Napolis højeste punkt, bygget 1329 og ombygget i slutningen af 1500-tallet.	1842	1842	14	En Digters Bazar	344	1	v14:344 (1842)	medium	located+place-type	geo-3167334
Castelamare	Castelamare	by syd for Napoli.	1835	1835	4	Improvisatoren	248	1	v4:248 (1835)	high	head-noun+located+place-type	
Castelfiorentino	Castellone	Castelfiorentino; se kort.	1842	1842	14	En Digters Bazar	285	1	v14:285 (1842)	high	se-kort	geo-3179696
Castellet	Castellet	paladset Dar el Makhzen, bygget af Mulay Ismail, fungerede som bolig for sultanens repræsentant i byen.	1863	1863	15	I Spanien	343	1	v15:343 (1863)	high	head-noun+place-type	
Castelo de Palmela	Palmella	Castelo de Palmela, beliggende på en klippe højt over bjerglandsbyen Palmela i Serra da Arrábida; se kort. Fæstningen, som går tilbage til maurertiden, blev erobret af portugiserne i 1100-taller, ombygget til kloster i 1423 under João 1.	1868	1868	15	Et Besøg i Portugal 1866	431	2	v15:431 (1868); v15:445 (1868)	high	se-kort+place-type	
Cechy	Böhmen	Cechy; landområde omkring Prag i det nuværendeˇ Tjekkiet; oprindelig fyrstendømme og fra 1198 kongerige i Centraleuropa. ¶ Cechy; landområde omkring Prag i det nuværende Tjekkiet; oprindelig fyrstendømme og fra 1198 kongerige i Centraleuropa.	1832	1832	7 9	Af Ideer og Udkast	356	2	v7:356 (1832); v9:288 (1832)	high	in-register	
Cecrops	Cecrops	if. myten er Kekrops Athens første konge, som byggede den første borg på Akropolis. Ofte fremstilles han som født af jorden. Dyrkedes som hero.	1842	1842	14	En Digters Bazar	389	1	v14:389 (1842)	medium	located+place-type	
Cerigo	Cerigo	ældre navn for Kithira; se kort.	1842	1842	14	En Digters Bazar	376	1	v14:376 (1842)	high	se-kort	
Ceuta	Ceuta	spansk enklave ved Marokkos kyst, se kort.	1863	1863	15	I Spanien	328	1	v15:328 (1863)	high	se-kort+place-type	
Charlottenborg	Charlottenborg | hans Bolig	slot ved Kongens Nytorv, hvor Kunstakademiet havde til huse, og hvor Thorvaldsen som Kunstakademiets direktør 1833-1844 havde embedsbolig. ¶ slot ved Kongens Nytorv, hvor Kunstakademiet havde til huse. ¶ Charlottenborg, slot ved Kgs. Nytorv, hvor Det kongelige Academie for de Skønne Kunster havde til huse, og hvor Bertel Thorvaldsen som akademiets direktør 1833-1844 havde sin embedsbolig.	1849	1849 1855	5 8 17	De to Baronesser	491	3	v5:491 (1849); v17:237 (1855); v8:479 ()	high	head-noun+located+place-type	
Chaumonydalen	Chaumonydalen	Chamonixdalen nord for Mont Blanc i Frankrig.	1835	1835	4	Improvisatoren	350	1	v4:350 (1835)	high	head-noun+place-type	
Chaux de Fonds	Chaux de Fonds	La Chaux de Fonds i Jurabjergene lidt nordøst for Le Locle; se kort.	1869	1869	15	For Romantik og Historie	484	1	v15:484 (1869)	high	se-kort+place-type	
Cheapside	Cheapside(-Anmeldelse)	forretningsgade i London.	1855	1855	17	Mit Livs Eventyr (inklusive Fortsættelse og Tillæg)	266	1	v17:266 (1855)	high	head-noun+located+place-type	
Chillon	Chillon	middelalderborg ved Genèvesøen (Lac Léman), tæt ved Montreux, som H.C. Andersen besøgte 23. august 1833. ¶ middelalderborg ved Genèvesøen (Lac Léman), tæt ved Montreux; den engelske digter Lord Byron udgav 1816 sonnetten The Prisoner of Chillon (dansk Fangen i Chillon, 1842). H.C. Andersen besøgte slottet 29. juli 1846.	1855	1855 1869	17 18	Mit Livs Eventyr (inklusive Fortsættelse og Tillæg)	122	2	v17:122 (1855); v18:15 (1869)	high	head-noun+located+place-type	
Chios	Chios	se kort. Homer levede if. en tradition på øen. ¶ se kort.	1842	1842	14	En Digters Bazar	387	2	v14:387 (1842); v14:463 (1842)	high	se-kort+place-type	
Christian Friedrich Tieck	Billedhuggeren Tieck	Christian Friedrich Tieck, broder til Ludwig.	1846	1846	16	Mit eget Eventyr uden Digtning	307	1	v16:307 (1846)	medium	located	
Christian IV	Christian den Fjerdes Skikkelse	Christian IV, Thorvaldsens Museum, 1840; findes tillige i bronze i Christian 4.s kapel i Roskilde Domkirke.	1844	1844	9	Berlingske politiske og Avertissements-Tidende	439	1	v9:439 (1844)	medium	located+place-type	
Christian Wulff	Christian Wulff … Feber	Christian Wulff, bror til Henriette Wulff, H.C. Andersens nære veninde, var han på rejse i USA, da han døde i Beaufort, North Carolina, hvor han ligger begravet.			8	† Christian Wulff	294	1	v8:294 ()	medium	located	
Christiansborg Slot	Slottet	Christiansborg Slot, opført 1731-1740.	1868	1868	3	Gudfaders Billedbog	184	1	v3:184 (1868)	high	head-noun+place-type	
Christiansdals Skov	Christiansdals Skov	tilhørte hovedgården af samme navn i Dalum sogn.	1829	1829	14	Brudstykke af en Udflugt i Sommeren 1829	55	1	v14:55 (1829)	medium	located+place-type	
Christiansdals Stamhuus	Christiansdals Stamhuus	hovedgård syd for Odense, egentlig Dalum Kloster, i perioden 1682-1930 kaldet Christiansdal. Fra slutningen af 1100-tallet til 1580, hvor den sidste nonne døde, fungerede det som benediktinerkloster.	1822	1822	9	Ungdoms-Forsøg	64	1	v9:64 (1822)	high	head-noun+located+place-type	
Cicero … Mola di Gaeta	Cicero … Mola di Gaeta	i Mola di Gaeta, nuværende Formia (se kort), findes resterne af en villa, der har tilhørt den romerske politiker, advokat og forfatter Marcus Tullius Cicero (106-43 f.Kr.). Cicero blev likvideret i nærheden af byen.	1842	1842	14	En Digters Bazar	340	1	v14:340 (1842)	high	se-kort	
Circes Klippeø	Circes Klippeø	klippeudspringet Monte Circeo (se kort) ligger isoleret, men er ikke en ø. Den er traditionelt blevet knyttet til det græske sagn om troldkvinden Kirke, der holdt Odysseus tryllebundet på sin ø og forvandlede nogle af hans mænd til svin (10. sang af Homers Odysseen, ca. 700 f.Kr.).	1842	1842	14	En Digters Bazar	338	1	v14:338 (1842)	high	se-kort+place-type	
Cisterna	Cisterna	se kort.	1842	1842	14	En Digters Bazar	338	1	v14:338 (1842)	high	se-kort	
Citta vecchia	Citta vecchia	(italiensk) gamle by; tilnavn til Mdina ca. 15 km vest for Valletta. Byen var Maltas hovedstad indtil midten af 1500-tallet, jf. s. 240.	1842	1842	14	En Digters Bazar	365	1	v14:365 (1842)	high	head-noun+located+place-type	
Civita Castellana	Civitta Castellane	Civita Castellana; se kort.	1842	1842	14	En Digters Bazar	291	1	v14:291 (1842)	high	se-kort	geo-3178595
Civita Vecchia	Civita Vecchia	havneby i Pavestaten; se kort. ¶ kystby nordøst for Rom.	1861	1861 1868	15	Dagbladet	215	2	v15:215 (1861); v15:427 (1868)	high	se-kort+head-noun+located+place-type	
Clapton	Clapton	forstad nord for London; besøget fandt sted 11. juli 1847. En anden og noget afvigende skildring af besøget findes trykt i Mary Howitt An Autobiography, bd. 2, 1889, s. 29-31.	1869	1869	18	Mit Livs Eventyr (inklusive Fortsættelse og Tillæg)	41	1	v18:41 (1869)	high	head-noun+located+place-type	
Clara Kirkegaard	Clara Kirkegaard	kirkegård ved Sankta Clara kyrka i Stockholm.	1851	1851	15	I Sverrig	63	1	v15:63 (1851)	medium	located	
Codans Bølge	Codans Bølge	Østersøen eller havene omkring Danmark i almindelighed; formentlig en hentydning til B.S. Ingemanns fædrelandssang »Vift stolt paa Kodans Bølge«, 1815.	1846	1846	12	Hr. Rasmussen	208	1	v12:208 (1846)	medium	located	
Coimbra	Coimbra	se kort; byen har rod i den romerske Aeminium, senere Conimbriga; universitetsby 1308 og i en senere periode hovedstad; se kort. ¶ byen, der ligger i det nordlige Portugal, har rod i den romerske Aeminium, senere Conimbriga; universitetsby 1308 og i en senere periode hovedstad	1868	1868 1869	15 18	Et Besøg i Portugal 1866	461	2	v15:461 (1868); v18:311 (1869)	high	se-kort+place-type+head-noun	
Collins Datter og Svigersøn	Collins Datter og Svigersøn	Ingeborg og A.L. Drewsen, der sammen med Ingeborgs storesøster, Louise Collin, havde været på baderejse i Tyskland, hvor de havde gjort Felix Mendelssohn-Bartholdys bekendtskab.	1855	1855	17	Mit Livs Eventyr (inklusive Fortsættelse og Tillæg)	208	1	v17:208 (1855)	high	head-noun+place-type	
Colonnade-Gangen	Colonnade-Gangen	søjlegangen ved Christiansborg Slot {E2-E3}.	1829	1829	9	Fodreise fra Holmens Canal til Østpynten af Amager i Aarene 1828 og 1829	178	1	v9:178 (1829)	medium	located+place-type	
Colosseum	Colosseum	ruinen af det mægtige amfiteater i Rom (opført i det 1. århundrede e.Kr.). ¶ romersk amfiteater, indviet 80 e.Kr. ¶ amfiteater bygget 72-80 e.Kr.	1835	1835 1842	4 12 14	Improvisatoren	66	4	v4:66 (1835); v14:331 (1842); v12:46 (); v12:275 ()	high	in-register	geo-6269248
Condition	Condition	plads.	1849	1849	12	Meer end Perler og Guld	472	1	v12:472 (1849)	high	head-noun+place-type	
Conrad Rothe, nu Præst ved Fruekirke	Conrad Rothe, nu Præst ved Fruekirke	P.C. Rothe blev 1843 2. residerende kapellan ved Vor Frue Kirke i København, 1857 1. residerende kapellan og 1865 sognepræst ved kirken og stiftsprovst.	1855	1855	17	Mit Livs Eventyr (inklusive Fortsættelse og Tillæg)	213	1	v17:213 (1855)	medium	located+place-type	
Constantinopel	Constantinopel	nu Istanbul; se kort.	1842	1842	14	En Digters Bazar	436	1	v14:436 (1842)	high	se-kort	
Copenhague	Copenhague	(fransk) København.	1855	1855	17	Mit Livs Eventyr (inklusive Fortsættelse og Tillæg)	119	1	v17:119 (1855)	high	head-noun+place-type	
Corfu	Corfu	se kort.	1842	1842	14	En Digters Bazar	351	1	v14:351 (1842)	high	se-kort	
Corselitze	Corselitze	herregård på Falsters østkyst.			8	Af Samlede Skrifter	509	1	v8:509 ()	high	head-noun+located+place-type	
Corso	Corso	(italiensk) løb; betegnelse for hoved- eller strøggader i en række storbyer. I Rom er Via del Corso en smal gade, der løber fra Piazza del Popolo til Piazza Venezia.	1854	1854	9	Folkekalender for Danmark	445	1	v9:445 (1854)	medium	located	
Corso … Toledo	Corso … Toledo	strøggader i henholdsvis Rom og Napoli, hvor borgerne promenerer som på Strøget, Østergade, i København {E4-E6}.	1838	1838	9	Tre Digtninger	297	1	v9:297 (1838)	medium	located	
Cultusminister	Cultusminister	dækkede både kirke- og undervisningsministeriet, indtil de blev adskilt i 1916. ¶ kirke- og undervisningsminister; Monrad var kultusminister maj-december 1859 og fra februar 1860.	1857	1857 1869	6 18	»At være eller ikke være«	131	2	v6:131 (1857); v18:224 (1869)	high	head-noun+place-type	
Cultusministeren, Biskop Monrad	Cultusministeren, Biskop Monrad	kirke- og undervisningsminister D.G. Monrad, kultusminister maj-december 1859 og fra februar 1860; H.C. Andersen kom for at aflevere et eksemplar af I Spanien.	1869	1869	18	Mit Livs Eventyr (inklusive Fortsættelse og Tillæg)	269	1	v18:269 (1869)	high	head-noun+place-type	
Cumnor-Place	Cumnor-Place	på Elisabeth 1.s tid et landsted i Cumnor, en by i Berkshire øst for Oxford. H.C. Andersens og Weyses tidlige version (Collinske Samling 21, I, 4°, nr. 668) har, i lighed med stavemåden i Scotts roman: Cumnor. Den ukomplette omarbejdelse nr. 2 har begge stavemåder, dog hyppigst: Cumnor. Alle sufflørbøger har: Cunmor. Jf. rettelseslisten.	1774	1774	11	Festen paa Kenilworthengelsk by sydøst for Birmingham med ruiner af Kenilworth Slot.Kenilworth	12	1	v11:12 (1774)	medium	located+place-type	
curia hostilia	curia hostilia	i oldtiden den bygning på Forum Romanum, hvor Roms senat mødtes.	1835	1835	4	Improvisatoren	66	1	v4:66 (1835)	medium	located	
Cycladerne	Cycladerne	Kykladerne (Kiklades); se kort.	1842	1842	14	En Digters Bazar	376	1	v14:376 (1842)	high	se-kort	
Czerna-Woda	Czerna-Woda	Cernavoda˘; se kort.	1842	1842	14	En Digters Bazar	501	1	v14:501 (1842)	high	se-kort	
Cádiz	Cadiz	Cádiz, se kort.	1863	1863	15	I Spanien	334	1	v15:334 (1863)	high	se-kort	
Cæsar ved Rubikon	Cæsar ved Rubikon	grænsefloden mellem Italien og Gallia Cisalpina, dvs. Posletten, som Cæsar besluttede at overskride; derved begyndte borgerkrigen 49 f.Kr.	1837	1837	5	Kun en Spillemand	178	1	v5:178 (1837)	high	head-noun+located+place-type	
Dalarne	Dalarne	landskab, der omfatter den indre, nordlige del af Mellemsverige.	1851	1851	15	I Sverrig	38	1	v15:38 (1851)	high	head-noun+place-type	
Dalj	Dalja	Dalj; se kort.	1842	1842	14	En Digters Bazar	550	1	v14:550 (1842)	high	se-kort	geo-3202215
Dalkulle	Dalkulle(n)	dalkulla (svensk), kvinde fra Dalarna. Fra 1820’erne til 1860’erne roede dalkullar de såkaldte kull-både i Stockholm; i 1830’erne indførte man dog hjulbåde, der blev drevet med håndsving af dalkullar i folkedragt.	1851	1851	15	I Sverrig	61	1	v15:61 (1851)	medium	located	
Dalum	Dalum	landsby tæt ved Odense; nu bydel ca. 4 km fra Odense centrum.	1822	1822	9	Ungdoms-Forsøg	62	1	v9:62 (1822)	high	in-register+head-noun+located+place-type	place-000009
Dalälven	Dal-Elven	Dalälven; se kort 2.	1851	1851	15	I Sverrig	117	1	v15:117 (1851)	high	se-kort	
Danmarks Riimkrønike	Danmarks Riimkrønike	er blevet til i klosteret i Sorø, forfattet af munken broder Niels. Den slutter med året 1477 og er sandsynligvis afsluttet samme år. Den er udgivet som den første trykte bog på dansk af Gotfred af Ghemen i 1495 og genudgivet af Chr. Molbech i 1825.	1868	1868	3	Gudfaders Billedbog	174	1	v3:174 (1868)	medium	located+place-type	
Dannemora	Dannemora	se kort 2. Jernmalmminen Dannemora gruva i Uppland 100 km nord for Stockholm har været i drift siden 1400-tallet.	1851	1851	15	I Sverrig	123	1	v15:123 (1851)	high	se-kort	
Dannevirke	Dannevirke | Danevirke	fæstningsanlæg i Slesvig, hvis ældste dele stammer fra 650; udbygget i flere omgange. Det mistede sin militære betydning i 1300-tallet, men blev et nationalt symbol under Treårskrigen, 1848-1851. ¶ fæstningsanlæg i Slesvig, hvis ældste dele stammer fra 650; udbygget i flere omgange. Det mistede sin militære betydning i 1300-tallet, men blev et nationalt symbol under Treårskrigen, 1848-1850. ¶ fæstningsanlæg i Slesvig, hvis ældste dele stammer fra 650; udbygget i flere omgange. Det mistede sin militære betydning i 1300-tallet, men blev et nationalt symbol under Treårskrigen. ¶ Dannevirke; fæstningsanlæg i Slesvig, hvis ældste dele stammer fra 650; udbygget i flere omgange. Det mistede sin militære betydning i 1300-tallet, men blev et nationalt symbol under Treårskrigen, 1848-1850. En del af Dannevirke blev befæstet i 1864, men 5. februar blev stillingen opgivet.	1839	1839 1857	6 7 8	Til Kongen den 28de Mai 1839	558	8	v7:558 (1839); v6:171 (1857); v8:303 (); v8:324 (); v8:348 (); v8:358 (); v8:368 (); v8:435 ()	medium	located	
danske Maanedskrift for Litteratur	danske Maanedskrift for Litteratur	omtalen er ikke lokaliseret, men digtet er »Veirmøllen paa Bakken« i Phantasier og Skizzer, 1831: »Dog Maanens Lys er ikke slukt, Thi see en Regnbue hvælver smukt«; jf. denne udgave bd. 7 s. 274.	1846	1846	16	Mit eget Eventyr uden Digtning	260	1	v16:260 (1846)	medium	located+place-type	
Dardanelbyerne	Dardanelbyerne	byer langs Dardanellerne, det smalle stræde, der deler Tyrkiet i en europæisk og en asiatisk del og forbinder det Ægæiske Hav og Marmarahavet.	1842	1842	14	En Digters Bazar	351	1	v14:351 (1842)	high	head-noun+place-type	
Dardaneller	Dardaneller	smalt stræde mellem Europa og Asien i det nordvestlige Tyrkiet.	1855	1855	17	Mit Livs Eventyr (inklusive Fortsættelse og Tillæg)	297	1	v17:297 (1855)	medium	located+place-type	
Dardanellerne	Dardanellerne	smalt stræde mellem Europa og Asien i det nordvestlige Tyrkiet.	1855	1855	17	Mit Livs Eventyr (inklusive Fortsættelse og Tillæg)	218	1	v17:218 (1855)	medium	located+place-type	
Dardanellerne og Marmorhavet	Dardanellerne og Marmorhavet	Dardanellerne er et smalt stræde, der deler Tyrkiet i en europæisk og en asiatisk del og forbinder det Ægæiske Hav og Marmarahavet, det tyrkiske indhav mellem Lilleasien og Balkanhalvøen; se kort.	1842	1842	14	En Digters Bazar	448	1	v14:448 (1842)	high	se-kort+place-type	
Darius … Scytherne	Darius … Scytherne	kilden er Herodots (o. 480-420 f.Kr.) historie om perserkrigene (ca. 550-479 f.Kr.).	1842	1842	14	En Digters Bazar	492	1	v14:492 (1842)	high	head-noun+place-type	
das Felsenschloss	das Felsenschloss	(tysk) klippeslottet. Der er tale om ruinerne af fæstningen Felsenburg Neurathen, sandsynligvis bygget i den sene middelalder.	1831	1831	14	Skyggebilleder af en Reise til Harzen, det sachsiske Schweitz etc. etc., i Sommeren 1831	155	1	v14:155 (1831)	high	head-noun+place-type	
Das grüne Gewölb	Das grüne Gewölb	Das grüne Gewölbe, (tysk) den grønne hvælving; det barokke kunstkammer i Residenzschloß Dresden blev opført og indrettet for Frederik August 1. den Stærke (1670-1733), kurfyrste af Sachsen 1694-1733, konge af Polen 1697-1706 og 1709-1733 som August 2. Mocny, af arkitekten Matthäus Daniel Pöppelmann (1662-1737).	1831	1831	14	Skyggebilleder af en Reise til Harzen, det sachsiske Schweitz etc. etc., i Sommeren 1831	147	1	v14:147 (1831)	high	in-register	place-000035
de borromæsike Øer	de borromæsike Øer	øer i Lago Maggiore.	1836	1836	4	O. T.	624	1	v4:624 (1836)	high	head-noun+located+place-type	
de dreiende Derwischers-Kloster	de dreiende Derwischers-Kloster	Galata Tekke el. Mevlevihan, mawlawiernes ældste kloster i Istanbul, grundlagt 1491, men genopbygget efter en brand 1766, nu Divan Litteraturmuseet. Den muslimske mystiske Mawlawiyya-sufiorden er indstiftet i 1200-tallet og blev kendt som de dansende dervisher pga. den særlige drejende dans, hvormed de søger religiøs fordybelse.	1842	1842	14	En Digters Bazar	456	1	v14:456 (1842)	medium	located+place-type	
de Dødes stille Have	de Dødes stille Have	her: Assistens Kirkegård på Nørrebro i København.	1832	1832	7	Vignetter til danske Digtere	322	1	v7:322 (1832)	medium	located+place-type	
de Dødes … Mindernes by	de Dødes … Mindernes by	H.C. Andersen citerer og bygger her på Pontin, s. 9.	1851	1851	15	I Sverrig	35	1	v15:35 (1851)	medium	located	
de Fattiges Kirkegaard	de Fattiges Kirkegaard	kirkegård for ubemidlede. I Odense en del af kirkegården hørende til Sankt Knuds Kirke.	1832	1832	16	Levnedsbog	104	1	v16:104 (1832)	medium	located	
de revolutionaire Bevægelser	de revolutionaire Bevægelser	den borgerlige revolution i Spanien 1868-1874 førte til udråbelse af republikken og dronning Isabellas afgang, men endte med et statskup 1874. ¶ den borgerlige revolution i Spanien 1868-1874 førte til republikkens udråbelse og dronning Isabellas afgang, men endte med et statskup i 1874.	1868	1868 1869	15 18	Et Besøg i Portugal 1866	424	2	v15:424 (1868); v18:309 (1869)	medium	located+place-type	
Dei frari	Dei frari	Franciskanerkirken Santa Maria Gloriosa dei Frari med gravmonumenter over bl.a. billedhuggeren Canova og maleren Tizian (Tiziano Vecellio).	1835	1835	4	Improvisatoren	354	1	v4:354 (1835)	high	head-noun+place-type	
Delfí	Delphi	Delfí; det antikke Delfi var sædet for en Apollon-helligdom, hvortil der var knyttet et orakel, der fungerede som medium for guden. Oraklet eksisterede fra 700-tallet f.Kr. til det blev nedlagt ca. 385 e.Kr. af den kristne kejser Theodosius (347-395, kejser fra 379); se kort.	1842	1842	14	En Digters Bazar	395	1	v14:395 (1842)	high	in-register+se-kort	
Delphi	Delphi	græsk by, i oldtiden kendt for sit Apollontempel med tilhørende orakel.	1862	1862	3	Venskabs-Pagten	27	1	v3:27 (1862)	high	in-register+place-type	geo-263219
den blaa Grotte	den blaa Grotte	Grotta azzurra, vandfyldt grotte på nordvestsiden af Capri (se kort), hvis åbning blot er en meter over overfladen. Lyset filtreres gennem vandet og skaber den blå farve i grotten.	1842	1842	14	En Digters Bazar	343	1	v14:343 (1842)	high	se-kort	
den borghesiske Familie	den borghesiske Familie	af fyrsteslægten Borghese, som i Rom ejede et stort palads og et lystslot med park.	1835	1835	4	Improvisatoren	84	1	v4:84 (1835)	medium	located+place-type	
den botaniske Have	den botaniske Have	lå 1777-1874 langs Nyhavn bag Charlottenborg.	1837	1837	5	Kun en Spillemand	110	1	v5:110 (1837)	high	in-register+place-type	place-000015
Den Collinske Gaard	det Huus	Den Collinske Gaard, en gammel bindingsværksbygning, lå i Bredgade på det nuværende nr. 4’s plads, ved siden af Kanneworffs hus. Nedrevet 1853.	1846	1846	16	Mit eget Eventyr uden Digtning	207	1	v16:207 (1846)	medium	located+place-type	
Den Engelske Kanal	Canalen	Den Engelske Kanal, farvandet mellem England og Frankrig, der forbinder Nordsøen med Atlanterhavet.	1844	1844	9	Berlingske politiske og Avertissements-Tidende	418	1	v9:418 (1844)	high	head-noun+located+place-type	
den gamle catholske Bispegaard	den gamle catholske Bispegaard	ruinerne af en stor bispegård fra 1400-tallet.	1851	1851	15	I Sverrig	25	1	v15:25 (1851)	high	head-noun+place-type	
den gamle Gaard	den gamle Gaard | Den gamle Gaard	Jonas Collins bindingsværksbygning i Bredgade 4 i København, hvor familien Collin boede fra 1802 til 1838, og hvor Ingeborg således voksede op, skulle øjensynligt tidligere have været en spansk ministers landsted. ¶ Jonas Collins bindingsværksbygning i Bredgade 4 i København, hvor familien Collin boede fra 1802 til 1838.			8	(untitled)	183	2	v8:183 (); v8:220 ()	medium	located+place-type	
den gamle Thelegraf-Bestyrer … Skolemester	den gamle Thelegraf-Bestyrer … Skolemester	Fedder Carstens havde i 1810 i Odense oprettet en drengeskole, hvis elever bl.a. talte H.C. Andersen. I perioden maj 1813-august 1814 var han ansat ved den optiske telegraf på Tåsinge.	1832	1832	16	Levnedsbog	161	1	v16:161 (1832)	medium	located	
den gamle ødelagte Bro	den gamle ødelagte Bro	Ponte Rotto (den ødelagte bro) syd for Tiberøen, opført i 100-tallet e.Kr.; dens oprindelige navn var Pons Aemilius.	1835	1835	4	Improvisatoren	72	1	v4:72 (1835)	medium	located+place-type	
den høje Strand	den høje Strand	den høje kyst.	1774	1774	11	Festen paa Kenilworthengelsk by sydøst for Birmingham med ruiner af Kenilworth Slot.Kenilworth	84	1	v11:84 (1774)	high	head-noun+place-type	
den lille, snevre, trykkede Skueplads	den lille, snevre, trykkede Skueplads	først i sommeren 1850 ombyggedes og udvidedes scenen i Casino.	1869	1869	18	Mit Livs Eventyr (inklusive Fortsættelse og Tillæg)	112	1	v18:112 (1869)	medium	located	
den nye Bro	den nye Bro	bro opført i støbejern 1850 til aflastning for den middeladerlige bro fra o. 1391.	1860	1860	15	Berlingske politiske Avertissements-Tidende	167	1	v15:167 (1860)	high	head-noun+place-type	
Den nye Gaard	Den nye Gaard	Amaliegade 9 i København, hvor familien flyttede til fra Bredgade.			8	(untitled)	220	1	v8:220 ()	high	head-noun+place-type	
den smukke Aae	den smukke Aae	Odense Å. Fyns længste vandløb, ca. 60 km langt.	1832	1832	16	Levnedsbog	114	1	v16:114 (1832)	high	head-noun+place-type	
den tilfygede … Kirke	den tilfygede … Kirke	kirken, Sankt Laurentius, er fra begyndelsen af 1400-tallet og blev nedlagt i 1795; den var forfalden og man opgav at redde den fra sandflugten.	1860	1860	15	Folkekalender for Danmark	187	1	v15:187 (1860)	high	head-noun+place-type	
den unge Kats Klage	den unge Kats Klage	H.C. Andersens ungdomsdigt »Dalen og Bjergtoppen« fik i Fodreise en ironisk drejning og blev lagt i munden på en kat i digtet »Før og Nu«, (se denne udgaves bd. 9, s. 174-175).	1846	1846	16	Mit eget Eventyr uden Digtning	217	1	v16:217 (1846)	medium	located+place-type	
den uskyldige By	den uskyldige By	Faaborg.	1832	1832	16	Levnedsbog	161	1	v16:161 (1832)	high	head-noun+place-type	
den venetianske Plads	den venetianske Plads	pladsen foran Palazzo Venezia, Roms ældste renæssancebygning.	1835	1835	4	Improvisatoren	161	1	v4:161 (1835)	high	head-noun+place-type	
den Venus … sit Bjerg	den Venus … sit Bjerg	ifølge en tysk middelalderlig tradition beboede fru Venus et bjerg i Tyskland og levede her et vellystigt levned med mænd, der lod sig lokke ind i bjerget uden nogensinde at kunne komme ud igen.	1855	1855	17	Mit Livs Eventyr (inklusive Fortsættelse og Tillæg)	233	1	v17:233 (1855)	medium	located+place-type	
Dent du Midi	Dent du Midi	bjergtop i Berneralperne på 3260 m.	1862	1862	2	Iisjomfruen	430	1	v2:430 (1862)	medium	located	
der Kaiser von Rusland	der Kaiser von Rusland	(tysk) Ruslands kejser.	1831	1831	14	Skyggebilleder af en Reise til Harzen, det sachsiske Schweitz etc. etc., i Sommeren 1831	172	1	v14:172 (1831)	high	in-register	place-000046
der Ochsenkopf	der Ochsenkopf	det næsthøjeste bjerg (1024 m) i Fichtelgebirge mellem Hof og Bayreuth; se kort.	1842	1842	14	En Digters Bazar	238	1	v14:238 (1842)	high	se-kort+head-noun+located+place-type	
der var jo Oehlenschläger … Hædersbesøg i Stockholm	der var jo Oehlenschläger … Hædersbesøg i Stockholm	Adam Oehlenschläger havde juli-august 1847 været i Sverige og der bl.a. tilbragt tre uger i Stockholm, jf. Erindringer, bd. 4, 1851: »Det vilde moret Dig at være tilstede ved Kunstforeningens Fest i den botaniske Hauge, da de Stockholmske Damer kom en masse med Blomster, som de kastede til mig, medens jeg maatte gjøre Touren en halv Snees Gange omkring i deres Vrimmel (de opfyldte hele Haven)« (s. 275); begivenheden omtales (med to små billeder) i Corsaren, nr. 359, 6. august 1847.	1869	1869	18	Mit Livs Eventyr (inklusive Fortsættelse og Tillæg)	89	1	v18:89 (1869)	medium	located	
Det Adelige Jomfrukloster	Frøkenklosteret … Karen Brahe	Det Adelige Jomfrukloster, opført 1504-1508 som bispegård, 1717 oprettet som adeligt jomfrukloster på initiativ af den lærde, velhavende adelige Karen Brahe (1657-1736); udover at skænke indtægterne fra sine godser til jomfruklosteret oprettede hun et stort bibliotek.	1829	1829	14	Brudstykke af en Udflugt i Sommeren 1829	53	1	v14:53 (1829)	high	head-noun+place-type	
det afskyelige Attentat	det afskyelige Attentat	26. juli 1844 foretog en afskediget borgmester fra Storkow i Brandenburg, Heinrich Ludwig Tschech, et mislykket pistolattentat mod Friedrich Wilhelm 4. og dronning Elisabeth; han blev henrettet 14. december 1844 i Spandau.	1855	1855	17	Mit Livs Eventyr (inklusive Fortsættelse og Tillæg)	286	1	v17:286 (1855)	medium	located	
det blaa Taarn	det blaa Taarn	tårn i det tidligere Københavns Slot, der blev brugt som fængsel til prominente fanger.	1851	1851	15	I Sverrig	92	1	v15:92 (1851)	high	head-noun+place-type	
det danske Folkesagn … Vissenberg	det danske Folkesagn … Vissenberg	Vissenbjerg ligger ca. 10 km vest for Odense. Ifølge sagnet holdt en røverbande til her i dybe gange under landevejen. Når en vogn passerede, ringede ophængte klokker. Jf. Thiele 1, 2, s. 11-14. H.C. Andersens stykke blev ikke udgivet som helhed i hans levetid.	1832	1832	16	Levnedsbog	92	1	v16:92 (1832)	high	head-noun+place-type	
det gamle Belem	det gamle Belem	forstad til Lissabon; der tænkes antagelig på Torre de Belém, Bethlehemstårnet, et 35 m højt, rigt ornamenteret fort fra 1515-1521, beliggende midt i Tejo-floden.	1868	1868	15	Et Besøg i Portugal 1866	445	1	v15:445 (1868)	high	head-noun+located+place-type	
det gamle Frøken-Kloster	det gamle Frøken-Kloster	Odense Adelige Jomfrukloster ved Albani Torv, oprettet i 1716 i den gamle bispegård, som blev opført 1504-1508.	1858	1858	2	Hurtigløberne	239	1	v2:239 (1858)	high	head-noun+place-type	
det gamle Slot	det gamle Slot	kongeslottet Paço Real, nu kaldt Palácio Nacional de Sintra, bygget af João 1. i slutningen af 1300-tallet, tilbygninger i maurisk stil fra begyndelsen af 1500-tallet, residens til 1880’erne. ¶ det nuværende slot er opført 1498 af Ludvig 12.	1868	1868 1869	15 18	Et Besøg i Portugal 1866	431	2	v15:431 (1868); v18:267 (1869)	high	head-noun+place-type	
det hellige Huus	det hellige Huus	Casa santa i domkirken i Loretto ved Adriaterhavet skal være jomfru Marias hus, flyttet hertil fra Nazareth af englene.	1835	1835	4	Improvisatoren	311	1	v4:311 (1835)	medium	located+place-type	
det stolte Hof ved Ferrara	det stolte Hof ved Ferrara	hovedstad i provinsen af samme navn, 20 km sydvest for Venezia, hvor Tasso i 1565 blev knyttet til kardinal Luigi d’Estes hof, siden til hertug Alfonso 2. Tasso kæmpede mod sindssyge og led flere nervøse sammenbrud i tiden i Ferrara, bl.a. under syv års indespærring på sindssygehospital. At Alfonso 2. spærrede Tasso inde af hensyn til Leonores rygte, hører til romantikkens mest yndede kunstnermyter, jf. Lord Byrons Lament of Tasso, 1817.	1835	1835	4	Improvisatoren	288	1	v4:288 (1835)	high	head-noun+located+place-type	
Diablerets	Diablerets	kalkstensbjerg på 3246 m i Freiburgeralperne.	1862	1862	2	Iisjomfruen	422	1	v2:422 (1862)	high	head-noun+located+place-type	
Diario romano	Diario romano	romersk dagbog; egentlig en fortegnelse over årets kirkefester i Rom, men også navnet på Roms (siden: Italiens) første dagblad, udgivet fra 1716.	1835	1835	4	Improvisatoren	142	1	v4:142 (1835)	medium	located	
die Fürsten-Gruft	die Fürsten-Gruft	(tysk) fyrstekrypten; storhertug Carl Augusts mausoleum på kirkegården i Weimar (opført 1823-1827), hvor også storhertuginde Louise, Friedrich v. Schiller (hvis jordiske rester overførtes hertil i december 1827) og J.W. v. Goethe er bisat.	1855	1855	17	Mit Livs Eventyr (inklusive Fortsættelse og Tillæg)	280	1	v17:280 (1855)	medium	located	
Dijon	Dijon	by i det sydøstlige Frankrig ca. 120 km fra grænsen til Schweiz.	1869	1869	15	For Romantik og Historie	482	1	v15:482 (1869)	high	head-noun+place-type	
Ditlev Brockdorff	Ditlev Brokdorp	Ditlev Brockdorff, amtmand 1519-1523 på Flensborghus, som han forsvarede mod Frederik 1.	1844	1844	12	KongenKongen er Christian 2. (1481-1559), konge i Danmark-Norge 1513-1523, i Sverige 1520-1523. Som barn var han en overgang i huset hos den borgerlige rådmand Hans Bogbinder, hvis sønner, bl.a. borgmester i København Ambrosius Bogbinder, var aktive i gennemførelsen af reformationen, som Christian knyttede sig til. 1506-1512 styrede Christian Norge på faderen, kong Hans’, vegne med en hårdhed, der gjorde adelen til hans modstandere, både i Norge og Danmark, men han blev dog valgt som konge i begge lande 1513. Den adelige ærkebiskop Erik Valkendorf kronede 1514 Christian til norsk konge i Oslo; senere faldt Valkendorf i unåde hos kongen, da dennes elskerinde Dyveke i 1517 pludselig døde, idet Valkendorf, som påstået af Dyvekes mor Sigbrit Villoms, formodedes at være medskyldig i datterens død. Sigbrit stammede fra Amsterdam og var med Dyveke flyttet til Bergen, hvor Christian 2. trådte i forbindelse med mor og datter 1507 eller 1509. Sigbrit fulgte med Christian til København og bevarede sin rolle som vigtig finansrådgiver. Frem for kongens og Valkendorfs planer om at genfinde Grønland og Vinland og vinde opdagerhæder virkede hun for økonomiske reformer efter hollandsk mønster, bl. a. bedre metoder i landbruget (hollænderne på Amager). Hun bevarede denne indflydelse også efter datterens død 1517. Den berygtede godsejer Torben Oxe, befalingsmand på Københavns Slot, efterstræbte Dyveke – slotsskriveren Hans Faaborg og andre angav ham. Ved Dyvekes død udbredtes det rygte, at Oxe havde forgivet hende med forgiftede kirsebær, og han blev henrettet. Den virkelige årsag til Dyvekes død kendes ikke, men hendes (borgerlige) mor var stærkt hadet af de ledende adelskredse, heriblandt søhelten Søren Nordby.<br>Tiden var i religiøst røre og Christian var ikke upåvirket deraf. Men at den katolske munk står bag giftmordet i et forsøg på at bremse indflydelsen ved hoffet fra den spirende reformation er H.C. Andersens tildigtning. Forbilledet er antagelig pater Anton, en person i O.J. Samsøes sørgespil <i>Dyveke</i>, 1796, der optræder som giftmorder uden hjemmel i Samsøes kilde, Arild Hvidtfeldt. Stykket opførtes med succes både i 1796 og i 1834.<br>Christian, som i 1515 var blevet gift med den tyske kejser Karl 5.s søster Elisabeth, regnedes til Europas betydeligste fyrster og søgte med mange midler at sikre sig de nordiske lande som arve- og enevoldsriger. Han søgte at knække modstanden, i Sverige ved det stockholmske blodbad (8. november 1520), men det blev begyndelsen til enden. Trods store og fremsynede lovgivningsarbejder fik han i alle sine tre lande befolkningen mod sig. Der rejste sig opstand i Sverige, ledet af rigsforstanderen Gustav 1. Vasa. 1522 udbrød en åben krig med hansestæderne, og i selve Danmark var der utilfredshed med krigspolitiken. Ved et forlig i Bordesholm nær Kiel i august 1522 måtte han gøre store indrømmelser til sin farbror Frederik, hertugen af Gottorp, hvad der ramte ham hårdt. Da oprøret brød ud i Nørrejylland, mistede han helt modet. Om bord på orlogsskibet »Løven« flygtede han og hans familie 13. april 1523 med en flåde til Nederlandene. Under falske forudsætninger rejste Christian fra udlandet til Danmark og blev 1532 fængslet og indsat i Sønderborg Slot, if. ældre historikere kun i selskab med sin dværg. Siden skærpedes fængslet if. overleveringen yderligere, og han fik alene selskab af en gammel soldat. Senere tids historieforskning har dog vist, at fangenskabet var mildt, jf. Inge Adriansen »Myten om det runde Bord« i <i>Skalk</i> 1993, nr. 5.<br>Da Christian blev frataget magten, blev hertug Frederik af Gottorp, konge i Danmark-Norge som Frederik 1. Ved dennes død 1533 udbrød der borgerkrig (»Grevens Fejde« 1533-1536). Mange interesser, religiøse (for og mod Lutherdommen), handelsmæssige og magtpolitiske, var bragt i spil. De nævnte aktører, Lübecks borgmester Jørgen Wullenweber, en lybsk militær eventyrer, Markus Meier, og den jyske fribytter skipper Clement virkede alle for borgerskabets og den fængslede konges sag. Grev Christoffer af Oldenburg kæmpede for sin slægtning Christian 2. Han var luthersk sindet og var leder af Københavns forsvar til erobringen 1536. Paradoksalt faldt den lutherske by for reformatoriske angribere – så modsætningerne var ikke så enkle endda. Allerede under Frederik havde de lutherske kredse nydt en vis beskyttelse. Ved hjælp af bl.a. feltherren Johan Rantzau overtog hans søn magten som Christian 3., og efter Københavns erobring 1536 kunne den nye konge indføre en luthersk kirkeordning.<br>I 1546 kom det til et forlig mellem de to fætre Christian 2. og Christian 3., hvorved Christian 2. opgav ethvert krav på rigerne mod at få indtægterne fra Kalundborg Slot. I 1549 udfriedes Christian 2. fra fangenskabet og sejlede til Assens, hvor han mødtes med Christian 3. Sammen drog de til Kalundborg, hvor Christian 2. fik bolig på slottet. Her døde han 1559.Kongen drømmer	38	1	v12:38 (1844)	medium	located	
dog et gammelt Tegn … Jerusalem	dog et gammelt Tegn … Jerusalem	Hellig-Anders (død 1205) var præst ved Skt. Peders kirke i Slagelse og skal ifølge sagnet under en pilgrimsrejse være blevet bragt hjem af en rytter på få timer, så han kunne vågne op på Hvilehøj uden for Slagelse.	1859	1859	2	Et Stykke Perlesnor	281	1	v2:281 (1859)	medium	located+place-type	
Dom	Dom	domkirke.	1838	1838 1853 1855 1868	2 3 8 9 17	Tre Digtninger	353	5	v9:353 (1838); v2:83 (1853); v17:127 (1855); v3:178 (1868); v8:263 ()	high	head-noun+place-type	
Domkirke	Domkirke	den gotiske katedral Saint-Pierre de Poitiers, grundlagt 1162.	1869	1869	18	Mit Livs Eventyr (inklusive Fortsættelse og Tillæg)	266	1	v18:266 (1869)	high	head-noun+place-type	
Domkirken	Domkirken	kirken El Salvador er påbegyndt i 1300-tallet og fik status af domkirke i 1500-tallet, da Orihuela blev bispedømme. ¶ den gotiske katedral Saint André, grundlagt 1096.	1863	1863 1869	15 18	I Spanien	258	2	v15:258 (1863); v18:266 (1869)	high	head-noun+place-type	
Domkirken … Øiesyn	Domkirken … Øiesyn	domkirken blev påbegyndt 1262, dvs. Cid har ikke kunnet overse byen fra kirkens tårn.	1863	1863	15	I Spanien	245	1	v15:245 (1863)	high	head-noun+place-type	
Domo d’Ossola	Domo d’Ossola	by ved Simplonvejen.	1836	1836	4	O. T.	624	1	v4:624 (1836)	high	head-noun+located+place-type	
Donaus Keiserborg … Hjemmets Lande	Donaus Keiserborg … Hjemmets Lande	slottet Hofburg i Wien, hvor næsten alle europæiske fyrster, herunder Frederik 6., opholdt sig under Wienerkongressen fra 16. september 1814 til 10. juni 1815, med det formål at ordne de territoriale forhold efter Napoleons 1.s fald.			8	(untitled)	16	1	v8:16 ()	high	head-noun+place-type	
Doubfald	Doubfald	vandfald i Doubfloden tæt på Le Locle.	1855	1855	17	Mit Livs Eventyr (inklusive Fortsættelse og Tillæg)	123	1	v17:123 (1855)	high	head-noun+located+place-type	
Doubfaldet	Doubfaldet	vandfald i Doubfloden tæt på Le Locle.	1836	1836	4	O. T.	450	1	v4:450 (1836)	high	head-noun+located+place-type	
Drencova	Drencova	knap 5 km øst for Berzasca, opstået i 1836 i forbindelse med dampskibsfarten; se kort.	1842	1842	14	En Digters Bazar	523	1	v14:523 (1842)	high	in-register+se-kort	geo-678841
Dresden	Dresden	se kort; rummer blandt andet bydelene Neustadt og Altstadt. ¶ se kort. ¶ H.C. Andersen ankommer til Dresden 3. juni.	1831	1831 1842 1855	14 17	Skyggebilleder af en Reise til Harzen, det sachsiske Schweitz etc. etc., i Sommeren 1831	142	4	v14:142 (1831); v14:214 (1842); v14:576 (1842); v17:90 (1855)	high	in-register+se-kort	geo-2935022
Dronningens Palais	Dronningens Palais	slottet fra 1359-1362 på Plaça del Rei var da residens for Isabel 2.	1863	1863	15	I Spanien	230	1	v15:230 (1863)	high	head-noun+located+place-type	
Dyrehavs Bakken	Dyrehavs Bakken	Kirsten Piils kilde i Jægersborg Dyrehave blev i 1700-tallet et valfartssted; omkring det samlede Dyrehavsbakkens forlystelser sig med tiden, og stedet blev en hovedattraktion for københavnerne.	1864	1864	13	Paa Langebrovar tidligst anlagt et stykke nordligere end den nuværende Langebro; den lå i linje med byens vold i sydvest, i forlængelse af den nuværende Langebrogade på Christianshavn, og førte over Kalvebodsstrømmen til Christians Brygge.Langebro	373	1	v13:373 (1864)	medium	located+place-type	
Ecija	Ecija	se kort.	1863	1863	15	I Spanien	369	1	v15:369 (1863)	high	se-kort	
Edgar Collin	Edgar Collin	søn af Gottlieb Collin, Jonas Collins ældste søn; han kom 4. august til München og ledsagede den 8. august H.C. Andersen over Ulm og Stuttgart til det württembergske Badested Wildbad, hvor de opholdt sig 11.-15. Den 15. fortsatte de over Karlsruhe, Freiburg, Schaffhausen, Zürich og Luzern og kom den 20. til Brunnen.	1869	1869	18	Mit Livs Eventyr (inklusive Fortsættelse og Tillæg)	185	1	v18:185 (1869)	medium	located	
Edinburgh	Edinburgh	hovedstaden i Skotland.	1868	1868	15	Et Besøg i Portugal 1866	438	1	v15:438 (1868)	high	head-noun+located+place-type	
Edirne	Adrianopel	Edirne, tyrkisk by nær den bulgarske grænse; se kort.	1842	1842	14	En Digters Bazar	486	1	v14:486 (1842)	high	se-kort+place-type	
een af de mindste Byer	een af de mindste Byer	Fåborg.	1846	1846	16	Mit eget Eventyr uden Digtning	223	1	v16:223 (1846)	high	head-noun+place-type	
eet af … Billeder	eet af … Billeder	Palazzo Barberini bygget til Maffeo Barberini (1568-1644, fra 1623 pave Urban 8.) af arkitekterne Carlo Moderno (1556-1629), Gian Lorenzo Bernini og Francesco Borromini (1599-1667). Paladset huser det nationale galleri for ældre kunst, Galleria Nazionale d’Arte Antica.	1842	1842	14	En Digters Bazar	298	1	v14:298 (1842)	medium	located	
Egede	Egede	den norske præst Hans Egede blev på sin 16 år lange mission til Grønland 1721 fulgt af sin hustru, der døde 1735, kort før Egede i 1736 vendte tilbage.			8	(untitled)	310	1	v8:310 ()	medium	located	
Egerias Grotte	Egerias Grotte	kilde i en lund uden for Porta Capena ved Via Appia Antica lidt syd for Rom; viet til den romerske kildegudinde Egeria.	1835	1835	4	Improvisatoren	66	1	v4:66 (1835)	high	head-noun+located+place-type	
Eggert Christopher Tryde	Provst Tryde	Eggert Christopher Tryde, sognepræst ved Vor Frue Kirke; C.E. Trydes tale er gengivet i Hans Christian Ørsteds Jordefærd, 1851, s. 19-29.	1869	1869	18	Mit Livs Eventyr (inklusive Fortsættelse og Tillæg)	126	1	v18:126 (1869)	medium	located+place-type	
Ehrenbreitstein	Ehrenbreitstein	tysk fæstning ved Rhinen over for Koblenz; se kort. Det oprindelige slot fra 1000-tallet blev genopbygget i 1816-1832 til en af Europas stærkeste fæstninger.	1842	1842	14	En Digters Bazar	548	1	v14:548 (1842)	high	se-kort+located+place-type	
Eideren	Eideren(s)	grænsefloden mellem Slesvig og Holsten.	1857	1857	6	»At være eller ikke være«	173	1	v6:173 (1857)	high	head-noun+located+place-type	
Eiderstedt	Eiderstedt	halvø i Vadehavet nord for byen Husum i Slesvig.	1849	1849	5	De to Baronesser	433	1	v5:433 (1849)	high	head-noun+located+place-type	
Eiger	Eiger	bjergtop på 3975 m i Finsteraarhorngruppen.	1862	1862	2	Iisjomfruen	398	1	v2:398 (1862)	medium	located	
Einsiedeln	Einsiedeln	kloster og valfartssted i en sidedal i kanton Schwyz, godt 30 km fra Brunnen, hvortil H.C. Andersen kom 14. juli.	1869	1869	18	Mit Livs Eventyr (inklusive Fortsættelse og Tillæg)	240	1	v18:240 (1869)	high	head-noun+place-type	
Eisleben	Eisleben	se kort.	1831	1831	14	Skyggebilleder af en Reise til Harzen, det sachsiske Schweitz etc. etc., i Sommeren 1831	128	1	v14:128 (1831)	high	se-kort	
El Escorial	Escorial	El Escorial, landsby 42 km uden for Madrid (se kort), hvor Filip 2. lod bygge et palads og kloster, San Lorenzo del Escorial 1563-1567, der samtidig skulle fungere som kongelig begravelsesplads.	1863	1863	15	I Spanien	384	1	v15:384 (1863)	high	se-kort+located+place-type	
Elben	Elben	1165 km lang flod. Udspringer i Riesengebirge i Tjekkiet og løber ud i Nordsøen nordvest for Hamburg; se kort.	1831	1831	14	Skyggebilleder af en Reise til Harzen, det sachsiske Schweitz etc. etc., i Sommeren 1831	140	1	v14:140 (1831)	high	in-register+se-kort+place-type	geo-6553378
Elbingerode	Elbingerode	se kort.	1831	1831	14	Skyggebilleder af en Reise til Harzen, det sachsiske Schweitz etc. etc., i Sommeren 1831	112	1	v14:112 (1831)	high	in-register+se-kort	geo-2931245
Elche	Elche	byen passeredes den 23. september på veje til Murcia, hvor de blev til den 26.	1869	1869	18	Mit Livs Eventyr (inklusive Fortsættelse og Tillæg)	254	1	v18:254 (1869)	high	head-noun+place-type	
Elche Murcia	Elche (til) Murcia	se kort.	1863	1863	15	I Spanien	256	1	v15:256 (1863)	high	se-kort	
Elefsina	Eleusis	Elefsina, i oldtiden helligsted, centrum for de eleusinske mysterier (dyrkelsen af kornets gudinde Demeter), der gik tilbage til o.1500 f.Kr. og først blev nedlagt af den romerske kejser Theodosius 1. den Store (347-395, kejser fra 379) ca. 392 e.Kr.; se kort.	1842	1842	14	En Digters Bazar	399	1	v14:399 (1842)	high	se-kort	
Elfkarleby Fald	Elfkarleby Fald	Dalälvens nederste og største vandfald ved Älvkarleby (se kort 2), nu vandkraftværk.	1851	1851	15	I Sverrig	117	1	v15:117 (1851)	high	se-kort+located+place-type	
Ellora	Ellora	by i Indien, der er kendt for et kompleks af 34 templer, der er udhugget i klipperne i byens omegn.	1851	1851	15	I Sverrig	26	1	v15:26 (1851)	high	head-noun+located+place-type	
Elvedgaard	Elvedgaard	hovedgård nordvest for Odense.	1830	1830	1 7	Dödningen	52	2	v1:52 (1830); v7:143 (1830)	high	head-noun+located+place-type	
Emilies Kilde	Emilies Kilde	kilde ved Strandvejen syd for Klampenborg med mindesmærke over Emilie Schimmelmann, rejst 1780 af hendes mand, H.E. Schimmelmann; beskrevet af Pram i digtet Emilias Kilde, 1782.	1832	1832	7	Vignetter til danske Digtere	327	1	v7:327 (1832)	high	head-noun+located+place-type	
Ems	Ems	kurbyen Bad Ems nær ved Koblenz.			8	(untitled)	184	1	v8:184 ()	high	head-noun+place-type	
en By	en By	Ermoupoli (Ermupoli); se kort.	1842	1842	14	En Digters Bazar	378	1	v14:378 (1842)	high	se-kort	
en Critiker … Fortællingen	en Critiker … Fortællingen	H.C. Andersen hentyder øjensynligt til C. Rosenbergs anmeldelse af Nye Eventyr og Historier. Fjerde Samling, trykt i Dansk Maanedsskrift, 1. bind, 1860, s. 419-421.	1868	1868	3	Bemærkninger	385	1	v3:385 (1868)	medium	located	
en gammel Herregaard	en gammel Herregaard	Nakkebølle. Hovedgård beliggende 7 km øst for Faaborg.	1832	1832	16	Levnedsbog	164	1	v16:164 (1832)	medium	located+place-type	
en gammel Præst	en gammel Præst	formodentlig Niels Studsgaard Fuglsang, sognepræst ved St. Mikkels Kirke.	1846	1846	16	Mit eget Eventyr uden Digtning	212	1	v16:212 (1846)	medium	located+place-type	
en græsk Kirke	en græsk Kirke	domkirken Mitrópolis opført 1842-1862.	1842	1842	14	En Digters Bazar	386	1	v14:386 (1842)	high	head-noun+place-type	
En Hr Boas	En Hr Boas	forfatteren Eduard Boas havde 1843 på vej fra Norge besøgt København, hvor H.P. Holst tog sig af ham. Sine rejseindtryk samlede han i bogen In Scandinavien. Nordlichter, 1845, der afsluttes med en artikel »Die dänische Poesie der Gegenwart«, tidligere trykt i tidsskriftet Die Grenzboten. H.C. Andersen omtales s. 314-321. If. Boas er af danske digtere kun Oehlenschläger og Andersen kendt i Tyskland; imidlertid er der andre, der vurderes betydeligt højere i Danmark. Boas genfortæller derpå H.C. Andersens biografi (efter Jenssen), roser eventyrene, men kritiserer romanerne (navnlig Kun en Spillemand) og En Digters Bazar, især fordi H.C. Andersen her stadig stiller sit eget jeg i forgrunden. Forfængelighed går som en rød tråd gennem alle hans værker, »und eitel ist Andersen über die Maaßen. Das Lob gehört ihm zur Lebesluft, jeder Tadel verletzt ihn schneidend (...) Er kennt alle die kleinen Toilettenkünste der Literatur, macht sich den theatralischen Apparat gehörig zu Nutz, und weiß sogar mit seiner romantischen Lebensgeschichte zu kokettieren« (s. 319-320).	1846	1846	16	Mit eget Eventyr uden Digtning	277	1	v16:277 (1846)	medium	located+place-type	
En Kirke … Piazza navona	En Kirke … Piazza navona	kirken på Piazza Navona er Sant’ Agnese in Agone, der formodentlig er bygget i 700-tallet og ombygget i 1672.	1842	1842	14	En Digters Bazar	318	1	v14:318 (1842)	high	head-noun+located+place-type	
en lille Sum	en lille Sum	if. manuskriptet til Mit Livs Eventyr 200 rigsdaler, tjent på Fuglen i Pæretræet.	1846	1846	16	Mit eget Eventyr uden Digtning	270	1	v16:270 (1846)	medium	located	
en lykkelig Moder	en lykkelig Moder	Riborg fik ni børn. ¶ Riborg fik i alt ni børn.	1846	1846 1855	16 17	Mit eget Eventyr uden Digtning	224	2	v16:224 (1846); v17:87 (1855)	high	head-noun+place-type	
en Præst	en Præst	muligvis sognepræst i Osted, Gustav Ludvig Schiern.	1832	1832	16	Levnedsbog	128	1	v16:128 (1832)	medium	located	
en Roman	en Roman	Slottet ved Rhinen, 1845. I romanen optræder den forfængelige digter Eginhard, der ender som sindssyg. Figuren er et ætsende portræt af H.C. Andersen, der da også følte sig ramt.	1846	1846	16	Mit eget Eventyr uden Digtning	238	1	v16:238 (1846)	high	head-noun+located+place-type	
en slank Søile	en slank Søile	selve søjlen stammer fra Caracallas termer i Rom, statuen af retfærdighedsgudinden fra 1581 er af Francesco del Tadda.	1862	1862	3	Metalsvinet	24	1	v3:24 (1862)	medium	located	
Erindrer De	Erindrer De	»Erindrer De? Det var i Kongens Have«, sang fra J.L. Heibergs vaudeville Nei, 1836, med melodi af H. Rung.			8	(untitled)	183	1	v8:183 ()	medium	located	
Erzgebirge	Erzgebirge	bjergkæde på grænsen mellem Tyskland og Tjekkiet.	1831	1831	14	Skyggebilleder af en Reise til Harzen, det sachsiske Schweitz etc. etc., i Sommeren 1831	155	1	v14:155 (1831)	high	head-noun+located+place-type	
Escorial	Escurial(s)	Escorial, by ca. 50 km nordvest for Madrid med et storslået slots- og klosteranlæg, bygget 1563-1584 for Filip 2.	1836	1836	11	Skilles og mødes	177	1	v11:177 (1836)	medium	located+place-type	
Estrella	Estrella	se kort.	1868	1868	15	Et Besøg i Portugal 1866	461	1	v15:461 (1868)	high	se-kort	
et Akropolis	et Akropolis	borg i de oldgræske byer, ofte placeret på et højdedrag.	1868	1868	15	Et Besøg i Portugal 1866	445	1	v15:445 (1868)	high	head-noun+place-type	
Et herligt Slot	Et herligt Slot	Frederiksborg Slot i Nordsjælland, påbegyndt under Frederik 2. i 1560, men størstedelen af slottet blev opført under Christian 4. fra starten af 1600-tallet, på samme sted i slotssøen, hvor den middelalderlige herregård Hillerødsholm tidligere havde ligget.			8	(untitled)	323	1	v8:323 ()	high	head-noun+located+place-type	
et Slot i Østerige	et Slot i Østerige	tekst og melodi til folkevisen »Der ligger et slot i Østerrig« findes i Rasmus Nyerups Udvalg af danske Viser fra Midten af det 16. Aarh. til henimod Midten af det 18., bind I-II, 1821.	1857	1857	6	»At være eller ikke være«	102	1	v6:102 (1857)	medium	located+place-type	
Etna	Ætna	Etna, vulkan på Sicilien; se kort. ¶ Etna; vulkan på Sicilien.	1842	1842 1855	14 17	En Digters Bazar	228	2	v14:228 (1842); v17:216 (1855)	high	se-kort+head-noun+located+place-type	
Ettersburg	Ettersburg	jagtslottet Schloß Ettersburg i Thüringerwald nordvest for Weimar.	1855	1855	17	Mit Livs Eventyr (inklusive Fortsættelse og Tillæg)	278	1	v17:278 (1855)	high	head-noun+place-type	
Euphrat	Euphrat	floden Eufrat udsprang if. 1. Mosebog 2, 1014 i Edens have, som Adam og Eva efter syndefaldet blev uddrevet af (1. Mosebog 3,16-24); jf. evt. også 2. Krønikebog 35,20-25. ¶ flod i det nuværende Irak, som det vidtstrakte osmanniske rige også omfattede.	1842	1842	12 14	En Digters Bazar	482	2	v14:482 (1842); v12:270 ()	high	head-noun+place-type	
Evia	Euboea(s)	Evia, se note til s. 311.	1842	1842	14	En Digters Bazar	421	1	v14:421 (1842)	high	in-register	
Evrotas	Eurotas	Evrotas, flod; se kort; også navnet på Lakedaimons forgænger.	1842	1842	14	En Digters Bazar	376	1	v14:376 (1842)	high	se-kort	
Eyemouth	Eymouth	Eyemouth, fiskerhavn på Skotlands østkyst.	1832	1832	10	Bruden fra Lammermoor	175	1	v10:175 (1832)	medium	located+place-type	
F.L.B. Zeuthen	Zeuthen	F.L.B. Zeuthen, sognepræst i Sorø 1849-1860.	1869	1869	18	Mit Livs Eventyr (inklusive Fortsættelse og Tillæg)	250	1	v18:250 (1869)	medium	located	
FabrikenFabrikken	FabrikenFabrikken	Silkeborg Papirfabrik.	1857	1857	6	»At være eller ikke være«	39	1	v6:39 (1857)	high	head-noun+place-type	
Fahlun	Fahlun(s)	by i Dalarne, Sverige.	1850	1850	1	Fugl Phønixifølge græsk mytologi en fugl, som efter en vis tid brænder sig selv op, men derpå genopstår af sin egen aske.Fugl Phønix	488	1	v1:488 (1850)	high	head-noun+located+place-type	
Fahlun … dansk Udgave	Fahlun … dansk Udgave	by i Dalarne, Sverige, hvor Fodreise blev udgivet 1841 af P.A. Huldbergs Forlag i samlingen »Danske Klassiker«.	1855	1855	17	Mit Livs Eventyr (inklusive Fortsættelse og Tillæg)	80	1	v17:80 (1855)	high	head-noun+located+place-type	
Fallerslebertor	Falleberthor	Fallerslebertor, byport (nu nedlagt) og bro over Okerfloden i Braunschweig.	1831	1831	14	Skyggebilleder af en Reise til Harzen, det sachsiske Schweitz etc. etc., i Sommeren 1831	92	1	v14:92 (1831)	high	in-register+place-type	
Falun	Fahlun(s) | Fahlun	Falun; se kort 1-2.	1851	1851	15	I Sverrig	22	2	v15:22 (1851); v15:108 (1851)	high	se-kort	
Familien	Familien	Borreby ejedes af cand.jur. Adolph Frederik Holten Castenschiold, gift med en datter af den unge H.C. Andersens velgører, notarius publicus, etatsraad G.H. Olsen.	1869	1869	18	Mit Livs Eventyr (inklusive Fortsættelse og Tillæg)	224	1	v18:224 (1869)	high	head-noun+place-type	
Ferrara	Ferrara	by på Posletten.	1835	1835	4	Improvisatoren	335	1	v4:335 (1835)	high	head-noun+located+place-type	
Fest for »Madonna del Arco«	Fest for »Madonna del Arco«	jf. Dagbogen 1. juni 1846; madonnabilledet står i en bue på en bro på Monte Virginie ved Napoli. August Bournonville var på sin udenlandsrejse i 1841 i Napoli og skildrede sine indtryk af festen for Madonna del àrco i Mit Theaterliv, 1848, s. 160-162; over disse indtryk komponerede han 3. akt af balletten Napoli, der opførtes 1. gang på Det Kgl. Teater 29. marts 1842. H.C. Andersen var 29. maj 1846 vendt tilbage til Napoli.	1855	1855	17	Mit Livs Eventyr (inklusive Fortsættelse og Tillæg)	332	1	v17:332 (1855)	medium	located+place-type	
Fezzan	Fezzan(s)	provins i Libyen.	1840	1840	9	Billedbog uden Billederjf. den tyske komponist Felix Mendelssohn-Bartholdys (1809-1847) klaverstykker <i>Lieder ohne Worte</i>, 1829-1845 (sange uden ord).Billedbog uden Billeder	387	1	v9:387 (1840)	high	head-noun+located+place-type	
Figueras	Figueras	se kort.	1863	1863	15	I Spanien	223	1	v15:223 (1863)	high	se-kort	
Finderup	Finnerup	Finderup; by sydvest for Viborg.	1833	1833	7	Aarets tolv Maaneder, Tegnede med Blæk og Pen	429	1	v7:429 (1833)	high	head-noun+located+place-type	
Firenze	Florents	Firenze; se kort.	1870	1870	15	Breve fra og til Hans Christian Ørsted, 2. Samling	491	1	v15:491 (1870)	high	se-kort	
Fiskeren	Fiskeren	de to historier om fiskeren og ånden findes i Tusind og én nat.	1829	1829	9	Fodreise fra Holmens Canal til Østpynten af Amager i Aarene 1828 og 1829	220	1	v9:220 (1829)	medium	located	
Fjaltring	Fjaltring	landsby syd for Bovbjerg.	1860	1860	2	En Historie fra Klitterne	311	1	v2:311 (1860)	high	head-noun+located+place-type	
Flensborg … godt klædt	Flensborg … godt klædt	den sønderjyske købstad, som dengang var dansk, og hvis indbyggere i hovedsagen var dansksindede op til 1848, var kommet godt på fode efter krigen 1807-1814; efter 1848 gik det tilbage for byen.	1842	1842	11	Fuglen i Pæretræet	550	1	v11:550 (1842)	high	head-noun+place-type	
Flodnymphen Donau og Flodguden Main	Flodnymphen Donau og Flodguden Main	kanalen blev indviet 1846 i Erlangen (se kort) foran dette monument, der forestiller de personificerede floder, der rækker hinanden hånden. Det er tegnet af Klenze og udført af Schwanthaler.	1842	1842	14	En Digters Bazar	246	1	v14:246 (1842)	high	se-kort+head-noun+located+place-type	
Florentin	Florentin	se kort.	1842	1842	14	En Digters Bazar	519	1	v14:519 (1842)	high	in-register+se-kort	geo-731593
Florents	Florents	tysk for Firenze; se kort.	1861	1861	15	Dagbladet	215	1	v15:215 (1861)	high	se-kort	
Flugten satte … Thorvaldsen’s Konstværker	Flugten satte … Thorvaldsen’s Konstværker	Bellona havde i 1835 været på togt til Middelhavet og bl.a. hjembragt en række af Thorvaldsens værker; dog er der ikke, som H.C. Andersens anfører, tale om »den første Ladning« af Thorvaldsens værker, flådens skibe havde allerede siden 1825 bragt flere af Thorvaldsens værker til København.			8	(untitled)	29	1	v8:29 ()	medium	located+place-type	
Fluvia	Fluvia	se kort.	1863	1863	15	I Spanien	224	1	v15:224 (1863)	high	se-kort	
Fokaia	ny Phocea	Fokaia; se kort; jonisk (oldgræsk folk i centrale Lilleasien, nuværende Tyrkiet) bystat, hvis indbyggere bl.a. skabte kolonien Massalia (senere Marseille) ca. 600 f.Kr.	1842	1842	14	En Digters Bazar	444	1	v14:444 (1842)	high	se-kort	
Foligno	Foligno	den mellemitalienske by Foligno (Fuligno).	1855	1855	17	Mit Livs Eventyr (inklusive Fortsættelse og Tillæg)	134	1	v17:134 (1855)	high	head-noun+place-type	
Fondi	Fondi	mindre by syd for Terracina. ¶ se kort.	1835	1835 1842	4 14	Improvisatoren	206	2	v4:206 (1835); v14:340 (1842)	high	in-register+head-noun+located+place-type+se-kort	geo-3176843
forhen stod	forhen stod	Gråbrødre Kirke blev nedrevet 1817-1819.	1829	1829	14	Brudstykke af en Udflugt i Sommeren 1829	58	1	v14:58 (1829)	high	head-noun+place-type	
Forli	Forli	se kort.	1842	1842	14	En Digters Bazar	293	1	v14:293 (1842)	high	se-kort	
Forum	Forum	torv, her måske: mødeplads. ¶ (latin) torv, forsamlingsplads.	1842	1842	14	En Digters Bazar	285	2	v14:285 (1842); v14:520 (1842)	high	head-noun+place-type	
Fos	Fos(sens)	vandfald.	1822	1822	9	Ungdoms-Forsøg	80	1	v9:80 (1822)	high	head-noun+place-type	
Frankrig	Frankrig	England havde en hovedmodstander i Frankrig; Ludvig 14.s ønsker vedr. magtfordelingen i Europa førte til bl.a. Den Pfalziske Arvefølgekrig (1688-1697) og Den Spanske Arvefølgekrig (1701-1714), hvor en række europæiske stater, bl.a. England og Holland, gik sammen mod Frankrig.	1832	1832	10	Bruden fra Lammermoor	175	1	v10:175 (1832)	medium	located	
franske Academie	franske Academie	siden 1803 havde det franske akademi i Rom til huse i Villa Medici, et palads, der blev bygget ca. 1450 og senere købt af Medicifamilien.	1842	1842	14	En Digters Bazar	297	1	v14:297 (1842)	medium	located+place-type	
Frascati	Frascati	by 21 km sydøst for Rom.	1855	1855	17	Mit Livs Eventyr (inklusive Fortsættelse og Tillæg)	137	1	v17:137 (1855)	high	head-noun+located+place-type	
Fraskati	Fraskati	by tæt ved Tusculum.	1835	1835	4	Improvisatoren	189	1	v4:189 (1835)	high	head-noun+located+place-type	
Fredensborg	Fredensborg	Fredensborg Slot eller by. ¶ Fredensborg Slotskirke. ¶ kongeligt residensslot opført af Frederik 4. (1671-1736, konge fra 1699) i 1720-1726 og udbygget i flere omgange frem til 1770’erne.	1826	1826 1860	8 9 14	Nyeste Skilderie af Kjøbenhavn	48	3	v14:48 (1826); v9:459 (1860); v8:453 ()	high	in-register+head-noun+place-type	geo-2621956
Fredericia	Fredericia	den første danske by, hvortil indvandrede jøder fik adgang (fra 1600-tallet). ¶ slesvigholstenerne indesluttede byen efter slaget ved Kolding, mens rigstropperne forfulgte general Olaf Rye nordpå.	1837	1837 1857	5 6	Kun en Spillemand	31	2	v5:31 (1837); v6:198 (1857)	high	head-noun+place-type+located	
Frederik Ferdinand Biering	Præsten	Frederik Ferdinand Biering, siden 1848 sognepræst i Svindinge.	1869	1869	18	Mit Livs Eventyr (inklusive Fortsættelse og Tillæg)	131	1	v18:131 (1869)	medium	located	
Frederiksborg	Frederiksborg	slot ved Hillerød i Nordsjælland. Dets ældste del er opført i 1560 af Frederik 2. (1534-1588, konge fra 1559), men hovedparten er bygget 1600-1620 under Christian 4 (1577-1648, konge fra 1588).	1826	1826	14	Nyeste Skilderie af Kjøbenhavn	48	1	v14:48 (1826)	high	head-noun+located+place-type	
Frederiksborg Slot	Frederiksborg | Frederiksborg Slot	Frederiksborg Slot, tidligere konge- og jagtslot ved Hillerød nord for København; erhvervet af Frederik 2. (1534-1588; konge fra 1559), 1602-1625 lod Christian 4. de gamle bygninger nedrive og det nuværende slot opføre. ¶ Frederiksborg Slot brændte natten mellem den 16. og 17. december 1859.	1829	1829 1869	9 18	Fodreise fra Holmens Canal til Østpynten af Amager i Aarene 1828 og 1829	182	2	v9:182 (1829); v18:223 (1869)	high	head-noun+located+place-type+in-register	geo-2621938
Frederikshavn	Fladstrand	Frederikshavn, hvor H.C. Andersen opholdt sig 11.-16. august.	1869	1869	18	Mit Livs Eventyr (inklusive Fortsættelse og Tillæg)	217	1	v18:217 (1869)	high	head-noun+place-type	
Frederikssteens Fæstning	Frederikssteens Fæstning	fæstningen i Frederikshald (nu Halden, Norge).	1836	1836	4	O. T.	520	1	v4:520 (1836)	high	head-noun+located+place-type	
Frederikssteens … Fæstning	Frederikssteens … Fæstning	fæstningen i Frederikshald (nu Halden, Norge), hvor Karl 12. faldt 1718.	1836	1836	4	O. T.	391	1	v4:391 (1836)	high	head-noun+located+place-type	
Freiburg	Freiburg	Freibourg eller Fribourg, by i det vestlige Schweiz ved floden Saane; se kort.	1861	1861	15	Illustreret Tidende	209	1	v15:209 (1861)	high	se-kort+place-type	
fri Adgang	fri Adgang	det er usandsynligt, at H.C. Andersen skulle have fået fri adgang til Det Kgl. Teater før sin første opførelse, dvs. af Kjærlighed paa Nicolai Taarn, som havde premiere 25. april 1829.	1855	1855	17	Mit Livs Eventyr (inklusive Fortsættelse og Tillæg)	80	1	v17:80 (1855)	medium	located	
Friedrich August Leo	Dr. Leo	Friedrich August Leo, uddannet boghandler, havde en tid stået i lære i Andreas Frederik Høsts boghandel i København og været i huset hos Mendel Levin Nathanson; fra sin tid i København kendte han bl.a. H.C. Andersen og Henrik Hertz, hvis skuespil Kong René’s Datter, 1845, han 1846 havde udgivet i en tysk oversættelse. Da H.C. Andersen 1849 traf ham i Stockholm, var han redaktør af Carl B. Lorcks tidsskrift Nordischer Telegraph.	1869	1869	18	Mit Livs Eventyr (inklusive Fortsættelse og Tillæg)	86	1	v18:86 (1869)	medium	located	
Frijsenborg	Frijsenborg	hovedgård og gods ved Hammel, nordvest for Århus. ¶ hovedgård 2 km nordøst for Hammel ejet af konseilspræsident, lensgreve C.E. Krag-Juel-Vind-Frijs. H.C. Andersen opholdt sig her 12.-30. juni og igen 8.-15. juli.	1868	1868 1869	3 18	Bemærkninger	389	2	v3:389 (1868); v18:282 (1869)	high	head-noun+located+place-type	
Frue Kirke	Frue Kirke	Vor Frue Kirke i Odense.	1832	1832	16	Levnedsbog	64	1	v16:64 (1832)	medium	located+place-type	
Frøkenklosteret	Frøkenklosteret	Odense Adelige Jomfrukloster (Karen Brahes Kloster).	1836	1836	4	O. T.	587	1	v4:587 (1836)	high	head-noun+place-type	
fuldendt før Kirken	fuldendt før Kirken	den nuværende Peterskirke blev opført 1506-1626.	1835	1835	4	Improvisatoren	181	1	v4:181 (1835)	high	head-noun+place-type	
Fusina	Fusina	kystby på fastlandet vest for Venezia.	1835	1835 1855	4 17	Improvisatoren	346	2	v4:346 (1835); v17:155 (1855)	high	head-noun+located+place-type	
Fyrisaa	Fyrisaa	å, der løber igennem Uppsala og ud i Mälaren.	1851	1851	15	I Sverrig	69	1	v15:69 (1851)	high	head-noun+located+place-type	
Fyrste Graven	Fyrste Graven	storhertug Carl Augusts mausoleum på kirkegården i Weimar, hvor også Storhertuginde Louise, f. prinsesse af Hessen-Darmstadt, Goethe og Schiller er bisat.	1846	1846	16	Mit eget Eventyr uden Digtning	286	1	v16:286 (1846)	medium	located	
Fæstning	Fæstning	København var omgivet af volde med porte indtil 1857.	1849	1849	5	De to Baronesser	445	1	v5:445 (1849)	high	head-noun+place-type	
Fæstningen	Fæstningen	fæstningen på Ada Kaleh blev bygget af østrigerne i slutningen af 1600-tallet, men var på tyrkiske hænder 1738-1878.	1842	1842	14	En Digters Bazar	526	1	v14:526 (1842)	high	head-noun+located+place-type	
Földvár og Erscény	Földvár og Erscény	Dunaföldvár og Ercsi; se kort.	1842	1842	14	En Digters Bazar	550	1	v14:550 (1842)	high	se-kort	
Fødeby – Bogense	Fødeby – Bogense	H.C. Andersens mormor Anne Sørensdatter levede i Bogense fra 1804 til sin død 1825, men hans mor er ikke født der.	1846	1846	16	Mit eget Eventyr uden Digtning	189	1	v16:189 (1846)	medium	located	
første Hovedstad	første Hovedstad	vigtigste hovedstad.	1836	1836	4	O. T.	588	1	v4:588 (1836)	high	head-noun+place-type	
første Plads	første Plads	fornemste plads.	1835	1835	4	Improvisatoren	125	1	v4:125 (1835)	high	head-noun+place-type	
første Stad	første Stad	vigtigste by.	1835	1835	4	Improvisatoren	129	1	v4:129 (1835)	high	head-noun+place-type	
Fündüklu	Fündüklu	eller Fundukli, forstad ca. 4 km nordøst for Pera.	1842	1842	14	En Digters Bazar	490	1	v14:490 (1842)	medium	located+place-type	
Gaardskarlen fra de fem Flasker	Gaardskarlen fra de fem Flasker	i Skuespilleren imod sin Villie optræder personen Dalby i I,2 som »Gaardskarlen fra den forgyldte Hane«.	1840	1840	11	En Comedie i det Grønne	387	1	v11:387 (1840)	medium	located+place-type	
Gailingen	Gailingen	by ca. 8 km øst for Schaffhausen; se kort.	1842	1842	14	En Digters Bazar	240	1	v14:240 (1842)	high	se-kort+head-noun+located+place-type	
Galata	Galata	bydel på højre side af det Gyldne Horn.	1842	1842	14	En Digters Bazar	455	1	v14:455 (1842)	high	in-register+head-noun+place-type	geo-747059
Galati	Galatz	Galati, østrumænsk havneby på Donaus nord-‚ bred; se kort.	1842	1842	14	En Digters Bazar	485	1	v14:485 (1842)	high	se-kort+located+place-type	
Galipoli	Galipoli	Gallipoli (tyrkisk Gelibolu), se kort.	1842	1842	14	En Digters Bazar	451	1	v14:451 (1842)	high	se-kort	
Gallipoli	Gallipoli	den tyrkiske havneby Gelibolu på den europæiske side af Dardanellerne.	1855	1855	17	Mit Livs Eventyr (inklusive Fortsættelse og Tillæg)	219	1	v17:219 (1855)	high	head-noun+place-type	
gamle Gaard	gamle Gaard	Jonas Collins gård (bindingsværksbygning) i Bredgade 4 i København, hvor familien Collin boede fra 1802 til 1838, og hvor Louise Collin således voksede op.			8	(untitled)	35	1	v8:35 ()	medium	located+place-type	
Gammelholm	Gammel Holm	Gammelholm; bydel i København beliggende på det tidligere Bremerholm ud mod Amager.	1832	1832	16	Levnedsbog	84	1	v16:84 (1832)	high	head-noun+located+place-type	
Gammeltorv	Plads … Guldæbler	Gammeltorv, hvor springvandet på de kongelige fødselsdage springer med ‘guldæbler’, dvs. forgyldte kugler, som hviler på springvandets stråler.	1837	1837	5	Kun en Spillemand	111	1	v5:111 (1837)	high	head-noun+place-type	
Ganges	Ganges	hellig flod i Indien.	1833	1833 1837	5 7	Den femte Mai (1821)	442	2	v7:442 (1833); v5:188 (1837)	medium	located+place-type	
Garnisons-Kirken	Garnisons-Kirken	på Sankt Annæ Plads i København, færdigopført 1706.			8	(untitled)	452	1	v8:452 ()	medium	located+place-type	
Garnisonspladsen	Garnisonspladsen	nu Skt. Annæ Plads (ved Garnisonskirken, Den Herre Zebaoths Kirke). Pladsen var planlagt sammen med den øvrige Frederiksstad (omkring Amalienborg) 1750, men blev først beplantet 1852; skildringen må sigte til forholdene kort forinden. ¶ Sankt Annæ Plads i København.	1857	1857	6 8	»At være eller ikke være«	131	2	v6:131 (1857); v8:534 ()	medium	located+place-type	
Gehenna	Gehenna	navn på en klippedal syd for Jerusalem; den betragtedes som et urent sted og de usaliges pinested efter døden. 			12	AhasverusDen evige Jøde, Jerusalems Skomager, skikkelse fra et middelalderligt sagn, ofte behandlet i dansk litteratur på H.C. Andersens tid. If. sagnet slog Ahasverus Jesus, da denne var på vej til korsfæstelsen på Golgathabjerget; derfor må han vandre fredløs om i verden til evig tid uden at kunne dø. En dansk bearbejdelse, 1607, af en tysk folkebog om Ahasverus fra 1602 er gået tabt; en dansk udgave fra 1631 er bevaret. En almuevise om Ahasverus stammer formentlig fra 1700-tallets første del.Ahasverus	316	1	v12:316 ()	medium	located+place-type	
Genfersøen	Genfersøen(s)	Genève søen, Lac Léman.	1868	1868	15	Et Besøg i Portugal 1866	468	1	v15:468 (1868)	high	head-noun+place-type	
Genil	Xenils	Genil, Jenil; flod (og dal, Valle del Genil) i udkanten af Sierra Nevada ved Granada.			8	Digte fra Spanien	342	1	v8:342 ()	high	head-noun+place-type	
Genova	Genua	Genova, italiensk havneby ved Det Liguriske Hav.	1868	1868	15	Et Besøg i Portugal 1866	438	1	v15:438 (1868)	medium	located+place-type	
Genua	Genua	stor handels- og havneby, tidligere selvstændig republik, 1814-1861 del af kongeriget Sardinien; se kort; jf. Dagbøger I, s.191-197.	1870	1870	15	Breve fra og til Hans Christian Ørsted, 2. Samling	490	1	v15:490 (1870)	high	se-kort+place-type	
Genzano di Roma	Genzano	Genzano di Roma, godt 2 km sydøst for Ariccia; se kort.	1842	1842	14	En Digters Bazar	338	1	v14:338 (1842)	high	se-kort	geo-3176203
Gernrode	Gernrode	se kort.	1831	1831	14	Skyggebilleder af en Reise til Harzen, det sachsiske Schweitz etc. etc., i Sommeren 1831	123	1	v14:123 (1831)	high	in-register+se-kort	geo-2920999
Giardino di Boboli	Hertugens Slotshave	Giardino di Boboli, haveanlæg ved Palazzo Pitti.	1842	1842	14	En Digters Bazar	271	1	v14:271 (1842)	medium	located	
Gibraltar	Gibraltar	se kort. H.C. Andersen opholdt sig her 30. oktober-2. november 1862.	1863	1863	15	I Spanien	322	1	v15:322 (1863)	high	se-kort	
Gifhorn	Gifhorn	se kort.	1831	1831	14	Skyggebilleder af en Reise til Harzen, det sachsiske Schweitz etc. etc., i Sommeren 1831	88	1	v14:88 (1831)	high	in-register+se-kort	geo-2920478
gifte sig … een af min Faders Venner	gifte sig … een af min Faders Venner	Anne Marie Andersdatter blev 8. juli 1818 i Sankt Knuds Kirke i Odense viet til Niels Jørgen Gundersen.	1832	1832	16	Levnedsbog	70	1	v16:70 (1832)	medium	located+place-type	
Gisselfeld	Gisselfeldt | Familien Danneskjold paa Gisselfeld	Gisselfeld, hovedgård fra middelalderen 14 km nordøst for Næstved. ¶ Gisselfeld; herregård ved Haslev på Sjælland. ¶ Gisselfeld, hovedgård nordøst for Næstved, testamenteredes 1701 til Gisselfeld Adelige Jomfrukloster; klosterets leder har siden været et medlem af slægten Danneskiold-Samsøe.	1839	1839 1855 1863	3 7 8 17	Sang afsjunget ved Deres kongelige Høiheder Prinds Christians og Prindsesse Caroline Amalies Møde paa Gisselfeldt den 30 August 1839	561	4	v7:561 (1839); v17:233 (1855); v3:372 (1863); v8:31 ()	high	located+place-type+head-noun	
Gisselfeldt	Gisselfeldt	herregård ved Haslev på Sjælland. ¶ hovedgård på Sjælland 14 km nordøst for Haslev.	1846	1846 1849	5 16	Mit eget Eventyr uden Digtning	261	2	v16:261 (1846); v5:444 (1849)	high	head-noun+located+place-type	
Giurgiu	Giurgevo	Giurgiu; se kort.	1842	1842	14	En Digters Bazar	512	1	v14:512 (1842)	high	se-kort	geo-677106
give din Krone til München	give din Krone til München	i årene 1806-1818 blev den frie rigsstad Nürnberg indlemmet i Bayern og dermed underlagt hovedstaden München; se kort.	1842	1842	14	En Digters Bazar	238	1	v14:238 (1842)	high	se-kort	
Gjødvad	Gjødvad	landsby øst for Silkeborg.	1857	1857	6	»At være eller ikke være«	43	1	v6:43 (1857)	high	head-noun+located+place-type	
Glorup	Glorup	hovedgård i Gudme Herred, 13 km syd for Nyborg; ejeren var geheimekonferensråd, grev Gebhard Moltke-Hvitfeldt; H.C. Andersen besøgte gården 1. gang 1839, siden 23 gange.	1846	1846	16	Mit eget Eventyr uden Digtning	245	1	v16:245 (1846)	high	head-noun+located+place-type	
Glorup i Fyen	Glorup i Fyen	hovedgård fra middelalderen syd for Nyborg.	1863	1863	3	Bemærkninger	376	1	v3:376 (1863)	high	head-noun+located+place-type	
Goa	Goa	førende handelsby på Malabarkysten, nu kun ruinby.	1868	1868	15	Et Besøg i Portugal 1866	438	1	v15:438 (1868)	high	head-noun+located+place-type	
Gobulaza	Gobulaza	Golubacz (se kort), fæstning, hvis ældste dele går tilbage til romertiden, jf. Müller bd. 2, s. 186f.	1842	1842	14	En Digters Bazar	542	1	v14:542 (1842)	high	se-kort+place-type	
Goethe … Familien	Goethe … Familien	øjensynligt henvisning til J.W. von Goethes digt »Erlkönig« fra syngespillet Die Fischerin, 1782; selvstændiggjort og optaget i »Vermischte Gedichte«, Goethe’s Schriften, bind 8, 1789.	1875	1875	9	Nær og Fjern	567	1	v9:567 (1875)	medium	located	
Golfo di Catania	Catania-Bugten	Golfo di Catania, ud for byen Catania; se kort.	1842	1842	14	En Digters Bazar	358	1	v14:358 (1842)	high	se-kort	
gothisk gamle	gothisk gamle (Frederiksborg)	fra middelalderen, ærværdige; Frederiksborg Slot i Nordsjælland, hvis nuværende hovedbygning er fra starten af 1600-tallet, er opført på samme sted i slotssøen, hvor den middelalderlige herregård Hillerødsholm tidligere lå.	1839	1839	7	Frederiksborg	548	1	v7:548 (1839)	medium	located+place-type	
Graabrødre Kirke	Kirke og Klostergaard | gammel … Kirke	Graabrødre Kirke, delvis nedrevet i 1828, var oprindelig klosterkirke i det gamle Gråbrødrekloster (ca. 1236-1533). En tofløjet bygning lidt nord for kirken blev på romanens tid i folkemunde kaldt Klostergaarden. ¶ Graabrødre Kirke, nedrevet 1817-1819.	1837	1837 1846	5 16	Kun en Spillemand	44	2	v5:44 (1837); v16:183 (1846)	high	head-noun+place-type	
Graabrødre-Kirke	Graabrødre-Kirke	den forfaldne klosterkirke, som var opført i 1280’erne, og hvis nedrivning påbegyndtes 1805, blev af de spanske hjælpetropper brugt til militært depot og kvarter.	1836	1836	11	Skilles og mødes	173	1	v11:173 (1836)	high	head-noun+place-type	
Granada	Granada	se kort.	1863	1863	15	I Spanien	256	1	v15:256 (1863)	high	se-kort	
Greenwich	Greenwich	bydel i London; en kongelig residens i Greenwich er omtalt, mens Edvard 1. (konge 1272-1307) regerede. Henrik 5. (konge 1413-1422) opførte her slottet Bella Court, som bestod under skiftende navne og var genstand for ombygninger og, bl.a. under Elisabeth 1., for udvidelser. Elisabeth holdt hof her.	1774	1774	11	Festen paa Kenilworthengelsk by sydøst for Birmingham med ruiner af Kenilworth Slot.Kenilworth	47	1	v11:47 (1774)	high	head-noun+located+place-type	
grelle Billeder	grelle Billeder	kirken blev i slutningen af 1500-tallet udsmykket med fresker med martyrers lidelser af Niccol  Ciragnani Pomarancio (1500-tallet) og Antonio Tempesta (1555-1630).	1842	1842	14	En Digters Bazar	315	1	v14:315 (1842)	high	head-noun+place-type	
Grindelwald	Grindelwald	bjergtop sydvest for Interlaken.			2	(untitled)	391	1	v2:391 ()	medium	located	
Grotterne	Grotterne	under vandfaldet er to grotter, Grotta di Nettuno og Grotta delle Sirene.	1842	1842	14	En Digters Bazar	321	1	v14:321 (1842)	high	in-register	place-000073
Großenhain	Grosenhain	Großenhain; se kort.	1831	1831	14	Skyggebilleder af en Reise til Harzen, det sachsiske Schweitz etc. etc., i Sommeren 1831	171	1	v14:171 (1831)	high	se-kort	geo-2916630
Grund	Grund	(tysk) dal.	1831	1831	14	Skyggebilleder af en Reise til Harzen, det sachsiske Schweitz etc. etc., i Sommeren 1831	150	1	v14:150 (1831)	high	head-noun+place-type	
Grönne Gade	Grönne Gade	Store Grønnegade {D5-D6} eller Lille Grønnegade (efter 1795: Ny Adelgade {E6}), gader i det indre København, som Bertel Thorvaldsen begge har boet i.	1840	1840	9	Billedbog uden Billederjf. den tyske komponist Felix Mendelssohn-Bartholdys (1809-1847) klaverstykker <i>Lieder ohne Worte</i>, 1829-1845 (sange uden ord).Billedbog uden Billeder	391	1	v9:391 (1840)	high	head-noun+place-type	
Guadalaviar	Guadalaviar(s)	også kaldet Turia; flod, der munder ud i Middelhavet ved Valencia.	1863	1863	15	I Spanien	246	1	v15:246 (1863)	medium	located+place-type	
Guadalmedina	Guadalmedina(s)	flod, der løber igennem og udmunder i Málaga.	1863	1863	15	I Spanien	323	1	v15:323 (1863)	high	head-noun+place-type	
Guadalmedina-Floden	Guadalmedina-Floden	floden løber igennem den østlige del af byens centrum.	1863	1863	15	I Spanien	279	1	v15:279 (1863)	high	head-noun+place-type	
Guadalquivir	Guadalquivir	flod, der udspringer nord for Sierra Nevada og løber forbi Cordóba, Sevilla og dernæst ud i Cádiz-golfen, nord for byen Cádiz.	1863	1863	15	I Spanien	353	1	v15:353 (1863)	high	head-noun+located+place-type	
guldførende Darro	guldførende Darro	floden løber fra øst igennem Granada og har været guldholdig, jf. Hackländer 2 s. 252 »ihren goldführenden Sand«.	1863	1863	15	I Spanien	292	1	v15:292 (1863)	high	head-noun+located+place-type	
Guldkroken	Guldkroken	ældre navn på egnen omkring byen Hjo (se kort 2) på vestsiden af Vättern.	1851	1851	15	I Sverrig	37	1	v15:37 (1851)	high	se-kort+place-type	
Gurre	Gurre	kongeligt jagtslot ved Gurre Sø i Nordsjælland.			8	(untitled)	44	1	v8:44 ()	medium	located+place-type	
Gävle	Gefle	Gävle; se kort 1 og 2.	1851	1851	15	I Sverrig	118	1	v15:118 (1851)	high	se-kort	
Haarlem	Haarlem	by i Holland.	1849	1849	5	De to Baronesser	421	1	v5:421 (1849)	high	head-noun+located+place-type	
Haarlemmer	Haarlemmer(-Tulipaner)	fra Haarlem, by i Holland.	1829	1829	9	Fodreise fra Holmens Canal til Østpynten af Amager i Aarene 1828 og 1829	239	1	v9:239 (1829)	medium	located+place-type	
Haase	Haase	Karl August von Hase, professor i kirkehistorie i Jena.	1846	1846	16	Mit eget Eventyr uden Digtning	313	1	v16:313 (1846)	medium	located	
Hakon Jarl	Hakon Jarl	Oehlenschläger »Hakon Jarl hin Rige. Et Sørgespil« fra Nordiske Digte, 1807.	1833	1833	7	Aarets tolv Maaneder, Tegnede med Blæk og Pen	401	1	v7:401 (1833)	medium	located	
Hakons Død	Hakons Død	jf. Oehlenschlägers »Hakon Jarl hin Rige. Et Sørgespil« fra Nordiske Digte, 1807.			7	Til den babyloniske Taarnbygger i Miniature	171	1	v7:171 ()	medium	located	
Hald … Indsøe	Hald … Indsøe	i dag navnet på en herregård beliggende sydvest for Viborg. Navnet har dog gennem tiden været knyttet til en række gårde og en borg, der alle har været beliggende i nærheden af den nuværende herregård. Muligvis gjaldt H.C. Andersens besøg det såkaldt tredje Hald – resterne af en bispeborg, der blev opført i 1528 – ved Hald Sø.	1832	1832	16	Levnedsbog	159	1	v16:159 (1832)	medium	located+place-type	
Halland	Halland(s)	landskab i det vestlige Sydsverige langs Kattegatkysten mellem Skåne og Göteborg.	1851	1851	15	I Sverrig	13	1	v15:13 (1851)	high	head-noun+place-type	
Halle	Halle	se kort. ¶ hal.	1831	1831 1863	14 15	Skyggebilleder af en Reise til Harzen, det sachsiske Schweitz etc. etc., i Sommeren 1831	131	2	v14:131 (1831); v15:286 (1863)	high	in-register+se-kort	geo-2911522
Hallein	Halleins Saltværk	Hallein, by syd for Salzburg, hvis saltværk H.C. Andersen besøgte 3. juni 1831.	1869	1869	18	Mit Livs Eventyr (inklusive Fortsættelse og Tillæg)	93	1	v18:93 (1869)	medium	located+place-type	
Hallein … Saltkogeriet	Hallein … Saltkogeriet	by i Østrig med saltmine, hvorigennem besøgende kunne gå og rutsche ad meget stejle gange til bjergets fod.	1851	1851	15	I Sverrig	124	1	v15:124 (1851)	high	head-noun+located+place-type	
Hallein … Saltværket	Hallein … Saltværket	by 15 km syd for Salzburg; H.C. Andersen besøgte saltværket 3. juni.	1855	1855	17	Mit Livs Eventyr (inklusive Fortsættelse og Tillæg)	162	1	v17:162 (1855)	high	head-noun+located+place-type	
Halliger	Halliger	øer med marskland ved Slesvigs vestkyst.	1855	1855	17	Mit Livs Eventyr (inklusive Fortsættelse og Tillæg)	287	1	v17:287 (1855)	high	head-noun+located+place-type	
Halligerne	Halligerne	ti ganske flade øer med marskland ved Slesvigs vestkyst. ¶ øgruppe på ti uindigede småøer i det Nordfrisiske Vadehav ved Slesvig-Holstens vestkyst.	1846	1846 1849	5 16	Mit eget Eventyr uden Digtning	290	2	v16:290 (1846); v5:355 (1849)	high	located+place-type+head-noun	
Hamborg	Hamborg	se kort.	1842	1842	14	En Digters Bazar	221	2	v14:221 (1842); v14:576 (1842)	high	se-kort	
Hamilton	Hamilton	byen Hamilton i Skotland (sydvest for Glasgow), hvorfra David Livingstone oprindelig kom, og hvor en stor del af hans familie var bosat.	1872	1872	9	Berlingske politiske og Avertissements-Tidende	555	1	v9:555 (1872)	high	head-noun+place-type	
Hamlets Grav	Hamlets Grav	Marienlyst Slot lidt nord for Helsingør skulle efter dronning Juliane Maries død 1796 have været hofslot; i den anledning anlagdes nær slottet en romantisk have, »Hamlets have«, med bl.a. en gravhøj, der kaldtes »Hamlets grav«. Slottet kom dog ikke til at huse hoffet.	1836	1836	11	Skilles og mødes	200	1	v11:200 (1836)	medium	located+place-type	
»Han slumred’derinde«	»Han slumred’derinde«	»Han slumred derinde, han slumred saa sødt« fra Anden Handling af Adam Oehlenschlägers syngestykke Faruk med musik af C.E.F. Weyse, opført første gang på Det Kgl. Teater i 1812.	1829	1829	9	Kjøbenhavns-Posten	474	1	v9:474 (1829)	medium	located	
Hannoveransk	Hannoveransk (Side)	dvs. sydvestlig el. niedersachsisk; se kort.	1842	1842	14	En Digters Bazar	224	1	v14:224 (1842)	high	se-kort	
hans Huus … spansk	hans Huus … spansk	Jonas Collins bindingsværksbygning i Bredgade 4 i København, hvor familien Collin boede fra 1802 til 1838, skulle øjensynligt tidligere have været en spansk ministers landsted.			8	(untitled)	143	1	v8:143 ()	medium	located+place-type	
Harburg	Haarburg	Harburg; se kort.	1842	1842	14	En Digters Bazar	230	1	v14:230 (1842)	high	se-kort	geo-2910685
Hartmanns Sørgemarsch … Thorvaldsens Jordefærd	Hartmanns Sørgemarsch … Thorvaldsens Jordefærd	J.P.E. Hartmanns Sørgemarch ved Thorvaldsens Bisættelse, 1844.	1869	1869	18	Mit Livs Eventyr (inklusive Fortsættelse og Tillæg)	127	1	v18:127 (1869)	medium	located	
Hartzgerode	Hartzgerode	se kort.	1831	1831	14	Skyggebilleder af en Reise til Harzen, det sachsiske Schweitz etc. etc., i Sommeren 1831	125	1	v14:125 (1831)	high	se-kort	
Harzen	Harzen	nordligt beliggende bjergområde i Tyskland.	1851	1851	15	I Sverrig	124	1	v15:124 (1851)	medium	located	
Havblik	Havblik	havet ved vindstille, blank vandflade.	1840	1840	9	Billedbog uden Billederjf. den tyske komponist Felix Mendelssohn-Bartholdys (1809-1847) klaverstykker <i>Lieder ohne Worte</i>, 1829-1845 (sange uden ord).Billedbog uden Billeder	394	1	v9:394 (1840)	high	head-noun+place-type	
Haven	Haven(s) | Haven	Frederiksberg Have ved Frederiksberg Slot.	1855	1855	8 17	Mit Livs Eventyr (inklusive Fortsættelse og Tillæg)	37	2	v17:37 (1855); v8:55 ()	medium	located+place-type	
Hedemora eller Brunnbäck	Hedemora eller Brunnbäck	se kort 2.	1851	1851	15	I Sverrig	82	1	v15:82 (1851)	high	se-kort	
Heine’s Reisebilleder … Hjertetyv	Heine’s Reisebilleder … Hjertetyv	der hentydes til »Die Harzreise«, der efter at have været trykt i Der Gesellschafter oder Blätter für Herz und Geist, januar/februar 1825, blev optaget i bd. 1 af Reisebilder, 1826. I afsnittet om Goslar fortæller Heine, hvordan han stjal blomster fra et vindue, hvor han havde set en smuk, ung pige, og hvordan han senere så hende igen og endte med også at stjæle et kys.	1831	1831	14	Skyggebilleder af en Reise til Harzen, det sachsiske Schweitz etc. etc., i Sommeren 1831	96	1	v14:96 (1831)	medium	located	
Hekla	Hekla | Hekla(s)	vulkan på Sydisland.	1853	1853	2 8	Om Aartusinder	73	2	v2:73 (1853); v8:53 ()	high	head-noun+located+place-type	
Helicon	Helicon(s)	bjerg i Boiotien i Grækenland; if. græsk mytologi var det opholdssted for musikkens og digtningens gud Apollon og de ni muser, som var gudinder for hver deres område inden for kunst og videnskab og havde Apollon som anfører.	1853	1853	13	Indledning til Carnevalet	185	1	v13:185 (1853)	high	head-noun+located+place-type	
hellig Anders	hellig Anders	Hellig-Anders (død 1205) var præst ved Skt. Peders kirke i Slagelse og skal ifølge sagnet under en pilgrimsrejse være blevet bragt hjem af en rytter på få timer, så han kunne vågne op på Hvilehøj uden for Slagelse.	1836	1836	4	O. T.	404	1	v4:404 (1836)	medium	located+place-type	
Hellig Anders Kors	Hellig Anders Kors	Anders var if. traditionen præst ved St. Peders Kirke i Slagelse ca. 1200; hans kors står paa Hvilehøj 3,5 km sydvest for Slagelse, tæt ved landevejen til Korsør. ¶ krucifiks til minde om Hellig Anders, præst ved Skt. Peders Kirke i Slagelse, rejst på Hvilehøj vest for Slagelse, hvor en legende fortæller, at han vågnede påskedag, efter at være faldet i søvn i Jerusalem.	1846	1846 1855	16 17	Mit eget Eventyr uden Digtning	213	2	v16:213 (1846); v17:67 (1855)	medium	located+place-type	
hendes Søn	hendes Søn	Georg Laurids Anholm blev student 1865 fra Borgerdydskolen på Christianshavn.	1869	1869	18	Mit Livs Eventyr (inklusive Fortsættelse og Tillæg)	283	1	v18:283 (1869)	medium	located+place-type	
Hendrik Løves Kobberløve	Hendrik Løves Kobberløve	Heinrich der Löwe rejste i 1166 Löwendenkmal (Löwe-mindesmærke) ved borgen i Braunschweig, der stammer fra 1100-tallet.	1831	1831	14	Skyggebilleder af en Reise til Harzen, det sachsiske Schweitz etc. etc., i Sommeren 1831	86	1	v14:86 (1831)	medium	located+place-type	
Henry Wynns Landsted	Henry Wynns Landsted	måske Bernstorff Slot, nord for København, som i en del af Frederiks 7.s regeringsperiode var lejet ud til den engelske ambassadør Henry Wynn, der opholdt sig i Danmark 1824-1853.			8	Af Samlede Skrifter	482	1	v8:482 ()	medium	located+place-type	
Herat	Herat | (Perser fra) Herat	oaseby, da under Persien og siden indlemmet i Afghanistan. ¶ oaseby i Persien (Iran), siden indlemmet i Afghanistan. ¶ oaseby i det vestlige Afghanistan.	1842	1842 1855	14 17	En Digters Bazar	351	3	v14:351 (1842); v14:392 (1842); v17:216 (1855)	high	head-noun+place-type+located	
Herculanum	Herculanum	oldtidsby, der sammen med Pompeji og Stabiae blev begravet ved Vesuvs udbrud 79 e.Kr. ¶ oldtidsby, der sammen med Pompeji og Stabiae blev begravet ved Vesuvs udbrud 79 e.Kr.; H.C. Andersen var her 8. marts 1841.	1855	1855	17	Mit Livs Eventyr (inklusive Fortsættelse og Tillæg)	153	2	v17:153 (1855); v17:215 (1855)	high	head-noun+place-type	
Herculanum og Pompeji	Herculanum og Pompeji	to oldtidsbyer, der blev begravet ved Vesuvs udbrud 79 e.Kr.	1835	1835	4	Improvisatoren	222	1	v4:222 (1835)	medium	located	
Herlufsholm	Herlufsholm	herregård ved Næstved på Sjælland.	1849	1849	5	De to Baronesser	442	1	v5:442 (1849)	high	head-noun+located+place-type	
Herodes Atticus-teatret	Herodes-Theater	Herodes Atticus-teatret, amfiteater hugget ud i klippen på Akropolis sydskråning; opført under den romerske konsul Herodes Atticus (101-177) mellem 161 og 174.	1842	1842	14	En Digters Bazar	390	1	v14:390 (1842)	medium	located+place-type	
Herregaarden	Herregaarden	den nuværende herregård blev bygget i 1700-tallet.	1851	1851	15	I Sverrig	119	1	v15:119 (1851)	high	head-noun+place-type	
Herrnskretschen	Hirniskretschen	Herrnskretschen; se kort.	1831	1831	14	Skyggebilleder af en Reise til Harzen, det sachsiske Schweitz etc. etc., i Sommeren 1831	163	1	v14:163 (1831)	high	se-kort	
Herthas skjönne Dale	Herthas skjönne Dale	Herthadal ved Lejre.	1838	1838	7	Til Etatsraad Hornemann fra Studenterforeningen den 20. October 1838	540	1	v7:540 (1838)	high	head-noun+place-type	
Hexenbrunnen	Hexebrønden	Hexenbrunnen; en kilde på Brocken.	1831	1831	14	Skyggebilleder af en Reise til Harzen, det sachsiske Schweitz etc. etc., i Sommeren 1831	110	1	v14:110 (1831)	high	head-noun+located+place-type	
Hexescenen i Macbeth	Hexescenen i Macbeth	hentydning til de tre hekse i åbningsscenen i William Shakespeares tragedie Macbeth, 1606. Oversat til dansk af Niels Rosenfeldt (1761-1804) med samme titel og trykt i William Shakspears Skuespil, oversatte paa Dansk efter de Engelske Originaler, bd. 1, 1790. Oversat på ny i 1816 af Peter Thun Foersom (1777-1817) som Macbeth. Tragedie i 5 Acter og opført på Det Kongelige Teater 15. november 1817.	1831	1831	14	Skyggebilleder af en Reise til Harzen, det sachsiske Schweitz etc. etc., i Sommeren 1831	106	1	v14:106 (1831)	medium	located	
Hierarchie	Hierarchie(ts)	pavekirken (teknisk betegnelse).			12	AhasverusDen evige Jøde, Jerusalems Skomager, skikkelse fra et middelalderligt sagn, ofte behandlet i dansk litteratur på H.C. Andersens tid. If. sagnet slog Ahasverus Jesus, da denne var på vej til korsfæstelsen på Golgathabjerget; derfor må han vandre fredløs om i verden til evig tid uden at kunne dø. En dansk bearbejdelse, 1607, af en tysk folkebog om Ahasverus fra 1602 er gået tabt; en dansk udgave fra 1631 er bevaret. En almuevise om Ahasverus stammer formentlig fra 1700-tallets første del.Ahasverus	323	1	v12:323 ()	high	head-noun+place-type	
Hietzing	Hitzing	Hietzing, forstad til Wien.	1855	1855	17	Mit Livs Eventyr (inklusive Fortsættelse og Tillæg)	162	1	v17:162 (1855)	medium	located+place-type	geo-2776421
Hjälmaren	Hjelmaren	Hjälmaren; se kort 2.	1851	1851	15	I Sverrig	20	1	v15:20 (1851)	high	se-kort	
Hof	Hof	se kort.	1842	1842	14	En Digters Bazar	237	1	v14:237 (1842)	high	in-register+se-kort	geo-2902768
Hofkirken	Hofkirken	barokkirken St. Kajetan (Theatinerkirche) fra 1688, som var hofkirke og gravsted for den bayeriske adelsslægt Wittelsbach.	1842	1842	14	En Digters Bazar	245	1	v14:245 (1842)	high	head-noun+place-type	
Hoftheatret paa Dandseskolen	Hoftheatret paa Dandseskolen	Det Kgl. Teaters danseskole havde til huse på Hofteatret på Christiansborg.	1832	1832	16	Levnedsbog	84	1	v16:84 (1832)	medium	located+place-type	
hohen Brücke	hohen Brücke	(tysk) den høje bro.	1831	1831	14	Skyggebilleder af en Reise til Harzen, det sachsiske Schweitz etc. etc., i Sommeren 1831	80	1	v14:80 (1831)	high	head-noun+place-type	
Hohnstein	Hohnstein	lille bjergby omkring borganlæg fra 1353; se kort.	1831	1831	14	Skyggebilleder af en Reise til Harzen, det sachsiske Schweitz etc. etc., i Sommeren 1831	158	1	v14:158 (1831)	high	in-register+se-kort+head-noun+place-type	geo-6550820
Holmen	Holmen	fællesbetegnelse for søværnets tidligere område i sundet mellem København og Amager. Holmen bestod oprindeligt af en række øer og holme, heriblandt Gammelholm, Dokøen og Nyholm; øerne tilhørte kongen og var i århundreder frem til og efter H.C. Andersens tid orlogsflådens base og værft.	1857	1857	6	»At være eller ikke være«	18	1	v6:18 (1857)	medium	located+place-type	
Holmens Magt	Holmens Magt	matroser. Holmen var orlogsværftet på Gammelholm (Bremerholm), nedlagt 1859, og det nye værft på Nyholm på Refshaleøen, anlagt 1686.	1829	1829	10	Kjærlighed paa Nicolai TaarnSankt Nicolai Kirke på Nicolai Plads er første gang nævnt 1261, men er formentlig betydelig ældre. Tårnet opførtes 1582-1591.Ved branden 1795 blev kirken ødelagt og lå hen som ruin; tårnet blev siden indrettet til brug for brandvæsenet, der ejede det 1808-1882. Fra 1820 anvendtes det til brandvagt og signalstation. Den nuværende kirkebygning er opført 1914-1917. Tårnet blev istandsat og fik nyt spir 1908-1910. Om helgenen Sankt Nicolai: se note til s. 87.Nicolai Taarn eller Hvad siger Parterretstå- og siddepladser på teatrets gulv; blev benyttet af bl.a. borgere og studenter og var billigere end logerne, hvor det fine publikum sad. Ofte gav tilskuerne i parterret deres bifald eller mishag stærkt til kende.Parterret	76	1	v10:76 (1829)	medium	located+place-type	
Holsteinborg	Holsteinborg	herregård 13 km øst for Skælskør. ¶ hovedgård og gods ved Skælskør.	1867	1867 1868	3	Vænø og Glænø	146	2	v3:146 (1867); v3:389 (1868)	high	head-noun+located+place-type	
Horne	Horne	landsby i nærheden af Fåborg.	1837	1837	5	Kun en Spillemand	21	1	v5:21 (1837)	high	head-noun+place-type	
Hovedvagten	Hovedvagten	den gamle hovedvagtbygning på Kongens Nytorv, hvor vagtparaden trak op (nedrevet 1875).	1837	1837	5	Kun en Spillemand	116	1	v5:116 (1837)	medium	located+place-type	
Hr. Brockenhuus til Egeskov	Hr. Brockenhuus til Egeskov	jf. Thiele I, 112 f.; Egeskov, herregård 21 km nordøst for Fåborg.	1870	1870	3	Hønse-Grethes Familie	234	1	v3:234 (1870)	medium	located+place-type	
Hradschin	Hradschin	tysk navn for Hradcˇany, gammel bydel i Prag.	1855	1855	17	Mit Livs Eventyr (inklusive Fortsættelse og Tillæg)	321	1	v17:321 (1855)	medium	located+place-type	
Hubertsburg	Hubertsburg	tidligere kurfyrsteligt jagtslot i Sachsen. Opførslen blev påbegyndt i 1721.	1831	1831	14	Skyggebilleder af en Reise til Harzen, det sachsiske Schweitz etc. etc., i Sommeren 1831	140	1	v14:140 (1831)	medium	located+place-type	
Hunderup	Hunderup	landsby i Skt. Knuds landsogn syd for Odense, nu del af byen.	1829	1829	14	Brudstykke af en Udflugt i Sommeren 1829	54	1	v14:54 (1829)	high	head-noun+located+place-type	
Hunderup-Skov	Hunderup-Skov	skovområde beliggende ved Odense Å.	1832	1832	16	Levnedsbog	104	1	v16:104 (1832)	medium	located+place-type	
Hundsrück	Hundsrück	bjerglandskab ved Mosel i Rhin-provinsen.	1855	1855	17	Mit Livs Eventyr (inklusive Fortsættelse og Tillæg)	213	1	v17:213 (1855)	medium	located+place-type	
Husaby	Husaby	se kort.	1851	1851	15	I Sverrig	37	1	v15:37 (1851)	high	se-kort	
Huusby-Klitter	Huusby-Klitter	ligger mellem Nissum Fjord og Vest Stadil Fjord vest for Vedersø.	1860	1860	2	En Historie fra Klitterne	310	1	v2:310 (1860)	medium	located+place-type	
hverken Fabrik eller By	hverken Fabrik eller By	Silkeborg Papirfabrik blev grundlagt i 1844, byen 1845.	1855	1855	2	Ib og lille Christine	127	1	v2:127 (1855)	high	head-noun+place-type	
Hvidehavet	det hvide Hav	Hvidehavet; havbugt i Barentshavet syd for Kolahalvøen.	1851	1851	15	I Sverrig	53	1	v15:53 (1851)	medium	located+place-type	
hvor H. C. Ørsted havde boet	hvor H. C. Ørsted havde boet	H.C. Ørsted havde været i London i sommeren 1846; jf. endvidere Dagbogen 27. juni 1847: »Leicester Square er intet fashionable Qvarteer, efter sligt sees altid i den høiere Verden«.	1869	1869	18	Mit Livs Eventyr (inklusive Fortsættelse og Tillæg)	32	1	v18:32 (1869)	medium	located	
Hvor Kongeaaen … nye Hjem	Hvor Kongeaaen … nye Hjem	Wolfhagen havde i 1847 overtaget hovedgården Østerbygård ved Kongeåens udspring ved Vamdrup.			8	(untitled)	178	1	v8:178 ()	medium	located	
Hydra	Hydra	(Idra); se kort.	1842	1842	14	En Digters Bazar	396	1	v14:396 (1842)	high	se-kort	
Hymettos	Hymettos	(Imit(t)os) bjerg øst for Athen; se kort.	1842	1842	14	En Digters Bazar	382	1	v14:382 (1842)	high	se-kort+located+place-type	
Hällekis	Hellekis	Hällekis; se kort 2.	1851	1851	15	I Sverrig	24	1	v15:24 (1851)	high	se-kort	
Hôtel de Bavière	Hôtel de Bavière	(fransk) Hotel Bayern.	1831	1831	14	Skyggebilleder af en Reise til Harzen, det sachsiske Schweitz etc. etc., i Sommeren 1831	74	1	v14:74 (1831)	high	in-register	place-000028
Høibro	Høibro	bro mellem Slotsholmen og det egentlige København.	1865	1865	13	Da Spanierne var her	511	1	v13:511 (1865)	high	head-noun+located+place-type	
Høien	Høien	den saakaldte »Ewalds Høj« i gården Rungstedlunds have i Hørsholm. Rungsted Kros bygninger blev i begyndelsen af 1800-tallet hovedbygninger for Rungstedlund.	1807	1807	12	Lykkens Blomst	68	1	v12:68 (1807)	medium	located	
Hˇrensko	Hirniskretschen	Hˇrensko, by ved grænsen mellem Tjekkiet og Sachsen; se kort.	1842	1842	14	En Digters Bazar	576	1	v14:576 (1842)	high	se-kort+located+place-type	
i Petersborg	i Petersborg	Adolph Henselt havde siden 1838 opholdt sig i St. Petersborg, hvor han var kammervirtuos hos kejserinden, lærer for de kejserlige børn og inspektør ved musikundervisningen i samtlige statsundervisningsanstalter for piger i Rusland. Om sommeren boede han paa Gersdorf.	1869	1869	18	Mit Livs Eventyr (inklusive Fortsættelse og Tillæg)	196	1	v18:196 (1869)	medium	located+place-type	
I Sevillas Dom … ei Digt	I Sevillas Dom … ei Digt	katedralen Santa Maria de la Sede (påbegyndt 1402) indeholder mere end 30 kapeller og indtil flere malerier af Madonna (Jomfru Maria) med barnet. Historien er øjensynligt kalkeret over den spanske maler Sebastian Gomez’ skæbne; Sebastian Gomez, også kaldet »El Mulato« (spansk) mulatten, var kendt for at kopiere den spanske maler Bartolomé Esteban Murillos farver og var muligvis endda også hans slave. Maleriet Purísima Concepción (spansk) den ubesmittede undfangelse, som i sin tid blev købt som en ægte Murillo, men som menes at være en af de forfalskninger, Murillos elever lavede, har hængt i Santa Maria de la Sede frem til 1835. H.C. Andersens kilde er ukendt. ¶ katedralen Santa Maria de la Sede (påbegyndt 1402) indeholder mere end 30 kapeller og indtil flere malerier af Madonna med barnet. Historien er øjensynligt kalkeret over den spanske maler Sebastian Gomez’ skæbne. Sebastian Gomez, også kaldet »El Mulato« (spansk) mulatten, var kendt for at kopiere Bartolomé Esteban Murillos farver og var muligvis endda også hans slave; han blev krøbling efter at være faldet ned fra et stillads, mens han var ved at sætte farver på et af Murillos billeder, og døde kort efter i 1682. I en katalog fra Museo de Murillo i Sevilla findes et inventar over de forfalskninger af værker, Murillos elever lavede. Her nævnes bl.a. en Purísima Concepción, (spansk) den ubesmittede undfangelse, som i sin tid blev købt som en ægte Murillo, og som bl. a. har hængt i Santa Maria de la Sede frem til 1835. H.C. Andersens kilde er ukendt.	1838	1838	8 9	Tre Digtninger	353	2	v9:353 (1838); v8:263 ()	high	head-noun+place-type	
Ida-Bjergene	Ida-Bjergene	på Kreta (Psiloritis); se kort.	1842	1842	14	En Digters Bazar	418	1	v14:418 (1842)	high	se-kort	
il corso	il corso	hovedgaden.	1835	1835	14	Søndagsblad. Et æsthetisk Ugeskrift	202	1	v14:202 (1835)	high	head-noun+place-type	
Ilmenau	Elmenau	Ilmenau; se kort. – Børsenhalle: Hamburger Börsenhalle, tysk handelsavis.	1831	1831	14	Skyggebilleder af en Reise til Harzen, det sachsiske Schweitz etc. etc., i Sommeren 1831	82	1	v14:82 (1831)	high	se-kort	
Ilok	Illok	Ilok; se kort.	1842	1842	14	En Digters Bazar	549	1	v14:549 (1842)	high	se-kort	geo-3199128
Ilsenburg	Ilsenburg	se kort.	1831	1831	14	Skyggebilleder af en Reise til Harzen, det sachsiske Schweitz etc. etc., i Sommeren 1831	103	1	v14:103 (1831)	high	in-register+se-kort	geo-2896483
Ilsenstein	Ilsenstein	se kort.	1831	1831	14	Skyggebilleder af en Reise til Harzen, det sachsiske Schweitz etc. etc., i Sommeren 1831	104	1	v14:104 (1831)	high	se-kort	
Improvisatoren	Improvisatoren	roman af H.C. Andersen, 1835, bygger bl.a. på rejseindtryk fra Italien. Romanen blev H.C. Andersens internationale gennembrud, oversattes, ligesom de følgende O. T., 1836, og Kun en Spillemand, 1837, hurtigt til de europæiske hovedsprog.	1840	1840	11	Maurerpigen	416	1	v11:416 (1840)	medium	located	
in Bosch	in Bosch	skoven het Haagsche Bosch; jf. Dagbogen 20. juni 1847: »Kjørt med Kneppelhaut »in Bosch« hvor der er Musik og Promenade om Søndagen; smukke grønne Engpartier, kom forbi »Haus im Bosch«, kjørte de idylliske Veje med rige Landhuse (...)«.	1869	1869	18	Mit Livs Eventyr (inklusive Fortsættelse og Tillæg)	29	1	v18:29 (1869)	high	head-noun+place-type	
Incisa	Incisa	Incisa in Val d’Arno; se kort.	1842	1842	14	En Digters Bazar	282	1	v14:282 (1842)	high	se-kort	
indførte hos os ved Hr Erik Bøgh	indførte hos os ved Hr Erik Bøgh	Erik Bøgh havde 31. december 1848 i Christiania fået opført Nytaarsaften 1848-49 og 31. december 1849 på Casino Nytaarsnat 1850, optakten til de egentlige revyforestillinger. H.C. Andersen så 1. januar 1869 hans Nytaarsnat 1869 på Casino.	1869	1869	18	Mit Livs Eventyr (inklusive Fortsættelse og Tillæg)	325	1	v18:325 (1869)	medium	located	
Indtog i Nauplion	Indtog i Nauplion	havnebyen Náfplion på sydsiden af Korintherhalvøen i bunden af Argolikós-bugten, hvortil prins Otto ankom i januar 1833.	1842	1842	14	En Digters Bazar	396	1	v14:396 (1842)	high	head-noun+place-type	
Ingeborg	hvis Børn | Collins … Datter | hans Børn	Ingeborg, gift 1826 med auditør, Adolph Drewsen; Gottlieb, senere registrator ved pensionskassen; Edvard, senere departementschef og sparekassedirektør; Louise, gift 1840 med auditør Wilkens Lind, og Theodor, senere teaterlæge. ¶ Ingeborg, gift Drewsen. ¶ Ingeborg, Gottlieb, Edvard, Louise og Theodor.	1846	1846 1855	16 17	Mit eget Eventyr uden Digtning	207	3	v16:207 (1846); v16:246 (1846); v17:168 (1855)	high	head-noun+place-type	
Ingeborg Drewsen	Een af dem	Ingeborg Drewsen, som sammen med sin mand havde været sammen med Heiberg i Ems 1839.	1846	1846	16	Mit eget Eventyr uden Digtning	256	1	v16:256 (1846)	high	head-noun+place-type	
Ingeborg Nicoline Collin	Ingeborg | Den ældste Datter	Ingeborg Nicoline Collin, gift Drewsen.	1832	1832	16	Levnedsbog	121	2	v16:121 (1832); v16:144 (1832)	high	head-noun+place-type	
Ingeborg … collinske	Ingeborg … collinske	Ingeborg Drewsen var datter af Henriette og Jonas Collin.			8	(untitled)	183	1	v8:183 ()	high	head-noun+place-type	
Inn	Inn	flod, der udspringer i Schweiz og flyder nordøst over Østrig og ind i Tyskland; se kort.	1842	1842	14	En Digters Bazar	253	1	v14:253 (1842)	high	in-register+se-kort+head-noun+located+place-type	geo-2775280
Innsbruck	Innsbruck	se kort. H.C. Andersen opholdt sig her 3.-4. december 1840.	1842	1842	14	En Digters Bazar	253	1	v14:253 (1842)	high	in-register+se-kort	geo-2775220
Inqvisitionsfængsler	Inqvisitionsfængsler	fæstningen Castillo de San Jorge husede den spanske inkvisition 1481-1785. Den blev revet ned senere i 1800-tallet.	1863	1863	15	I Spanien	364	1	v15:364 (1863)	high	head-noun+place-type	
Inqvisitores	Inqvisitores	den katolske kirke oprettede 1231 inkvisitionen for at bekæmpe kætteri; specielt den spanske inkvisition var kendt for sin grusomhed.	1829	1829	9	Fodreise fra Holmens Canal til Østpynten af Amager i Aarene 1828 og 1829	239	1	v9:239 (1829)	high	head-noun+place-type	
Internuntius	Internuntius	da Østrig stadig stod på feltfod mod Tyrkiet, var den østrigske gesandt i Konstantinopel kun internuntius, dvs. gesandt af anden rang.	1842	1842	14	En Digters Bazar	431	1	v14:431 (1842)	medium	located	
Inverneß	Inverneß	byen Inverness i det nordlige Skotland.	1849	1849	5	De to Baronesser	416	1	v5:416 (1849)	high	head-noun+place-type	
Irun	Irun	første by efter grænsen på banestrækningen mod San Sebastian.	1868	1868	15	Et Besøg i Portugal 1866	422	1	v15:422 (1868)	high	head-noun+place-type	
Ischia	Ischia	ø sydvest for Napoli. ¶ ø i Napolibugten; se kort.	1835	1835 1836 1855	4 7 14 17	Improvisatoren	282	4	v4:282 (1835); v14:199 (1835); v7:496 (1836); v17:151 (1855)	high	head-noun+located+place-type+se-kort	
Isola bella	Isola bella	(italiensk) den smukke ø; en af de borromæiske øer.	1836	1836	4	O. T.	624	1	v4:624 (1836)	high	head-noun+place-type	
Israels Sang ved Babylons Floder	Israels Sang ved Babylons Floder	hentydning til kong Nebukadnezars deportation af indbyggerne i Juda 598 og 587 f.Kr.; jf. Salmernes Bog 137,1f.: »Ved Babylons Floder / sad vi og græd / når vi tænkte på Zion«.	1842	1842	14	En Digters Bazar	396	1	v14:396 (1842)	medium	located	
Italien	Italien	H.C. Andersen opholdt sig i Italien fra 19. september 1833 til 24. april 1834.	1843	1843	10	Agnete og Havmandenfolkevisen af samme navn, DgF 38, har følgende handling: Agnete lokkes af havmanden ned på havets bund, hvor hun lever med ham i en række år og føder ham syv sønner. Ved lyden af kirkeklokken oppe fra jorden vækkes hendes savn af menneskelivet. Havmanden indvilger i at lade hende stige op af havet, og hun opsøger sin mor i kirken. Senere kommer havmanden og trygler hende om at komme tilbage, idet han minder hende om børnene; men hun nægter at følge ham. Visen kendes kun fra flyvebladstryk fra 1700-tallet og fra nedskrivning af senere mundtlig overlevering.Agnete og Havmanden	365	1	v10:365 (1843)	high	in-register	place-000052
italienske Qvinder ved Brønden	italienske Qvinder ved Brønden	et arbejde udført i 1845, hvor hun opholdt sig i Ariccia i bjergene ved Rom; jf. Illustreret Tidende, nr. 452, 24. maj 1868: »Ved den sidstnævnte By ville vi dvæle; her opholdt hun sig længst, og her var det at hun paavirkedes af Indtryk, der dannede et Centrum i hendes Konstnervirksomhed i Rom, idet hun har fastholdt dem paa Lærredet og udtalt, hvad der saa stærkt bevægede hendes Phantasi. Det var især disse deilige Kvinder med deres antiktformede Concaer paa Hovedet, hentende Vand fra Fontainerne, der opfyldt hende og gav hende Motivet til et stort Billede, som nu befinder sig i England i Middelton Abbey, Baron Hambros Majoratgods« (s. 298).	1854	1854	9	Folkekalender for Danmark	446	1	v9:446 (1854)	medium	located+place-type	
Itri	Itri	mindre by syd for Terracina.	1835	1835	4	Improvisatoren	206	1	v4:206 (1835)	high	head-noun+located+place-type	
Izlaz	Ishlas	Izlaz, ca. 10 km fra Donji Milanovac; se kort.	1842	1842	14	En Digters Bazar	535	1	v14:535 (1842)	high	se-kort	
J.C. Dahl	Dahl	J.C. Dahl, norsk landskabsmaler, professor i Dresden.	1846	1846	16	Mit eget Eventyr uden Digtning	315	1	v16:315 (1846)	medium	located	
J. C. Langes Læsebibliothek	J. C. Langes Læsebibliothek	Johannes Christian Lange havde i en årrække et lejebibliotek i København, hvorfra man mod betaling kunne hjemlåne bøger.	1832	1832	16	Levnedsbog	85	1	v16:85 (1832)	medium	located+place-type	
Jativa	Jativa	se kort.	1863	1863	15	I Spanien	250	1	v15:250 (1863)	high	se-kort	
Jena	Jena	by ved floden Saale, 40 km øst for Erfurt i den tyske delstat Thüringen. Jena var i årene omkring år 1800 et åndeligt centrum og hjemsted for den såkaldte Jena-romantik.	1831	1831	14	Skyggebilleder af en Reise til Harzen, det sachsiske Schweitz etc. etc., i Sommeren 1831	122	1	v14:122 (1831)	high	head-noun+place-type	
Jenny Lind	Jenny Lind	Jenny Lind, svensk sopran; debuterede i Stockholm 18 år gammel i Carl Maria von Webers opera Der Freischütz, 1821, men hendes stemme blev hurtigt nedslidt. I 1842 indledte hun sin anden karriere med titelrollen i Vicenzo Bellinis opera Norma, 1831. Jenny Lind blev fejret over alt i Europa og USA med tilnavnet »den svenske nattergal«; påvirket af dyb religiøsitet trak hun sig tidligt tilbage fra scenen, men gav dog enkelte koncerter. Også H.C. Andersen tog del i Jenny Lind-feberen; ved hendes ophold i København i juli 1840 mødtes de øjensynligt ikke, snarere traf han hende første gang i København 3. september 1843 hos August Bournonville.	1855	1855	17	Mit Livs Eventyr (inklusive Fortsættelse og Tillæg)	271	1	v17:271 (1855)	medium	located	
Jernbanen fra … Fürth	Jernbanen fra … Fürth	åbnet 1835 som den første i Tyskland; Fürth ligger nu i den vestlige udkant af Nürnberg by.	1842	1842	14	En Digters Bazar	241	1	v14:241 (1842)	medium	located	
Jernporten	Jernporten	Port‚ile de Fier, Donaus 117 km lange dal mellem De Transsylvanske Alper og De Østserbiske Bjerge; en del af grænsen mellem Rumænien og Jugoslavien.	1855	1855	17	Mit Livs Eventyr (inklusive Fortsættelse og Tillæg)	221	1	v17:221 (1855)	medium	located+place-type	
Jonna	Jonna	Ingeborg og A.L. Drewsens første barn, født 1827 i Fredericia.			8	(untitled)	183	1	v8:183 ()	high	head-noun+place-type	
Josaphats-Dalen	Josaphats-Dalen	dal nord for Jerusalem; if. Joels Bog 3,7-13 det sted, hvor Jehova ville foranstalte det endelige opgør med Israels fjender, og som siden 4. årh. har været identificeret som den sydligere Kedrondal.			12	AhasverusDen evige Jøde, Jerusalems Skomager, skikkelse fra et middelalderligt sagn, ofte behandlet i dansk litteratur på H.C. Andersens tid. If. sagnet slog Ahasverus Jesus, da denne var på vej til korsfæstelsen på Golgathabjerget; derfor må han vandre fredløs om i verden til evig tid uden at kunne dø. En dansk bearbejdelse, 1607, af en tysk folkebog om Ahasverus fra 1602 er gået tabt; en dansk udgave fra 1631 er bevaret. En almuevise om Ahasverus stammer formentlig fra 1700-tallets første del.Ahasverus	273	1	v12:273 ()	high	head-noun+located+place-type	
Joseph Alois Daisenberger	Daisenberger	Joseph Alois Daisenberger, sognepræst i Oberammergau fra 1845 til sin død; ændrede i samarbejde med Devrient i 1850’erne passionsspillenes form.	1869	1869	18	Mit Livs Eventyr (inklusive Fortsættelse og Tillæg)	228	1	v18:228 (1869)	medium	located	
Josephsdorf og Kloster-Neuburg	Josephsdorf og Kloster-Neuburg	to mindre byer i Wiens omegn.	1837	1837	5	Kun en Spillemand	231	1	v5:231 (1837)	medium	located+place-type	
Josephstadt	Josephstadt	distrikt i det centrale Wien, opført i 1700-tallet.	1837	1837	5	Kun en Spillemand	219	1	v5:219 (1837)	high	head-noun+place-type	
José	José	levede som rentier på en smuk ejendom i en lille forstad til Sintra.	1868	1868	15	Et Besøg i Portugal 1866	461	1	v15:461 (1868)	medium	located+place-type	
Jungfernstieg	Jungfernstieg | Jungfrauenstieg	promenade i Hamborg ved Elb-bifloden Alster. ¶ Jungfernstieg, (tysk) jomfrutrappe; promenade i Hamburg beliggende på sydvest-siden af den kunstige sø Binnen-Alster. Kendt siden 1680. ¶ gade langs bredden af Binnen-Alster. ¶ (tysk) jomfrutrappe; promenade i Hamburg beliggende på sydvest-siden af den kunstige sø Binnen-Alster.	1831	1831 1842 1851 1857	6 14 15	Skyggebilleder af en Reise til Harzen, det sachsiske Schweitz etc. etc., i Sommeren 1831	78	4	v14:78 (1831); v14:578 (1842); v15:56 (1851); v6:81 (1857)	high	in-register+head-noun+located+place-type	geo-6944304
»Jungfernstieg« og »Esplanaden«	»Jungfernstieg« og »Esplanaden«	centrale promenader og handelsgader i Hamburg.	1855	1855	17	Mit Livs Eventyr (inklusive Fortsættelse og Tillæg)	249	1	v17:249 (1855)	medium	located	
Jungfrau	Jomfruen	Jungfrau, bjergtop ca. 60 km sydøst for Bern.	1869	1869	18	Mit Livs Eventyr (inklusive Fortsættelse og Tillæg)	15	1	v18:15 (1869)	medium	located	
Jægersborg Dyrehave	Dyrehaven	Jægersborg Dyrehave, yndet udflugtsmål for københavnerne. If. et sagn opdagede bondepigen Kirsten Piil i 1500-tallet en kilde i Dyrehaven. Kilden blev i 1700-tallet et valfartssted; omkring det udviklede Dyrehavsbakkens forlystelser sig. ¶ Jægersborg Dyrehave, stor park nord for København, der går tilbage til den dyrehave Frederik 3. indrettede 1699 og som efterfølgeren Christian 5. udvidede året efter.	1831	1831 1845	12 14	Skyggebilleder af en Reise til Harzen, det sachsiske Schweitz etc. etc., i Sommeren 1831	89	2	v14:89 (1831); v12:138 (1845)	high	head-noun+place-type	
Jüterbog	Jüdeborg	Jüterbog; se kort.	1831	1831	14	Skyggebilleder af en Reise til Harzen, det sachsiske Schweitz etc. etc., i Sommeren 1831	171	1	v14:171 (1831)	high	se-kort	geo-2894394
Kai Lykke	Kai Lykke(s)	storgodsejeren Kaj Lykke havde ingen tilknytning til Lykkesholm (Løkkesholm, af løkke ‘indhegning’ og -holm i betydningen ‘bakke’).	1855	1855	17	Mit Livs Eventyr (inklusive Fortsættelse og Tillæg)	187	1	v17:187 (1855)	medium	located+place-type	
Kalandri	Kalandri	se kort.	1842	1842	14	En Digters Bazar	420	1	v14:420 (1842)	high	se-kort	
Kalmar	Calmar	Kalmar; se kort 1.	1851	1851	15	I Sverrig	92	1	v15:92 (1851)	high	se-kort	
Kalø Slot	Kalø Slot	kongeligt borganlæg på en holm i Kalø Vig, hvor Gustav 1. Vasa blev sat i arrest 1518. Den svenske konges eventyr er genfortalt efter Afzelius (bd. V, s. 238-261).	1851	1851	15	I Sverrig	92	1	v15:92 (1851)	medium	located+place-type	
Kandelli	Kandelli	ved kysten syd for Scutari.	1842	1842	14	En Digters Bazar	491	1	v14:491 (1842)	medium	located+place-type	
Kandiliche	Kandiliche(s)	by på Bosporusstrædets østbred, ca. 30 km nord for Istanbul; se kort.	1842	1842	14	En Digters Bazar	493	1	v14:493 (1842)	high	se-kort+head-noun+located+place-type	
Kaninstokslægten	Kaninstokslægten	Ole Kaninstok er navnet på en gammel sømand i Capriciosa.	1848	1848	12	Kunstens Dannevirkevoldkompleks, der fra 600-1200-tallet var et forsvar ved rigets sydgrænse. Det sene Dannevirke bestod af store jordvolde, der i anden halvdel af 1100-tallet afsluttedes med Valdemarsmuren, opført i tegl af Valdemar 1. den Store. Under de slesvigske krige kom Dannevirke til at udgøre rygraden i en moderne feltstilling. Nationalromantiske forestillinger om, at Dannevirke skulle kunne holde stand over for tyskerne, gav fæstningsanlægget symbolværdi.Dannevirke	360	1	v12:360 (1848)	medium	located	
Karlowitz	Karlowitz	nuværende Sremski Karlovci; se kort.	1842	1842	14	En Digters Bazar	548	1	v14:548 (1842)	high	se-kort	
Karoline von Wolzogen	Fru von Wolzogen	Karoline von Wolzogen, søster til Charlotte von Schiller (1790 gift med Friedrich von Schiller). Karoline von Wolzogens roman Agnes von Lilien udkom 1798.	1855	1855	17	Mit Livs Eventyr (inklusive Fortsættelse og Tillæg)	318	1	v17:318 (1855)	medium	located	
karsk	karsk	sund, rask. ¶ sund, glad.	1833	1833 1834 1838 1858	2 7 8	Aarets tolv Maaneder, Tegnede med Blæk og Pen	432	7	v7:432 (1833); v7:477 (1834); v7:530 (1838); v2:204 (1858); v8:39 (); v8:178 (); v8:535 ()	high	head-noun+place-type	
Kastaliavæld	Kastaliavæld	kilde på Parnassosbjerget ved Delfi, der ifølge legenden har fået sit navn efter en pige, der druknede sig for at undslippe Apollons forfølgelse. Den blev anset for at kunne skænke poetisk inspiration.	1851	1851	15	I Sverrig	115	1	v15:115 (1851)	high	head-noun+located+place-type	
Kastel	Kastel	(mindre) fæstning; ikke identificeret.	1842	1842	14	En Digters Bazar	514	1	v14:514 (1842)	high	head-noun+place-type	
Kathedral-Kirken	Kathedral-Kirken	domkirken er formodentlig grundlagt i 1000-tallet, men er genopbygget i 1300-talet og flere gange siden.	1842	1842	14	En Digters Bazar	357	1	v14:357 (1842)	high	head-noun+place-type	
Kazan	Kazan	flodpas mellem Donji Milanovac og Orsova.	1842	1842	14	En Digters Bazar	536	1	v14:536 (1842)	high	in-register+located	geo-682504
Kedron	Kedron(s)	dal og bæk mellem Jerusalem og Oliebjerget. Jesus gik over Kedrons bæk til sine lidelser, jf. Johannes 18,1.			12	AhasverusDen evige Jøde, Jerusalems Skomager, skikkelse fra et middelalderligt sagn, ofte behandlet i dansk litteratur på H.C. Andersens tid. If. sagnet slog Ahasverus Jesus, da denne var på vej til korsfæstelsen på Golgathabjerget; derfor må han vandre fredløs om i verden til evig tid uden at kunne dø. En dansk bearbejdelse, 1607, af en tysk folkebog om Ahasverus fra 1602 er gået tabt; en dansk udgave fra 1631 er bevaret. En almuevise om Ahasverus stammer formentlig fra 1700-tallets første del.Ahasverus	250	1	v12:250 ()	high	head-noun+located+place-type	
Kefisos	Cephisus	Kefisos, flod på sletten vest og nord for Athen; se kort.	1842	1842	14	En Digters Bazar	399	1	v14:399 (1842)	high	se-kort+located+place-type	
Kehlets … Rosenlund	Kehlets … Rosenlund	et traktørsted, som R.T. Kehlet åbnede på Værnedamsvej 5 i 1829, hed Rosenlund; stedet havde sin storhedstid i 1830’erne.	1840	1840	11	En Comedie i det Grønne	405	1	v11:405 (1840)	medium	located	
Keiserborgen	Keiserborgen	de romerske kejseres paladsbygninger på Palatinerhøjen, påbegyndt af kejser Augustus, egl. Gajus Julius Caesar Octavian (63 f.Kr.-14 e.Kr., kejser fra 27 f.Kr.).	1842	1842	14	En Digters Bazar	327	1	v14:327 (1842)	medium	located	
Kenilworth	Kenilworth	engelsk by sydøst for Birmingham med ruiner af Kenilworth Slot.	1774	1774	8 11	Festen paa Kenilworthengelsk by sydøst for Birmingham med ruiner af Kenilworth Slot.Kenilworth	11	4	v11:11 (1774); v8:100 (); v8:120 (); v11:113 ()	medium	located+place-type	
Kephissia	Kephissia	landsby, nu forstad til Athen (ca. 4 km fra Marusi).	1842	1842	14	En Digters Bazar	405	1	v14:405 (1842)	high	head-noun+located+place-type	
Kiel	Kiel	se kort.	1842	1842	14	En Digters Bazar	219	1	v14:219 (1842)	high	se-kort	
Kielerfjord … er lagt	Kielerfjord … er lagt	Jens Baggesen er begravet på Skt. Jørgens kirkegård i Kiel.	1859	1859	2	Et Stykke Perlesnor	282	1	v2:282 (1859)	medium	located	
Kilden	Kilden	kan ikke bestemmes med sikkerhed, da der ligger en række kilder tæt ved Odense.	1832	1832	16	Levnedsbog	59	1	v16:59 (1832)	medium	located	
Kinne-Kleva	Kleven	Kinne-Kleva; se kort 2.	1851	1851	15	I Sverrig	26	1	v15:26 (1851)	high	se-kort	
Kinnekulle	Kinnekulle	se kort 2.	1851	1851	15	I Sverrig	24	1	v15:24 (1851)	high	se-kort	
Kinnekulle … Hamilton	Kinnekulle … Hamilton(s)	30. juli 1849 ankom H.C. Andersen til grev Hugo David Hamiltons gods på Hönsäter ved Venerns østkyst, 31. juli besøgtes bjerget Kinnekulle og 1. august fortsatte H.C. Andersen videre til grev Hamiltons søn, Adolf Ludvig Hamilton, på Blomberg, som var gift med historikeren Erik Gustaf Geijers datter, Agnes. Den 2. august fortsatte han fra Hellekis med damperen til Venersborg.	1869	1869	18	Mit Livs Eventyr (inklusive Fortsættelse og Tillæg)	104	1	v18:104 (1869)	medium	located+place-type	
Kirke	Circe(s) | Kirke	Kirke, troldkvinde i Odysseens 10. sang, der forvandlede Odysseus’ (Ulysses’) mænd til svin. ¶ Lima kyrka; stenkirke fra middelalderen, der nedbrændte i 1852.	1835	1835 1851	4 15	Improvisatoren	200	2	v4:200 (1835); v15:94 (1851)	high	head-noun+located+place-type	
Kirke for Sanct Nicolai	Kirke for Sanct Nicolai	jf. L.J. Flamand, s. 4: »Kjøbmændene havde lige ude ved Stranden deres egen lille Kirke, hvor de skyndte sig hen, saasnart de naaede Land; (...) den blev kaldet Nicolaikirke efter den hellige Nicolaus, der ansaaes for Skippernes Helgen«.	1868	1868	3	Gudfaders Billedbog	172	1	v3:172 (1868)	medium	located	
Kirke under Bygning	Kirke under Bygning	katedralen, bygget 1822-1869 med Peterskirken i Rom som forbillede.	1842	1842	14	En Digters Bazar	560	1	v14:560 (1842)	high	head-noun+place-type	
Kirkegaard	Kirkegaard(s)	Nikolai Kirkegård i København (senere sløjfet).	1836	1836	4	O. T.	370	1	v4:370 (1836)	medium	located+place-type	
Kirkegaarden	Kirkegaarden	Assistens Kirkegård på Nørrebro, indviet 1760.	1857	1857	6	»At være eller ikke være«	32	1	v6:32 (1857)	medium	located	
Kirken	Kirken	Roskilde Domkirke. ¶ domkirken Sankt Veit, bygget i gotisk stil fra 1344 på stedet for en romansk kirke.	1842	1842	8 14	En Digters Bazar	574	2	v14:574 (1842); v8:505 ()	high	head-noun+place-type	
Kirsten Piil	Kirsten Piil(s) | Kirsten Piil	bondepige, som i 1500tallet opdagede en kilde i Dyrehaven. Omkring denne voksede Dyrehavsbakken op. ¶ if. traditionen navnet på den kvinde, der 1583 fandt den hellige kilde i Jægersborg Dyrehave. Kilden skal være istandsat 1732 af de to venner Brinchmann og Greve, der sandsynligvis har opdigtet navnet; »Kirsten« er kendt fra folkeviserne; tilnavnet »Pil« skal angive, at kvinden hørte til de folk, der ifølge folketroen kunne »vise vand«. Kendt som figur i Oehlenschlägers »Sanct Hansaften-Spil«, Digte, 1803.	1807	1807 1836	4 12	Lykkens Blomst	56	2	v12:56 (1807); v4:391 (1836)	medium	located+place-type	
Kirsten Piil … Tivoli	Kirsten Piil … Tivoli	if. et sagn opdagede en bondepige, Kirsten Piil, i 1500-tallet en kilde i Dyrehaven. Kilden blev i 1700-tallet et valfartssted; omkring det udviklede Dyrehavsbakkens forlystelser sig. Dyrehaven var, indtil Tivoli blev åbnet for offentligheden, forlystelsesattraktion nr. 1 for københavnerne.	1849	1849	12	Meer end Perler og Guld	489	1	v12:489 (1849)	medium	located+place-type	
Kizil Adalar	Prindse-Øerne	Kizil Adalar, øgruppe i Marmarahavet nær Istanbul bestående af 9 små øer.	1842	1842	14	En Digters Bazar	475	1	v14:475 (1842)	medium	located+place-type	
Kjæmpehøi … Achilles	Kjæmpehøi … Achilles	på sletten ved Troja findes flere gravhøje, som er blevet dyrket som høje for heltene fra den trojanske krig og især den dygtigste græske kriger, Achilleus.	1842	1842	14	En Digters Bazar	444	1	v14:444 (1842)	medium	located+place-type	
Kjøbmands Hafn	Kjøbmands Hafn	byen omtales i 1186 som Hafn; i 1253 som Køpmannæhafn.	1857	1857	6	»At være eller ikke være«	28	1	v6:28 (1857)	high	head-noun+place-type	
Kjøbsted	Kjøbsted	(dialekt) købstad.	1832	1832	16	Levnedsbog	161	1	v16:161 (1832)	high	head-noun+place-type	
Kladovo	Gladova	Kladovo; se kort.	1842	1842	14	En Digters Bazar	522	1	v14:522 (1842)	high	se-kort	
Klokkedybet	Klokkedybet	i »Bemærkninger«, 1868, skriver H.C. Andersen om klokkedybet: »Klokkedybet er udsprunget af Folketroen om Aamanden i Odense Aa og Sagnet om Kirkeklokken, der svang sig ud fra Albani Kirketaarn.« (denne udgave bind 3, s. 383). Sagnet kendes fra J.M. Thieles Danske Folkesagn, bind I, 1818, s. 29, hvor det dog er klokkerne i Skt. Knuds Kirke, der fløj, fordi man ringede for stærkt med dem. ¶ i »Bemærkninger«, 1868, skriver H.C. Andersen om klokkedybet: »Klokkedybet er udsprunget af Folketroen om Aamanden i Odense Aa og Sagnet om Kirkeklokken, der svang sig ud fra Albani Kirketaarn« (denne udgaves bind 3, s. 383). Sagnet kendes fra Thiele 1, 2, s. 29 f., hvor det dog er klokkerne i Skt. Knuds Kirke, der fløj, fordi man ringede for stærkt med dem.	1836	1836 1858	2 4	O. T.	587	2	v4:587 (1836); v2:239 (1858)	high	in-register	place-000004
Kloster Daphne	Kloster Daphne	Dafni-klosteret 10 km nordvest for Athen, grundlagt i 400-tallet, har navn efter de laurbærtræer som voksede i området. Klostret, som er bygget på resterne af en helligdom for Apollon, ødelagt 395, blev i 1500-tallet overtaget af græsk-ortodokse munke fra de cisterciensermunke, som havde beboet klostret siden 1200-tallet. Klosterkirken nævnes første gang 1263.	1842	1842	14	En Digters Bazar	399	1	v14:399 (1842)	medium	located+place-type	
Kloster Mølk ved Donau	Kloster Mølk ved Donau	benediktinerkloster grundlagt 1089 ved byen Melk 80 km vest for Wien på en klippe højt over floden; var hovedkvarter for Napoleon, da han indtog Wien i 1809.	1855	1855	17	Mit Livs Eventyr (inklusive Fortsættelse og Tillæg)	162	1	v17:162 (1855)	high	head-noun+place-type	
Kloster-Mölck	Kloster-Mölck	det store benediktinerkloster Melk fra 1089 ved Donau, siden ombygget i barokstil.	1837	1837	5	Kun en Spillemand	233	1	v5:233 (1837)	high	head-noun+place-type	
Klosterby	Klosterby	ca. 1150 anlagdes et benediktinerkloster i Sorø, af Absalon kort tid efter omdannet til cistercienserkloster.	1859	1859	2	Et Stykke Perlesnor	281	1	v2:281 (1859)	medium	located+place-type	
Klosteret	Klosteret	det gamle Augustinerkloster i Klosterneuburg. ¶ Klosteret, opført første gang på Det Kgl. Teater 1816.	1837	1837 1855	5 17	Kun en Spillemand	233	2	v5:233 (1837); v17:109 (1855)	high	head-noun+place-type+located	
Klosteret Pentelis	Klosteret Pentelis	Pendeli-klostret ca. 12 km fra Athens centrum, beliggende i Pendéli-bjergmassivet mellem Athen og Marathon i en højde på 366 m, det rigeste kloster i Attika, grundlagt 1587.	1842	1842	14	En Digters Bazar	421	1	v14:421 (1842)	medium	located+place-type	
Klosterkirken	Klosterkirken	middelalderkirke hørende til Slagelse Hospital (Slagelse Gammel Kloster), delvist nedrevet 1862. Erstattet af den nuværende Helligåndskirke.	1832	1832	16	Levnedsbog	102	1	v16:102 (1832)	high	head-noun+located+place-type	
Klublivet	Klubben	Klublivet, der havde sin oprindelse i England og var forbeholdt mænd, blomstrede fra slutningen af 1700-tallet; i begyndelsen var klubberne centre for ny borgerlig samfunds- og kulturdebat; senere fik mange klubber selskabelig karakter.	1865	1865	13	Da Spanierne var her	488	1	v13:488 (1865)	medium	located	
Knippelsbro	Knippelsbro	lidt nord for Langebro; forbandt Slotsholmen med Brogade på Christianshavn.	1864	1864	13	Paa Langebrovar tidligst anlagt et stykke nordligere end den nuværende Langebro; den lå i linje med byens vold i sydvest, i forlængelse af den nuværende Langebrogade på Christianshavn, og førte over Kalvebodsstrømmen til Christians Brygge.Langebro	389	1	v13:389 (1864)	medium	located+place-type	
Knivsholt, Flade Banker og Bangsbo	Knivsholt, Flade Banker og Bangsbo	Knivholt og Bangsbo er middelalderlige hovedgårde syd for Frederikshavn, oprettet henholdsvis 1419 og o. 1364 (nævnt første gang), mens Fladestrand (Flade Banker) var et fiskerleje oprindeligt underlagt de to hovedgårde.	1860	1860	15	Folkekalender for Danmark	187	1	v15:187 (1860)	medium	located+place-type	
Kobberporte	Kobberporte	ved Ørkild slotsbanke ved Svendborg.	1849	1849	5	De to Baronesser	322	1	v5:322 (1849)	medium	located+place-type	
Kolonnaden	Kolonnaden	søjlepartiet ved indkørslen til Amalienborg.	1849	1849	5	De to Baronesser	453	1	v5:453 (1849)	medium	located+place-type	
komme med en Følgesvend	komme med en Følgesvend	udtrykket bruges i visse kortspil om kort, der uden at passe til udspillet dog kan gives med.	1857	1857	6	»At være eller ikke være«	74	1	v6:74 (1857)	high	se-kort	
Komárno	Comorn	Komárno; se kort.	1842	1842	14	En Digters Bazar	560	1	v14:560 (1842)	high	se-kort	geo-3059436
Kongeborgen	Kongeborgen	Frederiksborg Slot i Nordsjælland, påbegyndt under Frederik 2. i 1560, men størstedelen af slottet blev opført under Christian 4. fra starten af 1600-tallet, på samme sted i slotssøen, hvor den middelalderlige herregård Hillerødsholm tidligere havde ligget.			8	(untitled)	322	1	v8:322 ()	high	head-noun+located+place-type	
Kongebyen	Kongebyen	København.			8	(untitled)	327	1	v8:327 ()	high	head-noun+place-type	
Kongen har … Graven	Kongen har … Graven	Valdemar blev begravet i Vordingborg 1375, men blev to år senere flyttet til Sorø.	1833	1833	7	Aarets tolv Maaneder, Tegnede med Blæk og Pen	429	1	v7:429 (1833)	medium	located+place-type	
Kongens Nytorv	Kongens Nytorv	før torvets anlæggelse var området, i daglig tale kaldet Hallandsaasen, sumpet og vanskeligt farbart.	1855	1855	17	Mit Livs Eventyr (inklusive Fortsættelse og Tillæg)	57	1	v17:57 (1855)	high	in-register	place-000062
Kongens Slot	Kongens Slot	det middelalderlige Københavns Slot, nedrevet 1730-1731 for at give plads til Christiansborg. ¶ kejserborgen blev bygget i 1100-tallet i sammenhæng med den ældre borggreveborg og ombygget frem til midten af 1500-tallet.	1842	1842 1870	3 14	En Digters Bazar	239	2	v14:239 (1842); v3:236 (1870)	high	located+place-type+head-noun	
Kongens Slot i Skoven	Kongens Slot i Skoven	Eremitageslottet i Dyrehaven ved København.			8	(untitled)	53	1	v8:53 ()	high	head-noun+place-type	
Kongeveien	Kongeveien	i 1795-1813 blev Nyborg landevej, der oprindelig blev ført ind i byen nord for Odense å, flyttet syd for åen.	1872	1872	3	Hvad gamle Johanne fortalte	307	1	v3:307 (1872)	medium	located+place-type	
Kopparberget	Kopparberget	(svensk) kobberbjerget. Navn på såvel området som malmminen i Falun. Se kort 1-2.	1851	1851	15	I Sverrig	91	1	v15:91 (1851)	high	se-kort+head-noun+place-type	
Korinth	Korinth	se kort.	1842	1842	14	En Digters Bazar	391	1	v14:391 (1842)	high	se-kort	
Korsnäs	Korsnæs	Korsnäs; se kort 2.	1851	1851	15	I Sverrig	93	1	v15:93 (1851)	high	se-kort	
kort efter … i den flyvende Post	kort efter … i den flyvende Post	»Det døende Barn« blev først trykt over i et år senere i Kjøbenhavns flyvende Post, nemlig i nr. 99, 12. december 1828, med den redaktionelle bemærkning: »Uagtet nærværende Digt allerede tilforn har været trykt i et andet Blad, saa gjør den flyvende Post sig dog en Fornøielse af at opbevare det i sit Archiv, og derved opfylde Forfatterens Ønske«.	1855	1855	17	Mit Livs Eventyr (inklusive Fortsættelse og Tillæg)	79	1	v17:79 (1855)	medium	located	
Kovin	Kubin	Kovin; se kort.	1842	1842	14	En Digters Bazar	543	1	v14:543 (1842)	high	se-kort	geo-789168
Krone … Hellige	Krone … Hellige	den såkaldte Stefanskrone blev ifølge traditionen givet år 1000 til István (Stefan) 1. den Hellige (ca. 975-1038, konge af Ungarn fra 1000) af Sylvester 2. (ca. 940-1003, pave fra 999) og er symbol på nationens enhed. Den bevarede krone består af komponenter fra 1000-tallet og senere tider, det øverste, bøjede kors er en senere tilføjelse, der enten var tiltænkt en anden placering el. er blevet beskadiget.	1842	1842	14	En Digters Bazar	555	1	v14:555 (1842)	medium	located	
Krudttaarnet	Krudttaarnet	kan være et af krudttårnene på Christianshavns Vold: tårnet i Charlotte Amalies Bastion (opf. 1744-1745 af C.E.D. von Oetken) eller tårnet i Enhjørningens Bastion (ca. 1750).	1864	1864	13	Paa Langebrovar tidligst anlagt et stykke nordligere end den nuværende Langebro; den lå i linje med byens vold i sydvest, i forlængelse af den nuværende Langebrogade på Christianshavn, og førte over Kalvebodsstrømmen til Christians Brygge.Langebro	389	1	v13:389 (1864)	medium	located+place-type	
Krönungs Berg	Krönungs Berg	efter tyrkernes besættelse af Buda flyttede Ungarns hovedstad 1536 til Bratislava, der også blev kroningsby.	1842	1842	14	En Digters Bazar	561	1	v14:561 (1842)	medium	located+place-type	
Kuhstall	Kuhstall	(tysk) kostald. Klippehulen er 11 m høj, 17 m bred og 24 m dyb.	1831	1831	14	Skyggebilleder af en Reise til Harzen, det sachsiske Schweitz etc. etc., i Sommeren 1831	158	1	v14:158 (1831)	high	in-register	geo-2942244
Kullen	Kullen | Kullen(s)	halvø mellem Skälderviken og Øresund. ¶ Kullaberg på halvøen Kullen i Skåne, hvis højeste punkt (Håkull) er 188 m. ¶ halvø beliggende mellem Skälderviken og Øresund. ¶ halvø mellem Skälderviken på den svenske Kattegatkyst og Øresund.	1830	1830 1832 1842 1855	7 8 14 16 17	Digte	102	6	v7:102 (1830); v16:132 (1832); v14:573 (1842); v17:71 (1855); v17:302 (1855); v8:67 ()	high	in-register+head-noun+located+place-type	geo-2698848
Kuruçesme	Kurutscheme	Kuruçesme, landsby lidt nordøst for Istanbul, nu del af byen.	1842	1842	14	En Digters Bazar	491	1	v14:491 (1842)	medium	located+place-type	
Kværndrup	Qværndrup	Kværndrup, landsby nordvest for Svendborg.	1837	1837	5	Kun en Spillemand	16	1	v5:16 (1837)	medium	located+place-type	
Kärna	Kärna	(svensk) kerne. I midten af 1200-tallet lod Birger Jarl opføre et fæstningsværk på Stadsholmen (nuværende Gamla Stan), som blev til det senere Stockholms slott. I midten var et rundt tårn, som kaldtes Kärnan og senere Tre kronor.	1851	1851	15	I Sverrig	55	1	v15:55 (1851)	medium	located	
Königerode	Königerode	se kort.	1831	1831	14	Skyggebilleder af en Reise til Harzen, det sachsiske Schweitz etc. etc., i Sommeren 1831	126	1	v14:126 (1831)	high	se-kort	
Königstein	Königstein	bjerg på 312 m. ¶ en middelalderfæstning i Sachsiske Schweiz, sydøst for Dresden.	1831	1831 1842	14	Skyggebilleder af en Reise til Harzen, det sachsiske Schweitz etc. etc., i Sommeren 1831	155	2	v14:155 (1831); v14:576 (1842)	high	in-register+head-noun+place-type	geo-2885764
Köthen	Cöthen	Köthen; se kort.	1842	1842	14	En Digters Bazar	234	1	v14:234 (1842)	high	se-kort	
Købmagergade	Kjøbmagergade	Købmagergade, sidegade til Østergade ved Amagertorv.	1855	1855	17	Mit Livs Eventyr (inklusive Fortsættelse og Tillæg)	46	1	v17:46 (1855)	high	head-noun+located+place-type	
Küstendje	Küstendje	byen Constan‚ta ved Sortehavets kyst, i det nuværende Rumænien; se kort.	1842	1842	14	En Digters Bazar	498	1	v14:498 (1842)	high	se-kort+head-noun+place-type	
L.C. Brinck-Seidelin	Brinck Seidelin	L.C. Brinck-Seidelin, konferensråd, var 1815-1845 amtsforvalter i Hjørring, stænderdeputeret og senere medlem af den grundlovgivende rigsforsamling.	1869	1869	18	Mit Livs Eventyr (inklusive Fortsættelse og Tillæg)	222	1	v18:222 (1869)	medium	located	
l’étang de Thau	l’étang de Thau	stor kystsø i Languedoc ved Middelhavet.	1846	1846	16	Mit eget Eventyr uden Digtning	327	1	v16:327 (1846)	medium	located+place-type	
La Carolina	la Carolina	La Carolina, se kort; byen er grundlagt af Karl 3. (1716-1788, konge fra 1759) i 1767-1770 som led i nybefolkningen af området i Sierra Morena, fortrinsvis med tyske indvandrere.	1863	1863	15	I Spanien	377	1	v15:377 (1863)	high	se-kort+head-noun+place-type	
La Junquera	la Junquera	La Junquera, se kort.	1863	1863	15	I Spanien	223	1	v15:223 (1863)	high	se-kort	
La Scala	La Scala | La scala	Milanos operahus, Teatro alla Scala.	1835	1835 1836 1855	4 17	Improvisatoren	348	3	v4:348 (1835); v4:587 (1836); v17:127 (1855)	high	in-register	geo-6949434
La Storta	La Storta	by nord for Rom. ¶ lille by ca. 8 km nordøst for Rom. ¶ sidste station på diligencerejsen til Rom, knap 30 km nord for Rom.	1842	1842 1855 1869	13 14 17	En Digters Bazar	293	3	v14:293 (1842); v17:134 (1855); v13:550 (1869)	high	in-register+head-noun+located+place-type	geo-3175075
La Torro del Oro	La Torro del Oro	El Torre del Oro, (spansk) guldtårnet; oprindeligt en del af fæstningsværket omkring Alcázar.	1863	1863	15	I Spanien	364	1	v15:364 (1863)	medium	located	
La Valettas Bugt	La Valettas Bugt	Grand Harbour ved Maltas hovedstad Valletta; se kort.	1842	1842	14	En Digters Bazar	361	1	v14:361 (1842)	high	se-kort+place-type	
laae Alt i Gruus	laae Alt i Gruus	slottet i Braunschweig (»Grauer Hof«) brændte under en mindre opstand i 1830 og blev herefter nedrevet. Et nyt residensslot, der stod færdigt i 1837, blev opført samme sted.	1831	1831	14	Skyggebilleder af en Reise til Harzen, det sachsiske Schweitz etc. etc., i Sommeren 1831	93	1	v14:93 (1831)	high	head-noun+located+place-type	
laae paa Bakkehuset	laae paa Bakkehuset	fru Colbiørnsen og hendes døtre havde lejet sig ind i Bakkehuset for sommeren.	1832	1832	16	Levnedsbog	90	1	v16:90 (1832)	medium	located	
Lacedæmon	Lacedæmon	Sparta (se kort), hvis mytiske grundlægger var kong Lakedaimon, søn af Zeus og bjergnymfen Taygete.	1842	1842	14	En Digters Bazar	375	1	v14:375 (1842)	high	se-kort	
Lago di Perugia	Lago di Perugia	nu Lago Trasimeno; sø ca. 18 km vest for Perugia; se kort.	1842	1842	14	En Digters Bazar	286	1	v14:286 (1842)	high	se-kort+located+place-type	
Lago Maggiore	Lago Maggiore | Lago magiore	sø i Norditalien. ¶ Lago Maggiore; se kort. ¶ lang, smal sø i De Italienske Alper.	1836	1836 1855 1870	4 15 17	O. T.	624	3	v4:624 (1836); v17:127 (1855); v15:490 (1870)	high	in-register+head-noun+located+place-type+se-kort	geo-2659792
Land of brown heath … the flood!	Land of brown heath … the flood!	(engelsk) den brune hede og den uvejsomme skovs land, / bjergets og flodens land!; fra Walter Scotts The Lay of the Last Minstrel, 6. sang, 1805.	1869	1869	18	Mit Livs Eventyr (inklusive Fortsættelse og Tillæg)	54	1	v18:54 (1869)	high	head-noun+located+place-type	
Land … flood	Land … flood	(engelsk) den brune hede og den uvejsomme skovs land, / bjergets og flodens land!; citat fra The Lay of the Last Minstrel, 6. sang, 1805.	1849	1849	5	De to Baronesser	413	1	v5:413 (1849)	high	head-noun+place-type	
Landgrevinden	Landgrevinden	Charlotte af Hessen-Kassel. Hun var søster til Christian 8. og gift med landgreve Vilhelm af Hessen-Kassel. Hun døde 28. marts 1864 i København.	1869	1869	18	Mit Livs Eventyr (inklusive Fortsættelse og Tillæg)	275	1	v18:275 (1869)	medium	located	
Landsby	Landsby	Valby.	1836	1836	4	O. T.	401	1	v4:401 (1836)	high	head-noun+place-type	
Langelinie	Langelinie	før den nuværende promenade navnet på en spadseresti ved Kastelsvolden {E12-E13-D13}.	1838	1838	9	Tre Digtninger	311	1	v9:311 (1838)	medium	located+place-type	
Laokoon	Laokoon	antik skulptur af den trojanske præst Laokoon og hans to sønner, som på Apollons bud dræbes af slanger.	1835	1835 1839	4 7	Improvisatoren	132	2	v4:132 (1835); v7:550 (1839)	medium	located	
Lappland	Lapland(s)	Lappland; landskab i Nordsverige.	1851	1851	15	I Sverrig	22	1	v15:22 (1851)	high	head-noun+located+place-type	
Lauenburg	Lauenborg	Lauenburg; se kort.	1831	1831	14	Skyggebilleder af en Reise til Harzen, det sachsiske Schweitz etc. etc., i Sommeren 1831	183	1	v14:183 (1831)	high	se-kort	geo-2880181
Laxegaden	Laxegaden	gade i indre København, hvor prostituerede holdt til.	1849	1849	12	Meer end Perler og Guld	471	1	v12:471 (1849)	high	head-noun+place-type	
Le Locle	Le Locle | Locle	schweizisk by, kendt som urmagerby, tæt på grænsen til Frankrig vest for Neuchâtel. ¶ Le Locle; lille bjergby, hvor H.C. Andersen boede hos urmager Jules Jürgensen fra 14. til 27. maj 1867. ¶ Le Locle, by i Jurabjergene lidt nordvest for Neuchâtel; se kort.	1836	1836 1869	4 8 15	O. T.	450	3	v4:450 (1836); v15:483 (1869); v8:379 ()	high	located+place-type+head-noun+se-kort	
Leckø gamle Slot	Leckø gamle Slot	Läckö slott på Kållandsö (se kort 2). Anlagt i slutningen af 1300-tallet og senere udbygget til et barokslot.	1851	1851	15	I Sverrig	25	1	v15:25 (1851)	high	se-kort+located	
Ledreborg	Lethraborg	Ledreborg, hovedgård ved Lejre.	1836	1836	4	O. T.	508	1	v4:508 (1836)	high	head-noun+located+place-type	
Leimbach	Leimbach	se kort.	1831	1831	14	Skyggebilleder af en Reise til Harzen, det sachsiske Schweitz etc. etc., i Sommeren 1831	128	1	v14:128 (1831)	high	in-register+se-kort	geo-2879255
Leipzig	Leipzig	se kort. ¶ H.C. Andersen opholdt sig her 10.11. november 1840; se kort.	1842	1842	14	En Digters Bazar	214	3	v14:214 (1842); v14:235 (1842); v14:576 (1842)	high	in-register+se-kort	geo-2879139
Leksand	Leksand | Leksand(s)	se kort 2. ¶ by ved Siljansøen i Sverige.	1851	1851 1869	15 18	I Sverrig	85	2	v15:85 (1851); v18:315 (1869)	high	se-kort+head-noun+located+place-type	
Leopoldsslot	Leopoldsslot	slottet i Leopoldsberg.	1837	1837	5	Kun en Spillemand	233	1	v5:233 (1837)	high	head-noun+located+place-type	
Lethe	Lethe	i græsk mytologi en kilde el. biflod til Styx, dødsrigets flod; ved at drikke af Lethes vande glemmer den døde sit tidligere liv. ¶ i græsk mytologi en kilde eller biflod til Styx, dødsrigets flod; ved at drikke af Lethes vande glemmer den døde sit tidligere liv.	1829	1829 1830	7 9	Fodreise fra Holmens Canal til Østpynten af Amager i Aarene 1828 og 1829	245	2	v9:245 (1829); v7:79 (1830)	medium	located+place-type	
Libau i Cuurland	Libau i Cuurland	by beliggende i landskabet Kurland i det vestlige Letland. Kurland hørte i perioden 1795-1915 under Rusland, men blev dog styret af den lokale tyske adel. Først i 1918 blev Kurland en del af Letland.	1832	1832	16	Levnedsbog	139	1	v16:139 (1832)	high	head-noun+place-type	
Lidköping	Lidkøping	Lidköping; se kort 2.	1851	1851	15	I Sverrig	25	1	v15:25 (1851)	high	se-kort	
Liebau	Liebau	kystbyen Liepa¯ja i Letland.	1837	1837	5	Kun en Spillemand	154	1	v5:154 (1837)	high	head-noun+place-type	
Lilienstein	Lilienstein	bjerg på 415 m.	1831	1831	14	Skyggebilleder af en Reise til Harzen, det sachsiske Schweitz etc. etc., i Sommeren 1831	155	1	v14:155 (1831)	high	in-register+head-noun+place-type	geo-982821
Lima	Lima	se kort 2.	1851	1851	15	I Sverrig	94	1	v15:94 (1851)	high	se-kort	
Linaa	Linaa	landsby øst for Silkeborg.	1857	1857	6	»At være eller ikke være«	43	1	v6:43 (1857)	high	head-noun+located+place-type	
Linieskib	Linieskib	»Prinds Christian Frederik« havde været stationeret i Norge og var derfor ikke blevet røvet af englænderne 1807. Skibet blev angrebet og ødelagt af to engelske orlogsskibe ved Sjællands Odde 22. marts 1808.	1865	1865	13	Da Spanierne var her	489	1	v13:489 (1865)	medium	located	
Linth-Canalen … Wallenstädtersøe	Linth-Canalen … Wallenstädtersøe	Linthkanal ved floden Weesen fører ud i Wallensee; se kort.	1858	1858	15	Fortællinger og Vers for Større og Mindre	153	1	v15:153 (1858)	high	se-kort+place-type	
Lissabon	Lissabon	Portugals hovedstad ved Atlanterhavskysten.	1868	1868	15	Et Besøg i Portugal 1866	428	1	v15:428 (1868)	medium	located+place-type	
Livorno	Livorno	kystby syd for Pisa; se kort. ¶ se kort. ¶ hvortil turen gik den 6. oktober med hjemkomst dagen efter.	1835	1835 1855 1861 1870	14 15 17	Søndagsblad. Et æsthetisk Ugeskrift	202	4	v14:202 (1835); v17:130 (1855); v15:216 (1861); v15:490 (1870)	high	in-register+se-kort+head-noun+located+place-type	geo-3174659
Livs og Lyksaligheds Ø	Livs og Lyksaligheds Ø	Ven i Øresund; Brahe havde øen i forlening 1576-1597 og fik her bygget renæssanceslottet Uraniborg med laboratorium og observatorier. 1658 overgik øen til Sverige.	1842	1842	14	En Digters Bazar	574	1	v14:574 (1842)	high	head-noun+place-type	
Lohmen	Lohmen	se kort.	1831	1831	14	Skyggebilleder af en Reise til Harzen, det sachsiske Schweitz etc. etc., i Sommeren 1831	150	1	v14:150 (1831)	high	in-register+se-kort	geo-6548696
Loja	Loja	se kort.	1863	1863	15	I Spanien	290	1	v15:290 (1863)	high	se-kort	
Lom	Lom-Palanka	Lom; se kort.	1842	1842	14	En Digters Bazar	517	1	v14:517 (1842)	high	se-kort	geo-729581
Lombarder Slette	Lombarder Slette	Posletten omkring floden Po (se kort), der danner Lombardiets sydlige grænse.	1842	1842	14	En Digters Bazar	262	1	v14:262 (1842)	high	se-kort+place-type	
Lombardiet	Lombardiet	region i Norditalien beliggende mellem Lago Maggiore og Gardasøen i nord og Pofloden i syd.	1835	1835	14	Søndagsblad. Et æsthetisk Ugeskrift	200	1	v14:200 (1835)	high	head-noun+located+place-type	
Lorelei	Loreley | Lore-Ley	Lorelei; 132 m højt, næsten lodret klippeparti ved Rhinen; personificeret som en fortryllende og forførende kvinde, der if. sagnet lokkede sejlende (mænd) i døden. ¶ Lorelei; 132 m højt, næsten lodret klippeparti ved Rhinen. Gennem kunsteventyr og sagn er Lorelei blevet personificeret som en fortryllende og forførende kvinde, der lokkede sejlende (mænd) i døden. Fremtrædende behandlinger af Lorelei-figuren findes i Clemens Maria Brentanos (1778-1842) digt »Zu Bacharach am Rheine« fra den anonymt udgivne roman Godwi oder Das steinerne Bild der Mutter. Ein verwilderter Roman, 1801-1802 (2. del, 36. kapitel) og Heinrich Heines (1797-1856) digt »Ich weiß nicht, was soll es bedeuten«, der blev trykt i Der Gesellschafter oder Blätter für Geist und Herz, 26. marts 1824. ¶ Lorelei; 132 m højt, næsten lodret klippeparti ved Rhinen.	1851	1851 1855	8 15 17	I Sverrig	123	3	v15:123 (1851); v17:110 (1855); v8:515 ()	medium	located	
lothian	(Øst)lothian	landskab i Mellemskotland.	1832	1832	10	Bruden fra Lammermoor	162	1	v10:162 (1832)	high	head-noun+located+place-type	
Louis Jürgensen	Louis Jürgensen	formentlig Jules Jürgensen, bror til Louis Urban Jørgensen.	1869	1869	18	Mit Livs Eventyr (inklusive Fortsættelse og Tillæg)	329	1	v18:329 (1869)	medium	located	
Lucca	Lucca	by nordvest for Firenze.	1837	1837	5	Kun en Spillemand	262	1	v5:262 (1837)	high	head-noun+located+place-type	
Ludwigs-Kanal	Main og Donau-Canalen	Ludwigs-Kanal; kanal mellem Bamberg og Kelheim (se kort), der blev bygget 1836-1846 og forbandt floderne Main og Donau.	1842	1842	14	En Digters Bazar	246	1	v14:246 (1842)	high	se-kort+head-noun+located+place-type	
Ludwigslust	Ludwigslüst	Ludwigslust; se kort.	1831	1831	14	Skyggebilleder af en Reise til Harzen, det sachsiske Schweitz etc. etc., i Sommeren 1831	183	1	v14:183 (1831)	high	se-kort	geo-2875343
Lykkesholm	Lykkesholm	hovedgård i Vindinge Herred ca. 14 km sydvest for Nyborg; ejeren var justitsrådinde Johanne Lindegaard. H.C. Andersen kom der især 1835-1839. ¶ Lykkesholm Slot i Ørbæk, 14 km sydvest for Nyborg, hvor H.C. Andersen var kommet siden 1832 og især 1835-1839 var en flittig gæst.	1846	1846 1855	16 17	Mit eget Eventyr uden Digtning	245	2	v16:245 (1846); v17:187 (1855)	high	head-noun+located+place-type	
Lyneborg Sand	Lyneborg Sand	den Lüneburgske Hede i Nordtyskland.	1836	1836	4	O. T.	435	1	v4:435 (1836)	high	head-noun+located+place-type	
Lübeck	Lübeck	by i det østlige Holsten, nord for Hamburg. ¶ se kort.	1831	1831 1842	14	Skyggebilleder af en Reise til Harzen, det sachsiske Schweitz etc. etc., i Sommeren 1831	67	2	v14:67 (1831); v14:230 (1842)	high	in-register+head-noun+place-type+se-kort	geo-2875601
Lüneburger Heide	lyneborgske Hede	Lüneburger Heide, delvist skovklædt hedelandskab i Niedersachsen syd for Hamborg.	1842	1842	14	En Digters Bazar	221	1	v14:221 (1842)	medium	located+place-type	geo-2875111
Macao	Macao	portugisisk koloni på Kinas sydkyst 60 km vest for Hongkong.	1868	1868	15	Et Besøg i Portugal 1866	438	1	v15:438 (1868)	medium	located+place-type	
Madrid	Madrid	se kort. ¶ Spaniens hovedstad beliggende ca. 215 km syd for Burgos i det centrale højland.	1863	1863 1868	15	I Spanien	251	2	v15:251 (1863); v15:423 (1868)	high	se-kort+located+place-type	
Magdeburg	Magdeburg	se kort.	1842	1842	14	En Digters Bazar	576	1	v14:576 (1842)	high	in-register+se-kort	geo-2874545
Maidstone	Maidstone	by mellem London og havnebyen Folkstone vest for Dover.	1860	1860	15	Berlingske politiske Avertissements-Tidende	183	1	v15:183 (1860)	high	head-noun+located+place-type	
Main	røde og hvide … Rhin	Main, som er biflod til Rhinen, begynder, hvor Weißer Main (med udspring i Ochsenkopf) løber sammen med Roter Main (med udspring i Fränkischen Alb, syd for Bayreuth).	1842	1842	14	En Digters Bazar	238	1	v14:238 (1842)	medium	located+place-type	
Maleas	Cap Malio	Maleas; se kort.	1842	1842	14	En Digters Bazar	376	1	v14:376 (1842)	high	se-kort	
Malta	Malta	se kort. ¶ H.C. Andersen opholdt sig her 17.-18. marts 1841.	1842	1842	14	En Digters Bazar	351	2	v14:351 (1842); v14:361 (1842)	high	in-register+se-kort	geo-2562772
Maltheserridderne paa Rhodos	Maltheserridderne paa Rhodos	1309-1523 havde johanniterne hovedsæde på Rhodos. Her opførte de med held et fort og en flåde til beskyttelse af skibe mod tyrkiske angreb; flåden måtte dog til sidst overgive sig.	1842	1842	14	En Digters Bazar	364	1	v14:364 (1842)	medium	located	
Malvina	Malvina	navnet på skjalden Ossians afdøde søns elskede i Ossian-digtningen. Den keltiske sagnfigur Ossian er især kendt fra James Macphersons epos fra 1700-tallet. St. St. Blichers udgav i 1807-1809 sin oversættelse, Ossian 1-2; Digte af Ossian 1-2 ved F.L. Mynster udkom 1850.	1864	1864	13	Han er ikke fødtadelig af fødsel.født	436	1	v13:436 (1864)	medium	located	
Mansfeld	Mansfeld	se kort.	1831	1831	14	Skyggebilleder af en Reise til Harzen, det sachsiske Schweitz etc. etc., i Sommeren 1831	128	1	v14:128 (1831)	high	in-register+se-kort	geo-2873852
Mantova	Mantua	Mantova; se kort.	1842	1842	14	En Digters Bazar	262	1	v14:262 (1842)	high	se-kort	geo-3174051
Manzanares	Manzanares	flod, der løber på vestsiden af slottet og Campo del Moro.	1863	1863	15	I Spanien	384	1	v15:384 (1863)	high	head-noun+place-type	
Marathons Slette	Marathons Slette	på denne slette i Grækenland besejrede en talmæssigt underlegen athensk styrke en persisk invasionsstyrke i 490 f.Kr.	1851	1851	15	I Sverrig	54	1	v15:54 (1851)	medium	located+place-type	
mare di marmora	mare di marmora	(italiensk) marmorhavet; Marmarahavet.	1842	1842	14	En Digters Bazar	453	1	v14:453 (1842)	high	head-noun+place-type	
Maria della Pace	Maria della Pace	(italiensk) fredens Maria, kirke vest for Piazza Navona.	1837	1837	5	Kun en Spillemand	262	1	v5:262 (1837)	medium	located+place-type	
Marie Bunkeflod	hans Enke og Søster | Madam Bunkeflod | Madam Bunkeflod og hendes Mands Søster	Marie Bunkeflod, som var enke efter digterpræsten Hans Christian Bunkeflod, boede sammen med sin svigerinde i de såkaldte Eilschous Boliger, en stiftelse for borgerskabets enlige, trængende kvinder. Stiftelsen lå i Munkemøllestræde over for H.C. Andersens barndomshjem. ¶ Marie Bunkeflod, f. Petersen, enke efter sognepræsten ved St. Hans Kirke, digteren Hans Christian Bunkeflod. Hun boede sammen med sin mands søster Anna Margrethe Bunkeflod. ¶ Marie Bunkeflod, som var enke efter digterpræsten Hans Christian Bunkeflod, boede sammen med sin svigerinde i de såkaldte Eilschous Boliger, en stiftelse oprettet 1776-1781 for borgerskabets enlige, trængende kvinder; stiftelsen lå i Munkemøllestræde over for H.C. Andersens barndomshjem.	1832	1832 1846 1855	16 17	Levnedsbog	63	3	v16:63 (1832); v16:187 (1846); v17:25 (1855)	high	head-noun+place-type+located	
Mariehøi … hos Bogtrykker Iversens Enke	Mariehøi … hos Bogtrykker Iversens Enke	landstedet Mariehøj (Tolderlund) ved kanalen nord for Odense, hvor H.C. Andersen tilbragte tre uger hos Kirstine Marie Iversen.	1855	1855	17	Mit Livs Eventyr (inklusive Fortsættelse og Tillæg)	86	1	v17:86 (1855)	medium	located+place-type	
Marienlyst	Marienlyst	slot nord for Helsingør, nu bymuseum. ¶ Marienlyst Slot. Tidligere lystslot beliggende i Helsingør. Opført ca. 1588 for Frederik 2., udbygget 1759-1763. Indtil 1766, hvor enkedronning (efter Frederik 5.) Juliane Marie overtog slottet, hed det Lundehave. I 1851 overtog Helsingør Kommune slottet, der siden 1930 har været museum.	1826	1826 1832	14 16	Nyeste Skilderie af Kjøbenhavn	49	2	v14:49 (1826); v16:129 (1832)	high	head-noun+located+place-type	
Mariestad	Mariestad(s)	se kort 2.	1851	1851	15	I Sverrig	24	1	v15:24 (1851)	high	se-kort	
Maritana	Maritana	gadesangersken i Don César de Bazan, 1844, lystspil af de franske dramatikere Philippe François Pinel Dumanoir og D’Ennery (egl. Adolphe Philippe); dansk Don Cæsar de Bazan, oversat af N.C.L. Abrahams, opført på Det Kongelige Teater 1846.	1850	1850	13	Ole Lukøie	68	1	v13:68 (1850)	medium	located	
Marmorhavet	Marmorhavet	Marmarahavet.	1855	1855	17	Mit Livs Eventyr (inklusive Fortsættelse og Tillæg)	219	1	v17:219 (1855)	high	head-noun+place-type	
Marmorkirken	Marmorkirken	Frederikskirken henlå af økonomiske grunde ufuldført, indtil C.F. Tietgen tog initiativ til kirkens fuldførelse i 1874.	1836	1836	4	O. T.	530	1	v4:530 (1836)	high	head-noun+place-type	
Marmorkirken reiste sig fuldført	Marmorkirken reiste sig fuldført	Marmorkirken eller Frederiks Kirke {E8} blev grundlagt 1749, men arbejdet standset 1770 på grund af stigende priser på marmor. Bygningen henlå indtil C.F. Tietgen (1829-1901) i 1874 købte den og lod den fuldføre, dog mindre end oprindelig planlagt. Kirken i dens endelige form blev indviet 1894.	1829	1829	9	Fodreise fra Holmens Canal til Østpynten af Amager i Aarene 1828 og 1829	181	1	v9:181 (1829)	high	head-noun+place-type	
Marmorøen	Marmorøen	se kort; der har været marmorbrud på øen siden antikken, hvilket har givet havet dets navn (af græsk, marmaros).	1842	1842	14	En Digters Bazar	452	1	v14:452 (1842)	high	se-kort+place-type	
Marnäs	Marnäs	se kort 2.	1851	1851	15	I Sverrig	93	1	v15:93 (1851)	high	se-kort	
Maruzzé	Maruzzé	(Marusi) i dag del af Athen; se kort.	1842	1842	14	En Digters Bazar	404	1	v14:404 (1842)	high	se-kort	
Masanasa	Masanasa	uvis betydning; muligvis Massanassa, navn på landsby ca. 6 km syd for Valencia.	1863	1863	15	I Spanien	224	1	v15:224 (1863)	medium	located+place-type	
Maurerpigen	Maurerpigen	stykket havde premiere på Det Kgl. Teater 18. december 1840, samme dag som H.C. Andersens overnatning i Civita Castellana, men spillede kun tre gange. Det udkom i bogform 19. december.	1842	1842	14	En Digters Bazar	293	1	v14:293 (1842)	medium	located	
Maxen	Maxen	godset Maxen ved Dresden tilhørte major Friedrich Anton Serre og dennes familie, som H.C. Andersen fra 1844 jævnligt besøgte.	1863	1863	3	Bemærkninger	373	1	v3:373 (1863)	high	head-noun+place-type	
Mecca	Mecca	by i Saudi-Arabien, Muhammeds fødeby og islams helligste sted.	1842	1842	14	En Digters Bazar	450	1	v14:450 (1842)	high	head-noun+located+place-type	
Mecklenburg	Mechlenburg(s)	Mecklenburg; se kort.	1831	1831	14	Skyggebilleder af en Reise til Harzen, det sachsiske Schweitz etc. etc., i Sommeren 1831	183	1	v14:183 (1831)	high	se-kort	
Med Lov skal bygges	Med Lov skal bygges	ordene »Med lov skal land bygges« indleder fortalen til Jyske Lov, der blev udstedt 1241 af Valdemar 2. Sejr.	1807	1807	12	Lykkens Blomst	109	1	v12:109 (1807)	medium	located	
med sin Ruin	med sin Ruin	den nævnte ruin er efter en borg, der blev opført i 1200-tallet. Fra begyndelsen af 1500-tallet blev borgen ikke længere benyttet og forfaldt derfor.	1831	1831	14	Skyggebilleder af en Reise til Harzen, det sachsiske Schweitz etc. etc., i Sommeren 1831	167	1	v14:167 (1831)	high	head-noun+place-type	
Mediatstadt	Mediatstadt	(tysk) mediatby; by, der ikke var direkte underlagt kejseren, men en mediat, dvs. en fyrste, der igen var underlagt en højerestående fyrste.	1831	1831	14	Skyggebilleder af en Reise til Harzen, det sachsiske Schweitz etc. etc., i Sommeren 1831	128	1	v14:128 (1831)	high	head-noun+place-type	
Medina	Medina	arabisk by hvortil Muhammed og hans menighed udvandrede 622 og dermed skabte den første islamiske stat.	1842	1842	14	En Digters Bazar	469	1	v14:469 (1842)	medium	located+place-type	
Medinya	Medina	Medinya, ca. 7 km nord for Gerona, se kort.	1863	1863	15	I Spanien	225	1	v15:225 (1863)	high	se-kort	
Mehadia	Mehadia	se kort. H.C. Andersen opgav dog turen pga. maveonde og nåede aldrig dertil, jf. Dagbøger II, s. 225.	1842	1842	14	En Digters Bazar	533	1	v14:533 (1842)	high	se-kort	
Meisling … som Rector	Meisling … som Rector	Meisling blev 16. juli 1823 i Klosterkirken i Slagelse indsat i rektorembedet af biskop Friederich Christian Carl Heinrich Münter.	1832	1832	16	Levnedsbog	102	1	v16:102 (1832)	medium	located+place-type	
Meissen	Meissen	se kort.	1831	1831	14	Skyggebilleder af en Reise til Harzen, det sachsiske Schweitz etc. etc., i Sommeren 1831	140	1	v14:140 (1831)	high	se-kort	
Mel. af … Ernani	Mel. af … Ernani	af Elviras kavatine i I,4 af G.Verdis opera Ernani, 1844, med tekst af F.M. Piave; opført på Hofteatret af italienske sangere 1846. Elvira synger: »Tutto sprezzo che d’Ernani non favella a questo core« (takt 122 ff.). Trykt klaverpartitur til Ernani findes.	1851	1851	13	HyldemoerH.C. Andersen skriver i de »Bemærkninger«, som afsluttede <i>Eventyr og Historier. Andet Bind</i>, 1863 (BFN 974), at kimen til eventyret »Hyldemoer« »ligger i det af <i>Thiele</i> fortalte Sagn: »Der boer i Hyldetræet et Væsen, som kaldes Hyldemo’er, eller Hyldeqvind. Hun hevner al Overlast, der tilføies Træet ... ««(jf. denne udgaves bd. 3, s. 372 samt Thiele 2, 2, s. 282 ff.).Hyldemoer	115	1	v13:115 (1851)	medium	located	
Mel. … Kjølige Druer	Mel. … Kjølige Druer	»Fin ch’han dal vino«, arie fra I,15 af W.A. Mozarts opera Don Giovanni, 1787; libretto af L. da Ponte; dansk Don Juan, oversat af Laurids Kruse, opført på Det Kongelige Teater 1807. Trykte noder: Rung bd. 1, s. 63; klaverpartitur til Don Giovanni findes. E-noder: Don Juan.	1836	1836	11	Skilles og mødes	176	1	v11:176 (1836)	medium	located+place-type	
Mem	Mem	by ved Göta kanals udmunding i Slätbaken, som fører ud i Østersøen (se kort 2). Her blev kanalen indviet i 1832.	1851	1851	15	I Sverrig	51	1	v15:51 (1851)	high	se-kort+head-noun+located+place-type	
Merseburg	Merseburg	se kort.	1831	1831	14	Skyggebilleder af en Reise til Harzen, det sachsiske Schweitz etc. etc., i Sommeren 1831	131	1	v14:131 (1831)	high	in-register+se-kort	geo-2871736
Michel Levin	Jøden under Træet	Michel Levin, der i over 50 år optrådte som visesanger på Dyrehavsbakken.	1855	1855	17	Mit Livs Eventyr (inklusive Fortsættelse og Tillæg)	50	1	v17:50 (1855)	medium	located	
Mietau	Mietau	byen Mitau i Kurland, område i Letland.	1837	1837	5	Kun en Spillemand	154	1	v5:154 (1837)	high	head-noun+place-type	
Milan	Milan	(1819-1839), serbisk fyrste i 25 dage i 1839.	1842	1842	14	En Digters Bazar	524	1	v14:524 (1842)	high	in-register	geo-3173435
Milos	Melos	Milos; se kort.	1842	1842	14	En Digters Bazar	377	1	v14:377 (1842)	high	se-kort	
Min Biograph i »Dansk Pantheon«	Min Biograph i »Dansk Pantheon«	kritikeren P.L. Møller havde i XXX. Levering af Dansk Pantheon, juni 1845, givet en smuk karakteristik af H.C. Andersen, som medbragte et eksemplar af den på rejsen i 1846 og benyttede den under undarbejdelsen af selvbiografien.	1846	1846	16	Mit eget Eventyr uden Digtning	264	1	v16:264 (1846)	medium	located	
min Fest i Odense	min Fest i Odense	i forbindelse med H.C. Andersens udnævnelse til æresborger i Odense den 6. december 1867.	1869	1869	18	Mit Livs Eventyr (inklusive Fortsættelse og Tillæg)	354	1	v18:354 (1869)	medium	located	
Min fyenske Landsmand	Min fyenske Landsmand	Lumbye blev født i København, men flyttede som 12-årig med sin far til Odense.			8	Af	273	1	v8:273 ()	medium	located+place-type	
Minaret	Minaret(en) | Minaret(er) | Minaret(erne)	tårn ved den muslimske moske, hvorfra der kaldes til bøn. ¶ tårn ved en moske, hvorfra der kaldes til bøn.	1840	1840 1842 1855	11 14 17	Maurerpigen	484	3	v11:484 (1840); v14:441 (1842); v17:343 (1855)	high	head-noun+place-type	
Minturna	Minturna	oldtidsby i Latium, dvs. slettelandet sydvest for Tiberen; kontrollerede broen over Liris på den romerske Via Appia.	1835	1835	4	Improvisatoren	210	1	v4:210 (1835)	high	head-noun+located+place-type	
Minuri og Majurí	Minuri og Majurí	Minori og Majori, to tætliggende byer lige syd for Amalfi.	1835	1835	4	Improvisatoren	265	1	v4:265 (1835)	medium	located+place-type	
mit Creditiv var endnu ikke indtruffet	mit Creditiv var endnu ikke indtruffet	Jonas Collin havde 28. april 1846 afsendt et kreditiv på 500 rigsdaler til H.C. Andersen, der modtog det 18. maj; det havde da ligget hos Karl Rothschild siden 13. maj. Karl Rothschild var leder af Rothschild-husets Napoli-afdeling.	1855	1855	17	Mit Livs Eventyr (inklusive Fortsættelse og Tillæg)	333	1	v17:333 (1855)	medium	located	
Mitilini	Mytilene	Mitilini, hovedstad på Lesbos; se kort.	1842	1842	14	En Digters Bazar	444	1	v14:444 (1842)	high	se-kort	
Modena	Modena	se kort.	1842	1842	14	En Digters Bazar	265	1	v14:265 (1842)	high	in-register+se-kort	geo-3173331
Mohács	Mohács	se kort.	1842	1842	14	En Digters Bazar	548	1	v14:548 (1842)	high	in-register+se-kort	geo-3047967
Mola di Gaeta	Mola di Gaeta	befæstet forstad til Gaeta mellem Terracina og Napoli.	1835	1835	4	Improvisatoren	200	1	v4:200 (1835)	high	in-register+located+place-type	place-000077
Moldava Veche	Moldava	Moldava Veche, syd for Moldava Noua; se kort.	1842	1842	14	En Digters Bazar	542	1	v14:542 (1842)	high	se-kort	
Mondegoflod	Mondegoflod	se kort.	1868	1868	15	Et Besøg i Portugal 1866	461	1	v15:461 (1868)	high	se-kort	
Mont Serrat	Mont Serrat	bjerg nordvest for Barcelona, hvis navn kan betyde savtakket bjerg (latin) el. helligt bjerg (catalansk). Bjerget er pilgrimsmål især pga. benediktinerklosterets sorte Madonnastatue, som ifølge traditionen er skåret af sankt Lukas.	1863	1863	15	I Spanien	240	1	v15:240 (1863)	high	head-noun+located+place-type	
Monte Arrabida	Monte Arrabida	se kort.	1868	1868	15	Et Besøg i Portugal 1866	445	1	v15:445 (1868)	high	se-kort	
Monte Cavo	monte cave | Monte cavo | monte cavo	Monte Cavo, det højeste bjerg i Albanerbjergene. ¶ egentlig det højeste bjerg i Albanerbjergene; her nok vin fra dette område. ¶ Monte Cavo; det højeste bjerg i Albanerbjergene.	1835	1835 1836	4 7 8	Improvisatoren	80	3	v4:80 (1835); v7:500 (1836); v8:124 ()	high	located+place-type+head-noun	
monte Mario	monte Mario | monte mario	bjerg nordvest for Rom.	1835	1835 1842	4 14	Improvisatoren	183	2	v4:183 (1835); v14:295 (1842)	high	in-register+head-noun+located+place-type	place-000069
Monte Paderno	Paderno	Monte Paderno, bjerg lige syd for Bologna.	1842	1842	14	En Digters Bazar	265	1	v14:265 (1842)	high	in-register+located+place-type	
monte pincio	monte pincio	bjerg op imod Villa Borghese, Borghesefamiliens villa med tilhørende park, begge anlagt 1605.	1835	1835	4	Improvisatoren	62	1	v4:62 (1835)	high	head-noun+place-type	
Monte pozio	Monte pozio	byen Monte Porzio Catone, 2,5 km fra Tusculum.	1855	1855	17	Mit Livs Eventyr (inklusive Fortsættelse og Tillæg)	137	1	v17:137 (1855)	high	head-noun+place-type	
monte Somma	monte Somma	egentlig bjerg og del af vulkankomplekset ved Vesuv; vejen fra Spoleto til Terni fører derimod over det stejle bjerg Valico di Somma.	1842	1842	14	En Digters Bazar	290	1	v14:290 (1842)	medium	located+place-type	
monte Soracte	monte Soracte	bjerg ca. 40 km nord for Rom.	1835	1835	4	Improvisatoren	308	1	v4:308 (1835)	high	head-noun+located+place-type	
Montefiascone	Montefiascone	vinby 80 km nord for Rom, berømt for hvidvinen Est!Est!Est!	1855	1855	17	Mit Livs Eventyr (inklusive Fortsættelse og Tillæg)	154	1	v17:154 (1855)	high	head-noun+located+place-type	
Mora	Mora	se kort 2.	1851	1851	15	I Sverrig	94	1	v15:94 (1851)	high	se-kort	
Morgana … Feen	Morgana … Feen	ifølge en legende boede feen Morgana i et krystalslot under vandet ved Messinastrædet; hun har givet navn til de optiske bedrag eller luftspejlinger, som går under navnet fata Morgana, og som hun havde magiske kræfter til at skabe.	1842	1842	11	Fuglen i Pæretræet	541	1	v11:541 (1842)	medium	located+place-type	
Morias	Moreas	Morias, ældre navn for Peloponnes (Peloponnisos); se kort.	1842	1842	14	En Digters Bazar	375	1	v14:375 (1842)	high	se-kort	
Mosenthal læste siden … min Oversættelse	Mosenthal læste siden … min Oversættelse	ifølge Almanakken sendte H.C. Andersen 10. marts 1855 En Landsbyhistorie til Salomon Hermann Mosenthal, 18. april modtog han Mosenthals tak.	1869	1869	18	Mit Livs Eventyr (inklusive Fortsættelse og Tillæg)	155	1	v18:155 (1869)	medium	located	
Mosenthals »Volksschauspiel«	Mosenthals »Volksschauspiel«	»Der Sonnwendhof«: H.C. Andersen havde i Wien 27. maj 1854 set Salomon Hermann Mosenthals Der Sonnwendhof opført; forfatteren overlod H.C. Andersen manuskriptet (der først tryktes 1857) til brug for sin oversættelse, jf. BfA 276.	1869	1869	18	Mit Livs Eventyr (inklusive Fortsættelse og Tillæg)	153	1	v18:153 (1869)	medium	located	
Motala	Motala	se kort 1-2.	1851	1851	15	I Sverrig	18	1	v15:18 (1851)	high	se-kort	
Munke-Mose	Munke-Mose	hørte til Skt. Knuds Kloster og lå syd for åen.	1829	1829	14	Brudstykke af en Udflugt i Sommeren 1829	54	1	v14:54 (1829)	high	in-register+place-type	place-000006
Munkemølleport	Munkemølleport	lidt nord for Odense Å, i Munkemøllestræde, hvor H.C. Andersen voksede op.	1836	1836	11	Skilles og mødes	172	1	v11:172 (1836)	medium	located+place-type	
Munken og Nonnen	Munken og Nonnen	Mönch und Nonne, bjergparti 1⁄2 km nord for Wartburg slot.	1858	1858	2	Pebersvendens Nathue	177	1	v2:177 (1858)	medium	located+place-type	
Museet	Museet	Pradomuseet.	1863	1863	15	I Spanien	388	1	v15:388 (1863)	high	in-register	place-000050
Musæet	Musæet	formentlig Rijksmuseum, åbnet 1800; i 1866 havde det til huse i Trippenhuis.	1869	1869	18	Mit Livs Eventyr (inklusive Fortsættelse og Tillæg)	298	1	v18:298 (1869)	medium	located	
Mycone	Mycone(s)	Mykonos (Mikonos); se kort.	1842	1842	14	En Digters Bazar	377	1	v14:377 (1842)	high	se-kort	
Málaga	Malaga	Málaga, se kort.	1863	1863	15	I Spanien	256	1	v15:256 (1863)	high	se-kort	
Mägdesprung	Mägdesprung	(tysk) pigespring.	1831	1831	14	Skyggebilleder af en Reise til Harzen, det sachsiske Schweitz etc. etc., i Sommeren 1831	123	1	v14:123 (1831)	high	in-register	geo-2874537
Mälaran	Mälaran(s)	Sveriges tredjestørste sø; se kort.	1851	1851	15	I Sverrig	55	1	v15:55 (1851)	high	se-kort	
Møllen	Møllen	byen Möln i Lauenburg, Nordtyskland.	1829	1829	10	Kjærlighed paa Nicolai TaarnSankt Nicolai Kirke på Nicolai Plads er første gang nævnt 1261, men er formentlig betydelig ældre. Tårnet opførtes 1582-1591.Ved branden 1795 blev kirken ødelagt og lå hen som ruin; tårnet blev siden indrettet til brug for brandvæsenet, der ejede det 1808-1882. Fra 1820 anvendtes det til brandvagt og signalstation. Den nuværende kirkebygning er opført 1914-1917. Tårnet blev istandsat og fik nyt spir 1908-1910. Om helgenen Sankt Nicolai: se note til s. 87.Nicolai Taarn eller Hvad siger Parterretstå- og siddepladser på teatrets gulv; blev benyttet af bl.a. borgere og studenter og var billigere end logerne, hvor det fine publikum sad. Ofte gav tilskuerne i parterret deres bifald eller mishag stærkt til kende.Parterret	91	1	v10:91 (1829)	high	head-noun+place-type	
Møntergaden	Møntergaden	sidegade til Gothersgade. ¶ sidegade til Gothersgade i København.	1846	1846 1855	12 17	Hr. Rasmussen	172	2	v12:172 (1846); v17:132 (1855)	high	head-noun+located+place-type	
Mühlsdorf	Mühlsdorf	se kort.	1831	1831	14	Skyggebilleder af en Reise til Harzen, det sachsiske Schweitz etc. etc., i Sommeren 1831	152	1	v14:152 (1831)	high	in-register+se-kort	geo-2867920
Münchberg	Münchberg	se kort.	1842	1842	14	En Digters Bazar	238	1	v14:238 (1842)	high	in-register+se-kort	geo-2867726
Münsterdorph	Münsterdorph(s)	mindre by 2 km vest for Breitenburg.	1855	1855	17	Mit Livs Eventyr (inklusive Fortsættelse og Tillæg)	207	1	v17:207 (1855)	high	head-noun+located+place-type	
Nafpaktos-bugten	Lepanto-Bugten	Nafpaktos-bugten, nord for Pátra (se kort).	1842	1842	14	En Digters Bazar	423	1	v14:423 (1842)	high	se-kort+located+place-type	
Nankin	Nankin	den kinesiske by Nanking eller Nanjing.	1850	1850	13	Ole Lukøie	67	1	v13:67 (1850)	high	head-noun+place-type	
Navarino	Navarino	havneby på Peloponnes; navnet bruges ikke mere som geografisk betegnelse: nu Pylos (Pilos); se kort.	1842	1842	14	En Digters Bazar	374	1	v14:374 (1842)	high	se-kort+head-noun+located+place-type	
Naxos	Naxos(’s)	Naxos (Naksos); se kort.	1842	1842	14	En Digters Bazar	377	1	v14:377 (1842)	high	se-kort	
Nebobjerget	Bjerget	Nebobjerget, jf. 5. Mosebog 34,1-4.			12	AhasverusDen evige Jøde, Jerusalems Skomager, skikkelse fra et middelalderligt sagn, ofte behandlet i dansk litteratur på H.C. Andersens tid. If. sagnet slog Ahasverus Jesus, da denne var på vej til korsfæstelsen på Golgathabjerget; derfor må han vandre fredløs om i verden til evig tid uden at kunne dø. En dansk bearbejdelse, 1607, af en tysk folkebog om Ahasverus fra 1602 er gået tabt; en dansk udgave fra 1631 er bevaret. En almuevise om Ahasverus stammer formentlig fra 1700-tallets første del.Ahasverus	269	1	v12:269 ()	high	head-noun+place-type	
Negropont	Negropont	øen Euboia, hvis middelalderlige navn er Negropont (latin: den sorte bro); se kort.	1842	1842	14	En Digters Bazar	408	1	v14:408 (1842)	high	se-kort+head-noun+place-type	
Nei Danmark … atter	Nei Danmark … atter	»Inpromtu til Thorvaldsen, da han paa Nysø havde fuldendt i Leer Holbergs Buste«, fremsagt på Nysø om aftenen 16. august 1839, da busten blev taget ud af (gips)formen.	1855	1855	17	Mit Livs Eventyr (inklusive Fortsættelse og Tillæg)	240	1	v17:240 (1855)	medium	located	
Nepi	Nepi	lille by ved monte Soracte. ¶ lille by ca. 35 km nord for Rom; se kort. ¶ lille by ved bjerget monte Soracte, ca. 40 km nord for Rom.	1835	1835 1842 1855	4 14 17	Improvisatoren	308	3	v4:308 (1835); v14:290 (1842); v17:134 (1855)	high	in-register+head-noun+place-type+se-kort+located	geo-3172322
Neuer Jungfernstieg	neue Jungfernstieg	Neuer Jungfernstieg, (tysk) nye jomfrutrappe. Gade i Hamburg, der blev anlagt 1827. Beliggende på vestsiden af den kunstige sø Binnen-Alster.	1831	1831	14	Skyggebilleder af en Reise til Harzen, det sachsiske Schweitz etc. etc., i Sommeren 1831	74	1	v14:74 (1831)	medium	located+place-type	
Niagara Falls	Niagara	Niagara Falls, ca. 50 m høje vandfald i Nordamerika.	1863	1863	15	I Spanien	413	1	v15:413 (1863)	medium	located+place-type	
Nicolai	Nicolai	den daværende Nikolaj Kirke på Nikolaj Plads i København.	1830	1830	7	Digte	133	1	v7:133 (1830)	medium	located+place-type	
Nicolai Gottlieb Blædel	Blædel	Nicolai Gottlieb Blædel, fra 1859 sognepræst ved Garnisons Kirke i København. Talerne er trykt i »Ved Geheimeconferentsraad Jonas Collin’s Jordefærd den 2. September 1861«.	1869	1869	18	Mit Livs Eventyr (inklusive Fortsættelse og Tillæg)	242	1	v18:242 (1869)	medium	located+place-type	
Nicolai Kirke	Nicolai Kirke	Københavns vistnok ældste kirke, på Nikolaj Plads i indre by.	1864	1864	13	Paa Langebrovar tidligst anlagt et stykke nordligere end den nuværende Langebro; den lå i linje med byens vold i sydvest, i forlængelse af den nuværende Langebrogade på Christianshavn, og førte over Kalvebodsstrømmen til Christians Brygge.Langebro	343	1	v13:343 (1864)	medium	located+place-type	
Nicolai Taarn	Nicolai Taarn	Sankt Nicolai Kirke på Nicolai Plads er første gang nævnt 1261, men er formentlig betydelig ældre. Tårnet opførtes 1582-1591.Ved branden 1795 blev kirken ødelagt og lå hen som ruin; tårnet blev siden indrettet til brug for brandvæsenet, der ejede det 1808-1882. Fra 1820 anvendtes det til brandvagt og signalstation. Den nuværende kirkebygning er opført 1914-1917. Tårnet blev istandsat og fik nyt spir 1908-1910. Om helgenen Sankt Nicolai: se note til s. 87. ¶ tårnet på Nikolaj Kirke, en middelalderkirke, der kendes fra 1261. Kirken nedbrændte sammen med store dele af København i 1795, men tårnet overlevede. Efter branden besluttede Frederik 6., at sognet skulle nedlægges, hvilket skete i 1805. 1915-1917 blev kirken genopbygget med det gamle tårn som en naturlig del. Kirken har dog efter genopførelsen ikke været brugt som kirke, men til en række andre formål, fx hovedbibliotek.	1829	1829 1832	10 16	Kjærlighed paa Nicolai TaarnSankt Nicolai Kirke på Nicolai Plads er første gang nævnt 1261, men er formentlig betydelig ældre. Tårnet opførtes 1582-1591.Ved branden 1795 blev kirken ødelagt og lå hen som ruin; tårnet blev siden indrettet til brug for brandvæsenet, der ejede det 1808-1882. Fra 1820 anvendtes det til brandvagt og signalstation. Den nuværende kirkebygning er opført 1914-1917. Tårnet blev istandsat og fik nyt spir 1908-1910. Om helgenen Sankt Nicolai: se note til s. 87.Nicolai Taarn eller Hvad siger Parterretstå- og siddepladser på teatrets gulv; blev benyttet af bl.a. borgere og studenter og var billigere end logerne, hvor det fine publikum sad. Ofte gav tilskuerne i parterret deres bifald eller mishag stærkt til kende.Parterret	71	2	v10:71 (1829); v16:143 (1832)	high	located+place-type+head-noun	
Nicolaigade	Nicolaigade	oprindelig kun den del af Nikolaj Plads, der ligger øst for Nikolaj Kirke (op mod Vingårdsstræde), og som efter branden indtil 1845 anvendtes som kødtorv.	1855	1855	17	Mit Livs Eventyr (inklusive Fortsættelse og Tillæg)	76	1	v17:76 (1855)	medium	located+place-type	
Nicolaitaarn	Nicolaitaarn	tårnet på Nicolai Kirke {E4}. ¶ Sankt Nicolai Kirke på Nicolai Plads er formentlig Københavns ældste. Tårnet opførtes 1591. Ved branden 1795 blev kirken ødelagt og lå hen som ruin; tårnet blev siden indrettet til brug for brandvæsenet, der ejede det 1808-1882. Fra 1820 anvendtes det til brandvagt og signalstation. ¶ tårnet på Sankt Nikolaj Kirke overlevede branden i 1795, hvor kirken og spiret blev ødelagt; i 1814-1817 blev alt undtagen tårnet revet ned.	1844	1844 1846 1855	9 16 17	Berlingske politiske og Avertissements-Tidende	429	3	v9:429 (1844); v16:220 (1846); v17:76 (1855)	high	head-noun+located+place-type	
Nicopoli	Nicopoli	Nikopolis el. Nikopol; se kort.	1842	1842	14	En Digters Bazar	514	1	v14:514 (1842)	high	se-kort	
Ninive	Ninive(s)	hovedstaden i oldtidens Assyrien (Mesopotamien), dengang under udgravning af britiske arkæologer.	1860	1860	15	Berlingske politiske Avertissements-Tidende	176	1	v15:176 (1860)	high	head-noun+place-type	
Njupeskärs Vandfald	Njupeskärs Vandfald	Sveriges højeste vandfald på Fulufjällets nordlige skråning.	1851	1851	15	I Sverrig	117	1	v15:117 (1851)	medium	located+place-type	
Nonnebakke	Nonnebakke | Nonnebakken	bakke syd for Odense Å, tæt på Skt. Knuds Kirke, hvor der i middelalderen lå et nonnekloster. ¶ bakke syd for Odense Å, tæt ved Skt. Knuds Kirke; oprindelig lå her en ringborg eller trelleborg (Burgh), der i middelalderen tilhørte Skt. Knuds Kloster og deraf fik navnet Nundeborrig, dvs. nonneborg. ¶ Nonnebakke, bakke syd for Odense å, tæt ved Skt. Knuds Kirke; oprindelig lå her en ringborg eller trelleborg (Burgh), der i middelalderen tilhørte Skt. Knuds Kloster og deraf fik navnet Nundeborrig, dvs. nonneborg; jf. Levnedsbog s. 29.	1822	1822 1829 1836	4 9 14	Ungdoms-Forsøg	49	3	v9:49 (1822); v14:54 (1829); v4:596 (1836)	high	head-noun+located+place-type+in-register	
Nonnebakken	Nonnebakken	bakke syd for Odense Å. ¶ bakke syd for Odense å, tæt på Skt. Knuds Kirke, hvor der i middelalderen lå et nonnekloster; Nonnebakken var de endnu synlige rester af et borganlæg fra vikingetiden af Trelleborg-typen. ¶ bakke syd for Odense Å tæt ved Skt. Knuds Kirke. ¶ bakke syd for Odense Å, tæt ved Skt. Knuds Kirke; oprindelig lå her en ringborg eller trelleborg (Burgh), der i middelalderen tilhørte Skt. Knuds Kloster og deraf fik navnet Nundeborrig, dvs. nonneborg. ¶ bakke syd for Odense Å, tæt ved Sankt Knuds Kirke. Oprindelig lå her en ringborg eller trelleborg (Burgh), der i middelalderen tilhørte Sankt Knuds Kloster og deraf fik navnet Nundeborrig, dvs. nonneborg.	1822	1822 1832 1837 1858	2 5 8 9 16	Ungdoms-Forsøg	53	6	v9:53 (1822); v16:61 (1832); v16:104 (1832); v5:145 (1837); v2:240 (1858); v8:442 ()	high	in-register+head-noun+located+place-type	place-000005
Nordhavet	Nordhavet	Norskehavet.	1851	1851	15	I Sverrig	13	1	v15:13 (1851)	high	head-noun+place-type	
Notre-Dame	Notre-Dame	Paris’ hovedkirke, opført 1163-ca. 1345 på Île de la Cité.	1868	1868	3	Dryaden	205	1	v3:205 (1868)	medium	located+place-type	
Novaja Zemlja	Novaia Sembla	Novaja Zemlja, (russisk) det nye land; øgruppe i Det Nordlige Ishav (siden 1877 hørende under Rusland).	1829	1829	9	Fodreise fra Holmens Canal til Østpynten af Amager i Aarene 1828 og 1829	209	1	v9:209 (1829)	high	head-noun+located+place-type	
Novella	Novella	en by ved dette navn har ikke kunnet lokaliseres i området.	1855	1855	17	Mit Livs Eventyr (inklusive Fortsættelse og Tillæg)	154	1	v17:154 (1855)	high	head-noun+place-type	
Nubien	Nubien	region i den mellemste Nildal mellem Khartoum (i Sudan) og Aswan (i Egypten).	1842	1842	14	En Digters Bazar	417	1	v14:417 (1842)	high	head-noun+place-type	
ny Orsova	ny Orsova	by på Donaus højre, serbiske bred. Her tænkes formodentlig på øen Ada Kaleh, som også kaldtes Ny Orsova og lå mellem denne og Gamle Orsova på venstre bred og dermed til højre i skibets sejlretning. Både øen og det serbiske Orsova var på det tidspunkt under tyrkisk herredømme.	1842	1842	14	En Digters Bazar	526	1	v14:526 (1842)	high	head-noun+located+place-type	
Nyboder	Nyboder | Nyboder(s Madamer)	bydel i København, påbegyndt af Christian 4. som boliger for søværnets faste mandskab og karakteristisk ved sine gårdhaver med hyldetræer. ¶ bydel i København, påbegyndt af Christian 4. (1577-1649; konge fra 1596) som boliger for søværnets faste mandskab. ¶ bydel i København, påbegyndt 1631 under kong Christian 4. som boliger for flådens faste mandskab; på H.C. Andersens tid et fattigt kvarter.	1838	1838 1845 1855	1 9 17	Tre Digtninger	317	3	v9:317 (1838); v1:333 (1845); v17:48 (1855)	high	head-noun+located+place-type	
Nysø	Nysø | Nysøe	hovedgård og gods fra 1670 ved Præstø. På H.C. Andersens tid ejet af baron Henrik Stampe (1794-1876). ¶ hovedgård og gods fra 1670 ved Præstø, som på H.C. Andersens tid var ejet af baron Hendrik Stampe; billedhuggeren Thorvaldsen boede efter sin hjemkomst fra Italien 1838 indtil sin død 1844 ofte på Nysø, hvor han fik indrettet et atelier. ¶ Nysø; hovedgård og gods fra 1670 ved Præstø, som på H.C. Andersens tid var ejet af baron Hendrik Stampe; billedhuggeren Thorvaldsen boede efter sin hjemkomst fra Italien 1838 indtil sin død 1844 ofte på Nysø, hvor han fik indrettet et atelier. ¶ hovedgård og gods fra 1670 ved Præstø, som på H.C. Andersens tid var ejet af baron Hendrik Stampe. ¶ hovedgård og gods fra 1670 ved Præstø; på denne tid ejet af baron Hendrik Stampe (1794-1876) og baronesse Christine Stampe; efter sin hjemkomst fra Rom i 1838 var Thorvaldsen en hyppig gæst på Nysø, hvor også H.C. Andersen ofte kom. ¶ hovedgård og gods fra 1670 ved Præstø; på H.C. Andersens tid ejet af baron Hendrik Stampe (1794-1876) og hans hustru Christine Stampe, født Dalgas (1797-1868); i sine sidste leveår boede Bertel Thorvaldsen ofte på Nysø, hvor man lod bygge et atelier til Thorvaldsen, som indviedes 24. juli 1839. ¶ Nysø, hovedgård og gods fra 1670 ved Præstø, ejet af baron Hendrik Stampe og baronesse Christine Stampe.	1839	1839 1844 1855 1863	3 7 8 9 17	Inpromtu til Thorvaldsen, da han paa Nysø havde fuldendt i Leer Holbergs Buste	562	8	v7:562 (1839); v9:414 (1844); v9:431 (1844); v17:206 (1855); v17:233 (1855); v3:373 (1863); v8:28 (); v8:32 ()	high	in-register+head-noun+located+place-type	geo-2615912
Næsbyhoved … Vandmølle	Næsbyhoved … Vandmølle	Næsbyhoved vandmølle nedlagt 1863; søen er siden (1863) tørlagt.	1829	1829	14	Brudstykke af en Udflugt i Sommeren 1829	61	1	v14:61 (1829)	high	head-noun+place-type	
Nöddebo	Nöddebo	i Grib Skov i Nordsjælland.			8	(untitled)	121	1	v8:121 ()	medium	located+place-type	
Nørresnede	Nørresnede	byen Nørre Snede i Østjylland, hvor danske dragoner natten mellem 8. og 9. juni 1849 fangede et kommando kurhessiske husarer (64 mand); af Erik Pontoppidans Den Danske Atlas, bind IV, 1768, s. 476, fremgår det, at den hos Saxo omtalte sagnkonge Snio og hans dronning er begravet ved Nørre Snede.	1857	1857	6	»At være eller ikke være«	198	1	v6:198 (1857)	high	head-noun+place-type	
Nürnberg	Nürnberg	se kort. ¶ H.C. Andersen opholdt sig her 13.-15. november 1840. ¶ H.C. Andersen tog 15. juli fra Einsiedeln til Zürich og nåede via bl.a. Müchen og Augsburg til Nürnberg den 23. juli.	1842	1842 1869	14 18	En Digters Bazar	237	3	v14:237 (1842); v14:238 (1842); v18:241 (1869)	high	in-register+se-kort	geo-2861650
O-Palanka	O-Palanka	østrig-ungarsk grænsepost lidt nordvest for Bazias; se kort.	1842	1842	14	En Digters Bazar	542	1	v14:542 (1842)	high	se-kort	
Obelisk	Obelisk	ægyptisk obelisk, ført til byen fra Luxor o. 390 e.Kr. af Theodosius den store, nu anbragt på pladsen foran Amedmoskeen (også kaldet Den Blå Moske).	1842	1842	14	En Digters Bazar	464	1	v14:464 (1842)	medium	located+place-type	
Oberammergau	Oberammergau	landsby i Voralpen i Bayern sydvest for München (se kort), hvor der siden 1634 med enkelte undtagelser hvert tiende år har været opført spil over Jesu lidelseshistorie fra maj til september. Hver af de ca. 100 opførelser varer fra morgen til aften og varetages af lokale amatører. ¶ by i Voralpen i Bayern sydvest for München, hvor der siden 1634 med enkelte undtagelser hvert tiende år har været opført spil over Jesu lidelseshistorie fra maj til september. Hver af de ca. 100 opførelser varer fra morgen til aften og varetages af lokale amatører. ¶ landsby i Voralpen i Bayern sydvest for München, hvor der siden 1634 med enkelte undtagelser hvert tiende år har været opført spil over Jesu lidelseshistorie fra maj til september. Hver af de ca. 100 opførelser varer fra morgen til aften og varetages af lokale amatører; udflugten til Oberammergau varede 30. juni-3. juli.	1860	1860 1861 1869	15 18	Illustreret Tidende	200	3	v15:200 (1860); v15:209 (1861); v18:228 (1869)	high	se-kort+head-noun+located+place-type	
Odense Domkirke	Sanct Knuds Taarn	Odense Domkirke, Skt. Knuds Kirke, er opført i anden halvdel af 1200-tallet; kirketårnet stammer fra 1500-tallet.	1822	1822	9	Ungdoms-Forsøg	54	1	v9:54 (1822)	high	head-noun+place-type	
Odense Slot	Slottet	Odense Slot, opført 1720-1725 på stedet, hvor johanitterklostret lå.	1829	1829	14	Brudstykke af en Udflugt i Sommeren 1829	59	1	v14:59 (1829)	high	head-noun+place-type	
Odense-Munkemølle	Odense-Munkemølle	vandmøllen Munkemølle ved Odense Å, tæt på Munkemøllestræde; jf. nedenfor.			8	(untitled)	448	1	v8:448 ()	medium	located+place-type	
Oker	Ocker(-Floden)	Oker; 105 km lang biflod til Aller.	1831	1831	14	Skyggebilleder af en Reise til Harzen, det sachsiske Schweitz etc. etc., i Sommeren 1831	93	1	v14:93 (1831)	medium	located+place-type	geo-2857520
Olaf Trygveson	Olaf Trygveson	den norske kong Olav 1. Tryggvason blev dræbt under de store søslag ved Svold, hvor han kæmpede på sit skib, Ormen Lange, imod den danske konge, Svend 1. Tveskæg.	1830	1830	7	Digte	80	1	v7:80 (1830)	medium	located	
Olazagoitia	Olazagoitia	Olazagutía el. Olazti, se kort.	1863	1863	15	I Spanien	408	1	v15:408 (1863)	high	se-kort	
Old Bromton	Old Bromton	bydel i Westend, syd for Hyde Park.	1869	1869	18	Mit Livs Eventyr (inklusive Fortsættelse og Tillæg)	33	1	v18:33 (1869)	high	head-noun+located+place-type	
Oldeslohe	Oldeslohe	holstensk by nordøst for Hamborg.	1837	1837	5	Kun en Spillemand	73	1	v5:73 (1837)	medium	located+place-type	
Ole Bull	Ole Bull	den norske violinvirtuos og komponist Ole Bull, som H.C. Andersen havde mødt i København i november 1838 og siden i Hamburg i maj 1843; Ole Bull havde 1845 været på turné i USAog gav 1846 flere koncerter i Frankrig (Paris, Bordeaux og Marseille). Han og H.C. Andersen mødtes 29. juni 1846.	1855	1855	17	Mit Livs Eventyr (inklusive Fortsættelse og Tillæg)	336	1	v17:336 (1855)	medium	located	
Olevano	Olevano	by 45 km øst for Rom; har pga. sine maleriske omgivelser været et yndet opholdssted for kunstnere.	1869	1869	13	I Vetturin(ens)(italiensk) hyrekusk.Vetturinens Vogn	555	1	v13:555 (1869)	high	head-noun+located+place-type	
Olmütz	Olmütz	østtjekkisk by nordøst for Brno, hvor H.C. Andersen kort opholdt sig 6. marts 1846.	1855	1855	17	Mit Livs Eventyr (inklusive Fortsættelse og Tillæg)	322	1	v17:322 (1855)	medium	located+place-type	
Olten	Olten	se kort.	1858	1858	15	Fortællinger og Vers for Større og Mindre	153	1	v15:153 (1858)	high	se-kort	
Olymp	Olymp	bjerg i Lilleasien, ikke det nordgræske Olymp(os).	1842	1842	14	En Digters Bazar	477	1	v14:477 (1842)	high	head-noun+located+place-type	
Olympen	Olympen(s) | Olympen	bjergmassiv i Thessalien; i græsk mytologi gudernes bolig. ¶ (Olimbos) Olympos, Grækenlands højeste bjerg, i antikkens mytologi regnet for gudernes tilholdssted; se kort.	1836	1836 1842 1843 1853	2 4 10 14	O. T.	413	4	v4:413 (1836); v14:423 (1842); v10:385 (1843); v2:73 (1853)	high	located+se-kort+place-type	
om Algier og Araberne	om Algier og Araberne	Daumas havde især gjort tjeneste i Algier; han udgav bl.a. Moeurs et coutumes de l’Algérie, 1853 og La Kabylie, 1857. H.C. Andersen spiste »stor Frokost« hos ham 21. april, hvor »Generalen gav mig nogle af sine Skrifter«.	1869	1869	18	Mit Livs Eventyr (inklusive Fortsættelse og Tillæg)	308	1	v18:308 (1869)	medium	located	
Omnibus	Omnibus	hestetrukket offentligt transportmiddel; den første rute åbnet i Danmark 1841.	1852	1852	2	Svanereden	49	1	v2:49 (1852)	medium	located	
Omvendelses-Prædiken	Omvendelses-Prædiken	skikken med at tvinge jøderne til omvendelsesprædiken om søndagen i Sant’Angelo in Pescheria ophørte først 1848.	1835	1835	4	Improvisatoren	129	1	v4:129 (1835)	medium	located	
Oplagssted	Oplagssted	plads, pakhus o.l. til opbevaring af varer.	1854	1854	15	Folkekalender for Danmark	140	1	v15:140 (1854)	high	head-noun+place-type	
Oporto	Oporto	se kort.	1868	1868	15	Et Besøg i Portugal 1866	440	1	v15:440 (1868)	high	se-kort	
Oran	Oran	havneby i Nordvest-Algeriet.	1863	1863	15	I Spanien	341	1	v15:341 (1863)	high	head-noun+located+place-type	
Orehovo	Oreava	Orehovo; se kort.	1842	1842	14	En Digters Bazar	516	1	v14:516 (1842)	high	se-kort	
Orihuela	Orihuela	se kort.	1863	1863	15	I Spanien	258	1	v15:258 (1863)	high	se-kort	
Ornäs	Ørnæs	Ornäs; navn på såvel en gård som byen ved den sydvestlige bred af Runn; se kort 2.	1851	1851	15	I Sverrig	92	1	v15:92 (1851)	high	se-kort+place-type	
Orsova	Orsova | (Gammel-)Orsova	Or¸sova; se kort. ¶ Ors¸ova; rumænsk by på Donaus venstre bred (Ny Orsova lå på Donaus højre, serbiske bred).	1842	1842 1855	14 17	En Digters Bazar	509	2	v14:509 (1842); v17:221 (1855)	high	se-kort+located+place-type	
Oseborg	Slot	Oseborg, sydvest for det nuværende Nørre Vosborg, som formodes at være opført af Niels Bugge og ødelagt i 1532 under en stormflod: jf. Thiele I, 281 ff.	1860	1860	2	En Historie fra Klitterne	312	1	v2:312 (1860)	high	head-noun+place-type	
Otricoli	Atricoli	Otricoli, by ca. 12 km syd for Narni; se kort.	1842	1842	14	En Digters Bazar	291	1	v14:291 (1842)	high	se-kort	geo-3171783
Ottensen	Ottensen	den gang lille by ved Altona, nu del af byen.	1831	1831	14	Skyggebilleder af en Reise til Harzen, det sachsiske Schweitz etc. etc., i Sommeren 1831	78	1	v14:78 (1831)	high	in-register+located+place-type	geo-2856075
Ottesund	Ottesund	Oddesund.	1865	1865	3	Bispen paa Børglum og hans Frænde	82	1	v3:82 (1865)	high	head-noun+place-type	
Ou roulent … aussi	Ou roulent … aussi	(fransk) Hvor kanonerne ruller, hvor legionerne passerer! / Folket er også et hav! Fra Ode til søjlen i digtsamlingen Les chants du crépuscule (tusmørkets sange), 1835.	1837	1837	5	Kun en Spillemand	281	1	v5:281 (1837)	medium	located+place-type	
over Nestved til Slagelse	over Nestved til Slagelse	H.C. Andersen ankom til Næstved 3. juli 1829 og til Slagelse dagen efter.	1832	1832	16	Levnedsbog	154	1	v16:154 (1832)	medium	located	
P. F. Friis: Du sang om Liremanden	P. F. Friis: Du sang om Liremanden	hentydning til P.F. Friis’ digt »Gamle Lirendreier og Kildemanden« fra A.P. Liunge Juletræet. En Samling Originale Fortællinger og Digte, 1821, s. 35-36.	1832	1832	7	Vignetter til danske Digtere	321	1	v7:321 (1832)	medium	located	
P.T. Hald	En nuværende jydsk Præst	P.T. Hald, som blev teologisk kandidat i 1828; havde skrevet anmeldelser i Dansk Litteratur-Tidende og havde 1828 anonymt fået opført vaudevillerne Guldbryllups-Frierierne og Destillatøren på Det Kgl. Teater.	1855	1855	17	Mit Livs Eventyr (inklusive Fortsættelse og Tillæg)	88	1	v17:88 (1855)	medium	located	
Paaskeklokken kimed’	Paaskeklokken kimed’	»Paaskeklokken kimed mildt / Fra den danske Kyst,«, begyndelseslinjerne til Carl Plougs digt »Slaget ved Slesvig. (Til en færøisk Melodi)«, skrevet til en koncert i Casino til fordel for de sårede og de faldnes efterladte og trykt i Fædrelandet, nr. 120, 4. maj 1848.	1869	1869	18	Mit Livs Eventyr (inklusive Fortsættelse og Tillæg)	76	1	v18:76 (1869)	medium	located+place-type	
Padua	Padua	by på Posletten.	1835	1835	4	Improvisatoren	335	1	v4:335 (1835)	high	head-noun+located+place-type	
Paestum	Paestum	oldtidsby ved kysten, 55 km sydøst for Napoli.	1835	1835	4	Improvisatoren	253	1	v4:253 (1835)	high	head-noun+located+place-type	
Palais Royal	Palais Royal(s)	ved dette palads i Paris, bygget 1629-1634 af kardinal Richelieu, opførtes 1781-1786 en bygning med buegange og talrige butikker, teater og caféer.	1842	1842	14	En Digters Bazar	460	1	v14:460 (1842)	medium	located+place-type	
Palais-Royal	Palais royal	Palais-Royal; tidligere kongeslot, opført fra 1632, hvori 1641 indviedes et teater, som blev et af tidens mest berømte.	1855	1855	17	Mit Livs Eventyr (inklusive Fortsættelse og Tillæg)	111	1	v17:111 (1855)	high	head-noun+place-type	
Palazzo degli Uffizi	palazzo degli Uffizi | Palazzo degli Uffizi	opført som administrationsbygning 1560-1574, senere indrettet til kunstsamling. ¶ opført 1560-1581 som administrationsbygning på den anden side af Loggia dei Lanzi, senere indrettet til kunstsamling og omdannet til museum i 1700-tallet.	1842	1842 1862	3 14	En Digters Bazar	272	2	v14:272 (1842); v3:15 (1862)	high	in-register	place-000067
Palazzo del Doria	Palazzo del Doria	palads i den sydlige ende af corsoen, Roms hovedstrøg.	1835	1835	4	Improvisatoren	138	1	v4:138 (1835)	high	head-noun+place-type	
Palmaille	Palmaille	Palmaille, gade i Altona.	1831	1831	14	Skyggebilleder af en Reise til Harzen, det sachsiske Schweitz etc. etc., i Sommeren 1831	77	1	v14:77 (1831)	medium	located+place-type	
Palmyra	Palmyra	antik oaseby i Syrien 100 km øst byen Homs.	1855	1855	17	Mit Livs Eventyr (inklusive Fortsættelse og Tillæg)	200	1	v17:200 (1855)	medium	located+place-type	
Palnatoke	Palnatoke	sørgespil af samme, opført på Det Kongelige Teater 1809.	1848	1848	12	Kunstens Dannevirkevoldkompleks, der fra 600-1200-tallet var et forsvar ved rigets sydgrænse. Det sene Dannevirke bestod af store jordvolde, der i anden halvdel af 1100-tallet afsluttedes med Valdemarsmuren, opført i tegl af Valdemar 1. den Store. Under de slesvigske krige kom Dannevirke til at udgøre rygraden i en moderne feltstilling. Nationalromantiske forestillinger om, at Dannevirke skulle kunne holde stand over for tyskerne, gav fæstningsanlægget symbolværdi.Dannevirke	364	1	v12:364 (1848)	medium	located	
Pamplona	Pamplona	se kort.	1863	1863	15	I Spanien	228	1	v15:228 (1863)	high	se-kort	
Pancsova	Panscova	Pancsova, Pancˇevo; se kort.	1842	1842	14	En Digters Bazar	544	1	v14:544 (1842)	high	se-kort	
Pantheon	Pantheon	antikt rundtempel i Rom, senere indrettet til kirke; kirke i Paris, oprindeligt Sainte-Geneviève, bygget 1757-1789, som efter den franske revolution blev omdannet til begravelsessted for betydningsfulde franske personligheder. ¶ Panthéon des Français i Paris, bygget 1757-1789, oprindeligt Sainte-Geneviève, kirke for byens skytshelgeninde Genoveva, fra 1791 begravelsessted for betydningsfulde franske personligheder. ¶ (af græsk pantheion) viet til alle guderne; antikt tempel på Marsmarken i Rom viet til alle guder og oprindelig tænkt som helligdom for kejser Augustus egl. Gajus Julius Caesar Octavian (63 f.Kr.14). Det nuværende kompleks er rejst i 120’erne, men grundlæggelsen fandt allerede sted i 27 f.Kr. I 609 indviet til kirke for Jomfru Maria og martyrer. Her brugt i betydningen helligdom. ¶ (af græsk pantheion) viet til alle guderne; antikt tempel på Marsmarken i Rom viet til alle guder og oprindelig tænkt som helligdom for kejser Augustus – egl. Gajus Julius Caesar Octavian – (63 f.Kr.-14). Det nuværende kompleks er rejst i 120’erne, men grundlæggelsen fandt allerede sted i 27 f.Kr. I 609 indviet til kirke for Jomfru Maria og martyrer. ¶ antikt rundtempel på Marskmarken i Rom, senere indrettet til kirke.	1831	1831 1836 1837 1855 1870	4 5 14 15 17	Skyggebilleder af en Reise til Harzen, det sachsiske Schweitz etc. etc., i Sommeren 1831	118	5	v14:118 (1831); v4:530 (1836); v5:204 (1837); v17:135 (1855); v15:491 (1870)	high	in-register+located+place-type	geo-6619450
Paoli	Paoli	paolo er en sølvmønt slået i Kirkestaten og opkaldt efter Paul 3., Alessandro Farnese (1468-1649, pave fra 1534). Der går 10 paoli på en scudo, som nogenlunde svarer til 2 rigsdaler.	1842	1842	14	En Digters Bazar	294	1	v14:294 (1842)	medium	located	
Paris	Paris	H.C. Andersen opholdt sig her 10. maj-15. august. ¶ H.C. Andersen rejste over Folkestone og Amiens og kom 17. juli til Paris, som han forlod den 20. Via Strassburg, Mannheim, Frankfurt og Leipzig ankom han den 26. til Dresden. 27. juli rejste han med familien Serre til pianisten og komponisten Adolf Henselts gods Gersdorf i Schlesien, hvor major Serres Fødselsdag (den 28.) blev fejret. 30.-31. juli fulgtes han med Serres til Maxen, hvor han blev til 30. august. ¶ 21. januar-20. marts.	1846	1846 1869	16 18	Mit eget Eventyr uden Digtning	231	3	v16:231 (1846); v18:196 (1869); v18:267 (1869)	high	in-register	geo-2988507
Parnas	Parnas	(Parnassos) bjergmassiv 110 km nordvest for Athen; se kort. På massivets sydskråning lå oraklet i Delfi; bjerget var helliget Apollon og de ni muser. Ordet bruges også i overført betydning om en udvalgt kreds af kunstnere.	1842	1842	14	En Digters Bazar	395	1	v14:395 (1842)	high	se-kort+located	
Parnes Bjergene	Parnes Bjergene	(Parnitha); se kort.	1842	1842	14	En Digters Bazar	382	1	v14:382 (1842)	high	se-kort	
Paros og Anti-Paros	Paros og Anti-Paros	Paros og Andiparos; se kort.	1842	1842	14	En Digters Bazar	377	1	v14:377 (1842)	high	se-kort	
Paros’s Marmorgrube	Paros’s Marmorgrube	nordsiden af øen Paros, hvor der har været brudt marmor siden oldtiden; se kort.	1842	1842	14	En Digters Bazar	391	1	v14:391 (1842)	high	se-kort+place-type	
Parthenon	Parthenon(s)	parthenonfrisen fra Parthenontemplet på Athens akropolis, opført 477-438. I 1801-1802 fik den engelske Lord Elgin osmannernes tilladelse til at fjerne en del af skulpturerne fra Parthenons ruiner og hjemførte dem til England. Siden 1816 i den engelske stats eje.	1860	1860	15	Berlingske politiske Avertissements-Tidende	176	1	v15:176 (1860)	high	in-register	geo-8354432
Pastor Bastholms Bibliothek	Pastor Bastholms Bibliothek	sognepræst ved St. Peders kirke, Hans Bastholm, var en stor bogsamler; han solgte sit bibliotek med over 5.000 bind til Sorø Akademi i 1847. ¶ sognepræsten ved St. Peders kirke, Hans Bastholm, var en stor bogsamler; han solgte sit bibliotek med over 5.000 bind til Sorø Akademi i 1847.	1846	1846 1855	16 17	Mit eget Eventyr uden Digtning	211	2	v16:211 (1846); v17:61 (1855)	medium	located+place-type	
Patras	Patras	græsk havneby på Peloponnes; se kort. ¶ (Patra); se kort.	1842	1842	14	En Digters Bazar	351	2	v14:351 (1842); v14:393 (1842)	high	se-kort+located+place-type	
Pebling-Søen	Pebling-Søen	sø i København, der blev dannet i middelalderen for at sikre vandstanden i voldgravene.	1831	1831	14	Skyggebilleder af en Reise til Harzen, det sachsiske Schweitz etc. etc., i Sommeren 1831	94	1	v14:94 (1831)	high	head-noun+located+place-type	
Peblingesøen	Peblingesøen	sø i København, der blev dannet i middelalderen for at sikre vandstanden i voldgravene.	1832	1832	16	Levnedsbog	93	1	v16:93 (1832)	high	head-noun+located+place-type	
Pederwardein	Pederwardein	Petrovaradin på modsat bred i forhold til Novi Sad; se kort.	1842	1842	14	En Digters Bazar	548	1	v14:548 (1842)	high	se-kort	
Pedri	Pedri	Petri Kirke i Skt. Peders Stræde, vistnok tidligst nævnt 1304. Mange om- og tilbygninger; Petri Kirke blev hovedistandsat efter bombardementet 1807, efter hvilket det nuværende barokspir (fra 1756-1757) var bevaret.	1829	1829	10	Kjærlighed paa Nicolai TaarnSankt Nicolai Kirke på Nicolai Plads er første gang nævnt 1261, men er formentlig betydelig ældre. Tårnet opførtes 1582-1591.Ved branden 1795 blev kirken ødelagt og lå hen som ruin; tårnet blev siden indrettet til brug for brandvæsenet, der ejede det 1808-1882. Fra 1820 anvendtes det til brandvagt og signalstation. Den nuværende kirkebygning er opført 1914-1917. Tårnet blev istandsat og fik nyt spir 1908-1910. Om helgenen Sankt Nicolai: se note til s. 87.Nicolai Taarn eller Hvad siger Parterretstå- og siddepladser på teatrets gulv; blev benyttet af bl.a. borgere og studenter og var billigere end logerne, hvor det fine publikum sad. Ofte gav tilskuerne i parterret deres bifald eller mishag stærkt til kende.Parterret	72	1	v10:72 (1829)	medium	located+place-type	
Peesin	Peesin	Pessin. Se kort.	1831	1831	14	Skyggebilleder af en Reise til Harzen, det sachsiske Schweitz etc. etc., i Sommeren 1831	180	1	v14:180 (1831)	high	se-kort	
Pelasger	Pelasger	folkestamme fra Thessalien (se kort).	1842	1842	14	En Digters Bazar	376	1	v14:376 (1842)	high	se-kort	
Pentelikon	Pentelikon	(Pendeli) bjerg nordøst for Athen; se kort.	1842	1842	14	En Digters Bazar	382	1	v14:382 (1842)	high	se-kort+head-noun+located+place-type	
Pera	Pera	bydel i Istanbul.	1842	1842 1851	14 15	En Digters Bazar	442	3	v14:442 (1842); v14:512 (1842); v15:61 (1851)	high	head-noun+located+place-type	
Perpignan	Perpignan	fransk by nær grænsen til Spanien.	1863	1863	15	I Spanien	220	1	v15:220 (1863)	medium	located+place-type	
Pest	Pest	Pest på den venstre Donaubred blev først slået sammen med Buda på den højre i 1873, hvorved Budapest blev dannet; se kort.	1842	1842	14	En Digters Bazar	509	1	v14:509 (1842)	high	in-register+se-kort	geo-3046446
Pesten	Pesten	København blev i 1711 ramt af en pest, som skal have kostet o. 23.000 menneskeliv.	1865	1865	13	Da Spanierne var her	491	1	v13:491 (1865)	high	head-noun+place-type	
Peter Frederik Wulff	Admiral Wulff(s) | Wulff(s)	Peter Frederik Wulff, chef for Søkadetakademiet, som i H.C. Andersens latinskoletid åbnede sit hjem for ham.	1869	1869	18	Mit Livs Eventyr (inklusive Fortsættelse og Tillæg)	204	2	v18:204 (1869); v18:283 (1869)	medium	located	
Peterskirken	Roms 7 hellige Kirker | Peterskirken(s) | St. Peter(s) | Peterskirken	Peterskirken, San Giovanni in Laterano, San Paolo fuori le Mura, Santa Maria Maggiore, Santa Croce in Gerusalemme, San Lorenzo fuori le Mura og San Sebastiano. ¶ den romersk-katolske kirkes hovedsæde i Vatikan-staten i Rom, indviet til apostelen Peter. ¶ Peterskirken, bygget over apostlen Peters formodede grav. Den nuværende kirke blev påbegyndt i 1500-tallet og erstattede en tidligere kirkebygning fra 300-tallet. ¶ den romersk-katolske kirkes hovedsæde i Vatikanstaten i Rom, indviet til apostelen Peter.	1835	1835 1840 1842 1855	4 9 14 17	Improvisatoren	167	4	v4:167 (1835); v9:383 (1840); v14:295 (1842); v17:134 (1855)	high	head-noun+place-type+located	
Petit Trianon	lille Trianon(s Have)	Petit Trianon, lystslot i Versailles’ slotspark, opført 1762-1768; blev et yndet opholdssted for dronning Marie-Antoinette, som fra 1774 etablerede en engelsk-inspireret landskabshave med tilhørende malerisk miniatureby.	1855	1855	17	Mit Livs Eventyr (inklusive Fortsættelse og Tillæg)	113	1	v17:113 (1855)	medium	located+place-type	
Petri	Petri	Skt. Petri Kirke i Sankt Peders Stræde i København.			7	Hjertesuk af en udtjent Damekjole	53	1	v7:53 ()	medium	located+place-type	
Petri-Taarn	Petri-Taarn	tårnet på Skt. Petri Kirke {B3} i St. Peder-Stræde. Tårnvægterne holdt i byernes kirketårne udkig efter ildebrande, skibes ankomst etc. samt udråbte klokkeslættene for natvægterne, der patruljerede i byens gader.	1829	1829	9	Kjøbenhavns-Posten	473	1	v9:473 (1829)	high	head-noun+located+place-type	
Pfaffenstein	Pfaffenstein	bjerg på 427 m.	1831	1831	14	Skyggebilleder af en Reise til Harzen, det sachsiske Schweitz etc. etc., i Sommeren 1831	155	1	v14:155 (1831)	high	head-noun+place-type	
Philemon og Baucis	Philemon og Baucis	i Knud Lyne Rahbeks digt »Til mit Bakkehus«, trykt 1. gang i Poetiske Forsøg 2. del, 1802, s. 187 f., hedder det: »Her Baucis og Philemon leve, døe/Tilsammen i hinandens Arm af Ælde«. Philemon og Baucis nævnes i en myte i Ovids Metamorphoses, VIII, V. 631 f. som et gammelt, fromt og fattigt bondepar i Frygien, der til løn for deres gæstfrihed af Zeus ved deres samtidige død forvandledes til to sammenvoksede træer: Philemon til en eg, Baucis til en lind. Ingemann satte Johs. Ewalds sangdrama Philemon og Baucis, 1772, ind i »Varners poëtiske Vandringer« fra digtsamlingen Procne, 1813, som de elskendes læsning.	1869	1869	18	Mit Livs Eventyr (inklusive Fortsættelse og Tillæg)	182	1	v18:182 (1869)	medium	located	
Philisterne	Philisterne(s)	Israels vestlige naboer på kyststrækningen fra Gaza til Jaffa (nu Tel-Aviv).	1876	1876	13	Kong Saulkong Saul var Israels første konge, o. 1000 f.Kr.Kong Saul	567	1	v13:567 (1876)	medium	located	
PhilisternePhilistrene	PhilisternePhilistrene	Israels vestlige naboer på kyststrækningen fra Gaza til Jaffa (som nu er en del af Tel Aviv).			12	AhasverusDen evige Jøde, Jerusalems Skomager, skikkelse fra et middelalderligt sagn, ofte behandlet i dansk litteratur på H.C. Andersens tid. If. sagnet slog Ahasverus Jesus, da denne var på vej til korsfæstelsen på Golgathabjerget; derfor må han vandre fredløs om i verden til evig tid uden at kunne dø. En dansk bearbejdelse, 1607, af en tysk folkebog om Ahasverus fra 1602 er gået tabt; en dansk udgave fra 1631 er bevaret. En almuevise om Ahasverus stammer formentlig fra 1700-tallets første del.Ahasverus	250	1	v12:250 ()	medium	located	
Piazza colonna	Piazza colonna	plads midtvejs på corsoen med navn efter Marcus Aurelius-søjlen.	1835	1835	4	Improvisatoren	141	1	v4:141 (1835)	high	head-noun+place-type	
Piazza del Popolo	Piazza del Popolo	(italiensk) folkets plads; stor plads i det centrale Rom.	1835	1835	4	Improvisatoren	86	1	v4:86 (1835)	high	in-register+place-type	geo-6954102
piazza venezia	piazza venezia	plads, opkaldt efter den venetianske ambassade.	1837	1837	5	Kun en Spillemand	250	1	v5:250 (1837)	high	head-noun+place-type	
Pietramala	Pietra Mala	Pietramala, by mellem Bologna og Firenze; se kort.	1842	1842	14	En Digters Bazar	269	1	v14:269 (1842)	high	se-kort+located+place-type	
Pincio	Promenade	Pincio, et offentligt haveanlæg omkring Villa Medici tegnet af Valadier.	1842	1842	14	En Digters Bazar	297	1	v14:297 (1842)	medium	located	
Pinieskov	Pinieskov	skoven strakte sig tidligere fra Puerto Real til Puerto de Santa María, se kort.	1863	1863	15	I Spanien	354	1	v15:354 (1863)	high	se-kort+head-noun+located+place-type	
Pirna	Pirna	se kort.	1831	1831	14	Skyggebilleder af en Reise til Harzen, det sachsiske Schweitz etc. etc., i Sommeren 1831	156	2	v14:156 (1831); v14:165 (1831)	high	in-register+se-kort	geo-2853572
Piræus	Piræus	Athens forstad og havneby; se kort. ¶ (Pireas) Athens havneby; se kort.	1842	1842	14	En Digters Bazar	351	2	v14:351 (1842); v14:378 (1842)	high	se-kort	
Pisa	Pisa	by i Toscana vest for Firenze; se kort. ¶ se kort. ¶ 30. maj.	1835	1835 1869 1870	14 15 18	Søndagsblad. Et æsthetisk Ugeskrift	202	3	v14:202 (1835); v18:239 (1869); v15:490 (1870)	high	in-register+se-kort+head-noun+located+place-type	geo-3170647
Pissevache	Pissevache	berømt vandfald ved Trient-floden i den schweiziske kanton Wallis.	1836	1836	4	O. T.	622	1	v4:622 (1836)	medium	located+place-type	
Pladsen	Pladsen	den spanske plads (Piazza di Spagna).	1837	1837	5	Kun en Spillemand	260	1	v5:260 (1837)	high	head-noun+place-type	
Plaine	Plaine(r)	slette.	1840	1840	9	Billedbog uden Billederjf. den tyske komponist Felix Mendelssohn-Bartholdys (1809-1847) klaverstykker <i>Lieder ohne Worte</i>, 1829-1845 (sange uden ord).Billedbog uden Billeder	379	1	v9:379 (1840)	high	head-noun+place-type	
plauenscher Grund	plauenscher Grund	dal i nærheden af Dresden; se kort.	1831	1831	14	Skyggebilleder af en Reise til Harzen, det sachsiske Schweitz etc. etc., i Sommeren 1831	167	1	v14:167 (1831)	high	in-register+se-kort+head-noun+place-type	place-000045
Plavisevita	Plavisovicza	Plavisevita, landsby ca. 20 km fra Orsova.	1842	1842	14	En Digters Bazar	536	1	v14:536 (1842)	medium	located+place-type	
Plaza de Oriente	Plaza de Oriente	plads på østsiden af slottet, anlagt mellem 1816 og 1850.	1863	1863	15	I Spanien	384	1	v15:384 (1863)	high	head-noun+place-type	
Plaza Nueva	Plaza Nueva	Den Nye Plads.	1863	1863	15	I Spanien	302	1	v15:302 (1863)	high	head-noun+place-type	
Poitiers	Poitiers	by i Vestfrankrig.	1864	1864	13	Han er ikke fødtadelig af fødsel.født	440	1	v13:440 (1864)	high	head-noun+located+place-type	
Pompeii	Pompeii	antik, romersk by, der blev ødelagt under vulkanen Vesuvs udbrud 79 e.Kr.; se kort. Udgravningerne i midten af 1700-tallet gav inspiration til den nyklassicistiske pompejanske stil.	1842	1842	14	En Digters Bazar	245	1	v14:245 (1842)	high	in-register+se-kort+place-type	geo-3170336
Pompeij	Pompeij	romersk by i Napolibugten ødelagt ved vulkanen Vesuvs udbrud 79 e.Kr.	1869	1869	18	Mit Livs Eventyr (inklusive Fortsættelse og Tillæg)	314	1	v18:314 (1869)	medium	located+place-type	
Pompeji	Pompeji | Pompeji(s)	antik havneby ved Napolibugten, som blev begravet af aske og pimpsten under Vesuvs udbrud i 79 e.Kr. De første spredte udgravninger af byen påbegyndtes i 1748, men en systematisk udgravning tog først fart i 1861 under ledelse af den italienske arkæolog Giuseppe Fiorelli (1823-1896). ¶ antik romersk by, begravet ved Vesuvs udbrud i 79 e.Kr. ¶ den romerske by syd for Napoli, der blev ødelagt og begravet i aske ved Vesuvs udbrud 79. e.Kr. ¶ antik havneby ved Napolibugten, som blev begravet af aske og pimpsten under Vesuvs udbrud i 79 e.Kr.; de første spredte udgravninger af byen påbegyndtes i 1748, men en systematisk udgravning tog først fart i 1861. ¶ oldtidsby ved Napolibugten, som blev begravet af aske og pimpsten under Vesuvs udbrud i 79 e.Kr.; de første spredte udgravninger af byen påbegyndtes i 1748, men en systematisk udgravning tog først fart i 1861. ¶ antik romersk by, begravet ved Vesuvs udbrud 79 e.Kr., genfundet 1748 og siden udgravet.	1840	1840 1846 1855 1860 1868 1869	9 15 16 17 18	Billedbog uden Billederjf. den tyske komponist Felix Mendelssohn-Bartholdys (1809-1847) klaverstykker <i>Lieder ohne Worte</i>, 1829-1845 (sange uden ord).Billedbog uden Billeder	375	7	v9:375 (1840); v16:213 (1846); v17:66 (1855); v17:153 (1855); v15:187 (1860); v15:456 (1868); v18:218 (1869)	high	located+place-type+head-noun	
Pompeji og Herculanum	Pompeji og Herculanum	de to romerske byer blev ødelagt ved Vesuvs udbrud 79 e.Kr.	1860	1860	2	»Deilig!«	299	1	v2:299 (1860)	medium	located+place-type	
pont neuf	pont neuf	(fransk) den nye bro; en af Seinebroerne.	1837	1837	5	Kun en Spillemand	279	1	v5:279 (1837)	high	head-noun+place-type	
ponte molle	ponte molle	bro over Tiberen uden for Rom, Den Milviske Bro, jf. H.C. Andersens note.	1835	1835	4	Improvisatoren	100	1	v4:100 (1835)	high	head-noun+place-type	
Porphyr-Værket	Porphyr-Værket	Elfdals Porfyrverk i Älvdalen (se kort 2), grundlagt 1788.	1851	1851	15	I Sverrig	97	1	v15:97 (1851)	high	se-kort+place-type	
Porta Westfalica	Porta vestphalia	Porta Westfalica, lille by lidt vest for Hannover.	1869	1869	18	Mit Livs Eventyr (inklusive Fortsættelse og Tillæg)	296	1	v18:296 (1869)	medium	located+place-type	
Portici	Portici	italiensk by ved foden af Vesuv, sydøst for Napoli. ¶ La muette de Portici, opera, 1828, af D.F.E. Auber; tekst af E. Scribe og G. Delavigne; dansk Den Stumme i Portici, oversat af J.L. Heiberg; opført på Det Kongelige Teater 1830. ¶ østlig forstad til Napoli.	1836	1836 1842 1855	7 11 14 17	Vandring paa Vesuv. Ved Eruptionen om Aftenen den 24 Februar 1834	496	4	v7:496 (1836); v11:208 (1836); v14:347 (1842); v17:152 (1855)	high	in-register+place-type+located	geo-3170116
Portici … Sorrent	Portici … Sorrent	Portici og Sorrento på kysten syd for Napoli; se kort.	1835	1835	14	Søndagsblad. Et æsthetisk Ugeskrift	195	1	v14:195 (1835)	high	se-kort+located+place-type	
Portile de Fier	Jern Port	Portile de Fier, Donaus gen-‚ nembrudsdal mellem De Transsylvanske Alper og De Østserbiske Bjerge; den er 117 km lang og 120 m på det smalleste sted.	1842	1842	14	En Digters Bazar	522	1	v14:522 (1842)	medium	located+place-type	
Posilip-Grotten	Posilip-Grotten	naturskabt grotte i bjergryg, der løber ud i odden mellem Napoli og Pozzuolibugten. Posillipo-grotten er formet som en 689 m lang tunnel.	1835	1835	14	Søndagsblad. Et æsthetisk Ugeskrift	195	1	v14:195 (1835)	medium	located	
Posilipo-Grotten	Posilipo-Grotten	naturskabt tunnel på kystvejen vest for Napoli.	1835	1835	4	Improvisatoren	217	1	v4:217 (1835)	medium	located	
Prado	Prado(ens)	promenade, som da lå i udkanten af byen mod en række offentlige haver.	1863	1863	15	I Spanien	379	1	v15:379 (1863)	high	head-noun+place-type	
Pressburg	Presburg	Pressburg; tysk navn for nuværende Bratislava; se kort.	1842	1842	14	En Digters Bazar	560	1	v14:560 (1842)	high	se-kort	
Preussen	Preussen	tidligere hertugdømme og kongerige i det nuværende Tyskland, Polen, Litauen og Hviderusland.	1831	1831	14	Skyggebilleder af en Reise til Harzen, det sachsiske Schweitz etc. etc., i Sommeren 1831	90	1	v14:90 (1831)	high	head-noun+place-type	
Priwall	Priwall	ca. 3 km lang halvø ved Traves udmunding.	1831	1831	14	Skyggebilleder af en Reise til Harzen, det sachsiske Schweitz etc. etc., i Sommeren 1831	69	1	v14:69 (1831)	high	in-register+located+place-type	geo-2851960
Prokres-Osten	Prokres-Osten	Anton (Freiherr) Prokesch von Osten, østrigsk gesandt i Athen 1834-1849.	1846	1846	16	Mit eget Eventyr uden Digtning	258	1	v16:258 (1846)	medium	located	
Prometheus’ Befrielse	Prometheus	Prometheus’ Befrielse, 1864, privateje, eller Prometheus’ ørn, 1864, nu på Ribe Kunstmuseum.			8	Af Samlede Skrifter	479	1	v8:479 ()	medium	located	
Propheternes Dom	Propheternes Dom	Jesus spåede Jerusalems ødelæggelse, bl.a. i Matthæus 24, hvor han i v. 15 henviser til profeten Daniels forudsigelser, Daniels Bog 9,27.			12	AhasverusDen evige Jøde, Jerusalems Skomager, skikkelse fra et middelalderligt sagn, ofte behandlet i dansk litteratur på H.C. Andersens tid. If. sagnet slog Ahasverus Jesus, da denne var på vej til korsfæstelsen på Golgathabjerget; derfor må han vandre fredløs om i verden til evig tid uden at kunne dø. En dansk bearbejdelse, 1607, af en tysk folkebog om Ahasverus fra 1602 er gået tabt; en dansk udgave fra 1631 er bevaret. En almuevise om Ahasverus stammer formentlig fra 1700-tallets første del.Ahasverus	274	1	v12:274 ()	medium	located	
Propylæer	Propylæer	indgangsbygningen til Akropolis, opført under Perikles 437-432 f.Kr. og beliggende lige op til Niketemplet.	1842	1842	14	En Digters Bazar	390	1	v14:390 (1842)	medium	located	
prægtig Villa	prægtig Villa	San Anton Palace bygget i Attard (midtvejs mellem Valetta og Mdina) i slutningen af 1500-tallet som stormesterens sommerresidens, nu præsidentens residenspalads.	1842	1842	14	En Digters Bazar	366	1	v14:366 (1842)	medium	located	
Præsten	Præsten	sognepræsten i Rättvik, Per Ulrik Boëthius.	1869	1869	18	Mit Livs Eventyr (inklusive Fortsættelse og Tillæg)	92	1	v18:92 (1869)	medium	located	
Præstö Strand	Præstö Strand	Henrik Stampe voksede op på Nysø gods ved Præstø på Sydsjælland.			8	(untitled)	146	1	v8:146 ()	medium	located+place-type	
Psephenon	Psephenon	tårnet Psefinos i det nordvestlige Jerusalem, bygget af Herodes d. Store.			12	AhasverusDen evige Jøde, Jerusalems Skomager, skikkelse fra et middelalderligt sagn, ofte behandlet i dansk litteratur på H.C. Andersens tid. If. sagnet slog Ahasverus Jesus, da denne var på vej til korsfæstelsen på Golgathabjerget; derfor må han vandre fredløs om i verden til evig tid uden at kunne dø. En dansk bearbejdelse, 1607, af en tysk folkebog om Ahasverus fra 1602 er gået tabt; en dansk udgave fra 1631 er bevaret. En almuevise om Ahasverus stammer formentlig fra 1700-tallets første del.Ahasverus	271	1	v12:271 ()	high	head-noun+place-type	
Pyrenæer	Pyrenæer	bjergkæde langs grænsen mellem Frankrig og Spanien.	1863	1863	15	I Spanien	220	1	v15:220 (1863)	high	head-noun+located+place-type	
Pæstum	Pæstum	oldtidsby ca. 60 km syd for Napoli, grundlagt omkring 600 f.Kr. af græske kolonister.	1855	1855	17	Mit Livs Eventyr (inklusive Fortsættelse og Tillæg)	153	1	v17:153 (1855)	high	head-noun+located+place-type	
Pöseldorf	Pöseldorf	den gang lille by ved Hamborg, nu forstad.	1831	1831	14	Skyggebilleder af en Reise til Harzen, det sachsiske Schweitz etc. etc., i Sommeren 1831	77	1	v14:77 (1831)	medium	located+place-type	
Quai	Quai | Quai(en)	(fransk) kaj.	1842	1842	14	En Digters Bazar	233	2	v14:233 (1842); v14:512 (1842)	high	head-noun+place-type	
Quedlinburg	Qvedlingburg	Quedlinburg; se kort.	1831	1831	14	Skyggebilleder af en Reise til Harzen, det sachsiske Schweitz etc. etc., i Sommeren 1831	101	1	v14:101 (1831)	high	se-kort	
Quito	Quito	hovedstad i Ecuador; også navn for et indiansk folk, der under den spanske erobrings tid hørte under Inkariget, i hvis nordlige del inkaernes daværende hovedstad Quitu lå. Handlingen i Cora er dog henlagt til Peru.	1841	1841	11	Vandring gjennem Opera-Galleriet	517	1	v11:517 (1841)	high	head-noun+located+place-type	
Qvirinalet	Qvirinalet	palads syd for Piazza Barberini; den pavelige residens på romanens affattelsestidspunkt.	1835	1835	4	Improvisatoren	65	1	v4:65 (1835)	high	head-noun+located+place-type	
Radujevac	Radejevacz | Radeciwecz	Radujevac; se kort.	1842	1842	14	En Digters Bazar	516	2	v14:516 (1842); v14:521 (1842)	high	se-kort	geo-786557
Ragaz med Bad-Pfäffers	Ragaz med Bad-Pfäffers	Bad Pfäfers er et kursted, opstået omkring en varm kilde (36,5°), opdaget ca. 1250 ved Taminaslugten af jægere fra benediktinerklostret Pfäfers. Det første badehus over Taminaslugten blev bygget omkring 1350. I 1840 blev vandet ledt ned i dalen til landsbyen Ragaz, hvor kurstedet Bad Ragaz blev skabt; se kort.	1858	1858	15	Fortællinger og Vers for Større og Mindre	153	1	v15:153 (1858)	high	se-kort+place-type	
Rammelsberg	Rammelsberg | Rammelsbjerg	bjerg med sølvmine. ¶ Rammelsberg, bjerg syd for Goslar, som H.C. Andersen så 25. maj 1831.	1851	1851 1869	15 18	I Sverrig	124	2	v15:124 (1851); v18:93 (1869)	high	head-noun+place-type+located	
Rantzau-Breitenburg … Fædreneborg	Rantzau-Breitenburg … Fædreneborg	gehejmestatsminister A.C.P. Rantzaus borg syd for Itzehoe i Slesvig-Holsten, hvor H.C. Andersens var på besøg i både 1840, 1843 og 1844.	1855	1855	17	Mit Livs Eventyr (inklusive Fortsættelse og Tillæg)	207	1	v17:207 (1855)	medium	located+place-type	
Ravenna	Ravenna	se kort.	1842	1842	14	En Digters Bazar	274	1	v14:274 (1842)	high	se-kort	
Ravenswood	Ravenswood	borg i den engelske forfatter Walter Scotts roman The Bride of Lammermoor, 1819 (dansk Bruden fra Lammermoor, 1823, dramatiseret af H.C. Andersen i det romantiske syngestykke Bruden fra Lammermoor, 1832 (BFN 183)); borgen er hjemsted for hovedpersonen Edgars slægt; der er tale om en faktisk lokalitet uden for Edingburgh, ruinerne af Fast Castle, bygget i 1300-tallet, højt beliggende på klipperne ved Nordsøen.			8	Af Samlede Skrifter	492	1	v8:492 ()	high	head-noun+place-type	
Reformationsfesten	Reformationsfesten	kirke- eller universitetsfest til minde om reformationen 1536; afholdes den 31. oktober.	1836	1836	4	O. T.	473	1	v4:473 (1836)	high	head-noun+place-type	
Reggio	Reggio	se kort.	1842	1842	14	En Digters Bazar	357	1	v14:357 (1842)	high	se-kort	
Regnbue ved Maaneskin	Regnbue ved Maaneskin	vel hentydning til digtet »Veirmöllen paa Bakken«, 1830, optaget i Phantasier og Skizzer, 1831, hvori det hedder »Dog, Maanens Lys er ikke slukt, Thi see, en Regnbue hvælver smukt«; hvilken anmeldelse eller kommentar, H.C. Andersen hentyder til, har ikke kunnet identificeres.	1855	1855	17	Mit Livs Eventyr (inklusive Fortsættelse og Tillæg)	225	1	v17:225 (1855)	medium	located+place-type	
Residentsen	Residentsen	hovedstaden, hvor kongen residerer.	1838	1838	9	Tre Digtninger	330	1	v9:330 (1838)	high	head-noun+place-type	
Rest af Tibers prægtige Sale	Rest af Tibers prægtige Sale	ruinerne af kejser Tiberius’ villaer på Capri, bygget 27-37 e.Kr.	1842	1842	14	En Digters Bazar	354	1	v14:354 (1842)	high	head-noun+place-type	
Reuss	Reuss	floden Reuss løber gennem Luzern; se kort.	1861	1861	15	Illustreret Tidende	210	1	v15:210 (1861)	high	se-kort+head-noun+place-type	
Rhinen	Rhinen(s) | Rhinen	Europas tredjestørste flod, der løber fra Schweiz igennem Tyskland og Holland. ¶ 1320 km lang flod i Mellem- og Nordvesteuropa.	1842	1842 1851	14 15	En Digters Bazar	536	2	v14:536 (1842); v15:118 (1851)	medium	located+place-type	
Rhinfald	Rhinfald	der Rheinfall ved Neuhausen (se kort), Europas største vandfald 150 m bredt og 23 m højt. Banen krydser Rhinen nedenfor faldet, hvorefter den passerer en tunnel under den klippe, hvorpå det middelalderlige slot Laufen er bygget.	1858	1858	15	Fortællinger og Vers for Større og Mindre	153	1	v15:153 (1858)	high	se-kort+place-type	
Riborg	de fortræffelige Børn	Riborg, Frederikke, Christian, Johan Peter og Laura Voigt.	1832	1832	16	Levnedsbog	161	1	v16:161 (1832)	high	head-noun+place-type	
Riborg Voigt	Den ældste Datter	Riborg Voigt, der var et år yngre end H.C. Andersen.	1832	1832	16	Levnedsbog	163	1	v16:163 (1832)	high	head-noun+place-type	
Riddarholmen	Riddarholmen	ø beliggende i søen Mälaren i det centrale Stockholm.	1851	1851	15	I Sverrig	68	1	v15:68 (1851)	high	head-noun+place-type	
Riddarholmskyrkan	Ridderholms-Kirken	Riddarholmskyrkan; opført i slutningen af 1200-tallet som kirke til franciskanerklosteret på Riddarholmen og siden brugt til grave og mindesmærker, fx er en stor del af Sveriges regenter begravet her. Det luftige smedejernsspir kom først til 1838-1846.	1851	1851	15	I Sverrig	58	1	v15:58 (1851)	medium	located+place-type	
Rigoletto	Rigoletto	opera fra 1851. H.C. Andersen havde set den i Berlin 5. nov. 1860.	1863	1863	15	I Spanien	272	1	v15:272 (1863)	medium	located	
Rocca del Papa	Rocca del Papa	by i Albanerbjergene 22 km sydøst for Rom.	1835	1835	4	Improvisatoren	185	1	v4:185 (1835)	high	head-noun+located+place-type	
Roccà	Roccà	evt. fæstningen La Rocca ved Narni; se kort.	1842	1842	14	En Digters Bazar	291	1	v14:291 (1842)	high	se-kort+place-type	
Rochester	Rochester	by 28 km sydøst for London.	1860	1860	15	Berlingske politiske Avertissements-Tidende	161	1	v15:161 (1860)	high	head-noun+located+place-type	
Roeskilde-Dom	Roeskilde-Dom	Roskilde Domkirke.	1842	1842	14	En Digters Bazar	398	1	v14:398 (1842)	high	head-noun+place-type	
Rolighed	Rolighed	Melchiors landsted på Østerbro ved Kalkbrænderivejen. Her boede H.C. Andersen første gang 9.-29. september 1866; det blev hans andet hjem i de kommende somre, og her døde han 4. august 1875.	1869	1869	18	Mit Livs Eventyr (inklusive Fortsættelse og Tillæg)	320	1	v18:320 (1869)	medium	located	
Roller	Roller	navnet optræder i Jens Baggesens epos Thora fra Havsgaard, 1814-1816, og i Adam Oehlenschlägers Hroars Saga, 1817.	1822	1822	10	Scene af: Røverne i VissenbergVissenbjerg, sogn ca. 10 km vest for Odense. Sagnet fortæller, at en røverbande her havde dybe gange under landevejene, og at der i røverkulens loft hang klokker, som ringede, når nogen kørte forbi, jf. Thiele 1, 2.Vissenberg i Fyen	64	1	v10:64 (1822)	medium	located	
Roms Campagne	Roms Campagne	flodsletten omkring Rom og Tiberens nedre løb. Den blev afvandet i antikken og brugt som kornkammer, men dræningssystemerne brød senere sammen, og området forsumpede. ¶ sletten omkring Rom. ¶ den store slette, der omgiver Rom.	1842	1842 1855 1868	14 15 17	En Digters Bazar	295	3	v14:295 (1842); v17:134 (1855); v15:427 (1868)	high	located+head-noun+place-type	
Rorschach	Rorschach	se kort.	1858	1858	15	Fortællinger og Vers for Større og Mindre	153	1	v15:153 (1858)	high	se-kort	
Rosenborg	Rosenborg	lystslot, opført 1606-1634. ¶ egentlig lystslottet Rosenborg i Kongens Have i København, opført 1606-1634.	1868	1868	3 8	Gudfaders Billedbog	178	2	v3:178 (1868); v8:423 ()	high	head-noun+place-type+located	
Rosenborg Have	Rosenborg Have	lystslottet Rosenborg ligger i Kongens Have i København, opført 1606-1634.			8	Af Samlede Skrifter	507	1	v8:507 ()	high	head-noun+located+place-type	
Rosenborg Slot	Rosenborg Slot	slot i København, opført 1606-1634 for Christian 4. (1577-1648, konge af Danmark og Norge fra 1596).	1831	1831	14	Skyggebilleder af en Reise til Harzen, det sachsiske Schweitz etc. etc., i Sommeren 1831	148	1	v14:148 (1831)	high	head-noun+located+place-type	
Rosenvænget	Rosenvænget | »Rosenvænget«	kvarter på det ydre Østerbro, grænsende op til Øresund, hvor en række prominente borgere og kunstnere, heriblandt fx Johanne Luise Heiberg, fra 1850’erne lod opføre villaer. ¶ kvarter på det ydre Østerbro, grænsende op til Øresund, hvor en række prominente borgere og kunstnere, heriblandt fx Johanne Luise Heiberg,  fra 1850’erne lod opføre villaer. ¶ kvarter på det ydre Østerbro, grænsende op til Øresund, hvor en række prominente borgere og kunstnere fra 1850’erne lod opføre villaer, og hvor ægteparret Melchiors landsted, »Rolighed«, lå. ¶ kvarter på det ydre Østerbro, grænsende op til Øresund, hvor en række prominente borgere og kunstnere fra 1850’erne, bl.a. Johanne Luise Heiberg (1812-1890), lod opføre villaer.	1872	1872 1874 1875	3 8 9	»Rolighed«	306	4	v3:306 (1872); v3:398 (1874); v9:567 (1875); v8:423 ()	high	head-noun+located+place-type	
Roxen	Roxen(s) | Roxen	sø ved Linköping i Östergötland. ¶ sø ved Linköping i Östergötland; Göta kanal munder ud i Roxen ved Bergs sluser mod vest, hvor Vreta Kloster ligger.	1840	1840 1869	9 18	Billedbog uden Billederjf. den tyske komponist Felix Mendelssohn-Bartholdys (1809-1847) klaverstykker <i>Lieder ohne Worte</i>, 1829-1845 (sange uden ord).Billedbog uden Billeder	394	2	v9:394 (1840); v18:97 (1869)	high	head-noun+located+place-type	
Roßtrappe	Roßtrappe	(tysk) hestespor; klippeparti, der har fået sit navn efter en fordybning i klippen, der ligner en meget stor hestesko.	1831	1831	14	Skyggebilleder af en Reise til Harzen, det sachsiske Schweitz etc. etc., i Sommeren 1831	118	1	v14:118 (1831)	high	in-register+place-type	geo-2844612
ruas dos flores	ruas dos flores	Rua das Flores, blomsternes gade i Porto tæt ved domkirken.	1868	1868	15	Et Besøg i Portugal 1866	429	1	v15:429 (1868)	medium	located+place-type	
Rudera	Rudera | (Kjælder-)Rudera	(latin) ruiner, rester. ¶ ruiner, rester.	1835	1835 1836 1846	4 16	Improvisatoren	66	3	v4:66 (1835); v4:587 (1836); v16:213 (1846)	high	head-noun+place-type	
Ruin	Ruin	Visegrád slot og fæstning, mellem Szentendre og Esztergom (se kort). Det blev bygget i 1200-tallet, udbygget og renoveret flere gange og endelig ødelagt 1685, da tyrkiske tropper forlod det.	1842	1842	14	En Digters Bazar	559	1	v14:559 (1842)	high	se-kort+located+place-type	
Ruinerne … Fort	Ruinerne … Fort	et slot med fæstningsværker blev bygget i 300-tallet på Kadifekale-bjerget, men de eksisterende ruiner er fra middelaladeren.	1842	1842	14	En Digters Bazar	441	1	v14:441 (1842)	high	head-noun+located+place-type	
Rumelien	Rumelien	tyrkisk provins nord for Grækenland, mellem Albanien og Sortehavet.	1842	1842	14	En Digters Bazar	486	1	v14:486 (1842)	medium	located+place-type	
Rundetaarn … Almanaken	Rundetaarn … Almanaken	tårnet forekommer på almanakkens titelblad fra 1685; det blev bygget 1637-1642 som erstatning for den danske adelsmand og astronom Tycho Brahes (1546-1601) observatorium på Ven, som han havde forladt allerede 1597. Det officielle latinske navn var Stelleburgi Regis Hauniensis (Københavns Kongelige Stjerneborg).	1857	1857	6	»At være eller ikke være«	27	1	v6:27 (1857)	high	head-noun+place-type	
Rundetaarn … Bibliotheket	Rundetaarn … Bibliotheket	fra 1657-1861 lå Universitetsbiblioteket i den store sal over kirkerummet i Trinitas Kirke, hvortil der var adgang fra den femte vinding i Rundetårns sneglegang.	1830	1830	7	Digte	62	1	v7:62 (1830)	medium	located	
Rustjuk	Rustschuk	Rustjuk, nu Ruse; by ved Donau i det nordøstlige Bulgarien, den ene af landets to grænseovergange over Donau.	1855	1855	17	Mit Livs Eventyr (inklusive Fortsættelse og Tillæg)	220	1	v17:220 (1855)	high	head-noun+located+place-type	
Rustzuk	Rustzuk	Rustjuk el. Ruse; se kort.	1842	1842	14	En Digters Bazar	509	1	v14:509 (1842)	high	se-kort	
Rättvik og Mora	Rättvik og Mora	se kort 2.	1851	1851	15	I Sverrig	92	1	v15:92 (1851)	high	se-kort	
Rørstrands-Søen	Rørstrands-Søen	søen har ligget i forbindelse med Karlbergssjön og Klara sjö i det nuværende Norrmalm i Stockholm.	1851	1851	15	I Sverrig	55	1	v15:55 (1851)	high	head-noun+place-type	
Rübeland	Rübeland	se kort.	1831	1831	14	Skyggebilleder af en Reise til Harzen, det sachsiske Schweitz etc. etc., i Sommeren 1831	112	2	v14:112 (1831); v14:167 (1831)	high	in-register+se-kort	geo-2843574
Rütli	Rütli	eng ved Vierwaldstättersee (se kort), hvor if. traditionen det første schweiziske forbund blev stiftet i 1291.	1861	1861	15	Illustreret Tidende	209	1	v15:209 (1861)	high	se-kort	
Sabiner- og Albaner-Bjerge	Sabiner- og Albaner-Bjerge	Monti Sabini strækker sig fra Terni til Tivoli; se kort. Colli Albani ligger ca. 20 km sydøst for Rom.	1842	1842	14	En Digters Bazar	297	1	v14:297 (1842)	high	se-kort	
Sadofloden	Adofloden	Sadofloden; se kort.	1868	1868	15	Et Besøg i Portugal 1866	448	1	v15:448 (1868)	high	se-kort	
Sagnet	Sagnet	ifølge overleveringen var Hellig Anders præst ved Sankt Peders Kirke i Slagelse omkring 1200. Anders var draget på pilgrimsfærd til Jerusalem, men da hans rejsekammerater glemte ham ved hjemrejsen, faldt han i en dyb søvn. I drømme så han en rytter, der bad ham sidde op, og da han vågnede senere samme dag befandt han sig på Hvilehøj ved Slagelse. Først lang tid senere ankom hans rejsekammerater. Senere udgaver af historien fortæller, at Anders også nåede til Spanien og Norge. Historien om Anders kan spore tilbage til augustinermunken Thomas fra Cantimpré. Jf. også Thiele 1, 1, s. 74 f.	1832	1832	16	Levnedsbog	106	1	v16:106 (1832)	medium	located+place-type	
Sagunto	Sagunt	Sagunto, se kort. Byen sluttede forbund med romerne i 220-tallet f.Kr.	1863	1863	15	I Spanien	243	1	v15:243 (1863)	high	se-kort+place-type	
Sala	Sala	byen er anlagt af Gustav 2. Adolf i 1624 til sølvminen, der har været i drift fra før 1500-tallet. Se kort 2.	1851	1851	15	I Sverrig	77	1	v15:77 (1851)	high	se-kort+head-noun+place-type	
Salamanca	Salamanka	Salamanca, provins i Nordvestspanien.	1850	1850	13	Ole Lukøie	12	1	v13:12 (1850)	medium	located+place-type	
Salamisbugten	Salamisbugten	(øen hedder nu: Salamina); se kort.	1842	1842	14	En Digters Bazar	392	1	v14:392 (1842)	high	se-kort	
Salerno	Salerno	kystby i Salernobugten syd for Amalfi.	1835	1835	4	Improvisatoren	257	1	v4:257 (1835)	high	head-noun+located+place-type	
Saltsøen	Saltsøen	Saltsjön i Stockholms indre havn syd for Djurgården, hvis vand er mere saltholdigt end Mälarens.	1851	1851	15	I Sverrig	55	1	v15:55 (1851)	medium	located+place-type	
Salvaterra	Salvaterra	se kort.	1868	1868	15	Et Besøg i Portugal 1866	461	1	v15:461 (1868)	high	se-kort	
Samlivet med Lißt	Samlivet med Lißt	Franz Liszt havde 1847 slået sig ned i Weimar, hvor han til 1861 virkede som instruktør og dirigent ved teatrets operaforestillinger; siden 1847 levede han sammen med Carolyne Sayn-Wittgenstein, og i deres hjem var H.C. Andersen en hyppig gæst under sine besøg i Weimar.	1869	1869	18	Mit Livs Eventyr (inklusive Fortsættelse og Tillæg)	136	1	v18:136 (1869)	medium	located	
San Sebastián	San Sebastian	San Sebastián, se kort.	1863	1863	15	I Spanien	410	1	v15:410 (1863)	high	se-kort	
Sanchidrián	San Chidrian	Sanchidrián, by på den anden side af Guadarramabjergene, se kort.	1863	1863	15	I Spanien	402	1	v15:402 (1863)	high	se-kort+place-type	
Sanct Albani	Sanct Albani	kvaderstenskirke, indviet til Vor Frue og senere til den engelske helgen Sankt Albanus; placeret ved det sydvestlige hjørne af Albani Torv, nedrevet 1539.	1858	1858	2	Hurtigløberne	239	1	v2:239 (1858)	high	head-noun+located+place-type	
Sanct Albani Kirke	Sanct Albani Kirke	kirken var oprindeligt viet Vor Frue, men blev omdøbt, da Knud den Hellige hjembragte relikvier fra den engelske martyr Skt. Albanus (d. o. 300). Kirken blev nedrevet efter reformationen, og den nuværende Skt. Albani er en romersk-katolsk kirke, indviet 1908.	1842	1842	14	En Digters Bazar	329	1	v14:329 (1842)	high	head-noun+place-type	
Sanct Elmo	Sanct Elmo	fæstning på Napolis højeste punkt.	1835	1835	4	Improvisatoren	202	1	v4:202 (1835)	high	head-noun+located+place-type	
Sanct Knud	Sanct Knud	kong Knud 4. den Hellige blev myrdet i Albani Kirke i Odense 1086.			8	(untitled)	442	1	v8:442 ()	medium	located+place-type	
Sanct Peter	Sanct Peter(s)	Peterskirken.	1835	1835	7	En lille Flugt til Rom den 8de Marts 1835	484	1	v7:484 (1835)	high	head-noun+place-type	
Sanct Peters Dom	Sanct Peters Dom	Peterskirken i Rom.	1836	1836	7	Sang ved Romergildet den 8de Marts 1836	500	1	v7:500 (1836)	high	head-noun+place-type	
Sanct-Petri Kirke	Sanct-Petri Kirke	fra 1585 den tyske evangelisk-lutherske menigheds kirke i St. Peder-Stræde {B2-B3}.	1822	1822	9	Ungdoms-Forsøg	64	1	v9:64 (1822)	medium	located+place-type	
Sanct-Pierre	Sanct-Pierre(s)	by på Martinique.	1840	1840	11	Mulatten	297	1	v11:297 (1840)	high	head-noun+located+place-type	
Sancta Agathe	Sancta Agathe	lille by ca. 50 km nord for Napoli.	1835	1835	4	Improvisatoren	208	1	v4:208 (1835)	high	head-noun+located+place-type	
Sanderumgaard	Sanderumgaard	hovedgård 11 km sydøst fra Odense.	1836	1836	4	O. T.	594	1	v4:594 (1836)	high	head-noun+located+place-type	
Sandviken	Sandwik(s-Hyttorna)	Sandviken; se kort 2.	1851	1851	15	I Sverrig	93	1	v15:93 (1851)	high	se-kort	
Sangerfesten paa Vartburg	Sangerfesten paa Vartburg	en digterkappestrid, der ifølge sagnet fandt sted på Wartburg Slot i Tyskland 1207.	1846	1846	16	Mit eget Eventyr uden Digtning	285	1	v16:285 (1846)	medium	located+place-type	
Sangerfesten … Riddersal	Sangerfesten … Riddersal	en digterkappestrid, der ifølge sagnet fandt sted på Wartburg Slot i Tyskland 1207.	1851	1851	15	I Sverrig	22	1	v15:22 (1851)	medium	located+place-type	
Sanit Sulpice	Sanit Sulpice	kirke i Paris.	1836	1836	4	O. T.	423	1	v4:423 (1836)	high	head-noun+located+place-type	
Sankt Annaplads	Sankt Annaplads	Hartmann boede på Sankt Annæ Plads, tæt ved Amalienborg i København.			8	(untitled)	435	1	v8:435 ()	medium	located+place-type	
Sankt Helena	Sanct Helene	Sankt Helena, ø i Sydatlanten, hvortil Napoleon 1. blev forvist efter slaget ved Waterloo 1815.	1868	1868	3	Gudfaders Billedbog	182	1	v3:182 (1868)	medium	located+place-type	
Sankt Petersborg	Petersburg	Sankt Petersborg, Ruslands næststørste by og på H.C. Andersens tid Ruslands hovedstad. Har ændret navn flere gange. I 1914 ændredes navnet til Petrograd, i 1924 til Leningrad og først i 1991 fik byen sit oprindelige navn igen.	1831	1831	14	Skyggebilleder af en Reise til Harzen, det sachsiske Schweitz etc. etc., i Sommeren 1831	147	1	v14:147 (1831)	medium	located+place-type	
Sanssouci	den verdensberømte Mølle ved Sanssouçi	Sanssouci; slot i Potsdam (se kort), opført 1745-1747 som sommerresidens for Frederik 2. den Store. I nærheden af slottet blev i 1736 opført en mølle, der dog forfaldt med årene, således at der i 1790 kunne opføres en ny og stærkere mølle sammesteds. Møllen blev kendt for den fortælling, som opstod kort efter Frederik 2. den Stores død og som berettede, at Frederik skulle have været så irriteret over larmen fra møllen, at han forsøgte at købe den for at rive den ned. Da mølleren ikke ville sælge, truede Frederik ham med sin kongelige magt. Mølleren afviste dog Frederik med, at loven var på hans side, og dermed blev møllen stående.	1831	1831	14	Skyggebilleder af en Reise til Harzen, det sachsiske Schweitz etc. etc., i Sommeren 1831	172	1	v14:172 (1831)	high	se-kort+head-noun+located+place-type	geo-6295638
Sant’ Agata	Santa Agatha	Sant’ Agata, lille by midtvejs mellem Formia og Capua.	1842	1842	14	En Digters Bazar	341	1	v14:341 (1842)	medium	located+place-type	
Santa Croce	Santa Croce	klosterkirke i Firenze.	1855	1855	17	Mit Livs Eventyr (inklusive Fortsættelse og Tillæg)	132	1	v17:132 (1855)	high	head-noun+located+place-type	
Santa Cruz de Mudela	Santa Cruz de Mudela	se kort.	1863	1863	15	I Spanien	376	1	v15:376 (1863)	high	se-kort	
Santa Fé	Santa-Fé	Santa Fé, by ca. 9 km øst for Granada.	1863	1863	15	I Spanien	290	1	v15:290 (1863)	medium	located+place-type	
Santa Maria	Santa Maria	se kort.	1868	1868	15	Et Besøg i Portugal 1866	468	1	v15:468 (1868)	high	se-kort	
Santarem	Santarem	se kort.	1868	1868	15	Et Besøg i Portugal 1866	443	1	v15:443 (1868)	high	se-kort	
Sargans	Sarganz(-Dalen)	Sargans; se kort.	1858	1858	15	Fortællinger og Vers for Større og Mindre	153	1	v15:153 (1858)	high	se-kort	
Sava	Sava	flod, der flyder gennem Slovenien, Kroatien, Bosnien og Nordserbien.	1842	1842	14	En Digters Bazar	544	1	v14:544 (1842)	high	in-register+head-noun+located+place-type	geo-786058
Savoyen	Savoyen(s)	kongerige i det bjergrige grænseområde mellem Frankrig og Italien.	1862	1862 1869	2 18	Iisjomfruen	420	2	v2:420 (1862); v18:15 (1869)	high	head-noun+located+place-type	
Schaffhausen	Schaffhausen	by ved Rhinen; se kort.	1858	1858	15	Fortællinger og Vers for Større og Mindre	153	1	v15:153 (1858)	high	se-kort+head-noun+located+place-type	
Schandau	Schandau	Bad Schandau. Mindre by med kurbadested; se kort.	1831	1831	14	Skyggebilleder af en Reise til Harzen, det sachsiske Schweitz etc. etc., i Sommeren 1831	158	1	v14:158 (1831)	high	se-kort	
Scheveningen	Scheweningen | Scheveningen	Scheveningen, lille fiskerby ved Haag i Nordholland. ¶ landsby i Haags nordlige udkant, berømt kurog badeby.	1849	1849 1869	5 18	De to Baronesser	422	2	v5:422 (1849); v18:29 (1869)	high	located+place-type+head-noun	
Schneiderloch	Sneiderloch	Schneiderloch, (tysk) skrædderhul.	1831	1831	14	Skyggebilleder af en Reise til Harzen, det sachsiske Schweitz etc. etc., i Sommeren 1831	159	1	v14:159 (1831)	high	in-register	
Schreckhorn	Schreckhorn	egentlig to bjergtoppe på Finsteraarhorn i Berneralperne på henholdsvis 4070 og 3494 m.			2	(untitled)	391	1	v2:391 ()	medium	located	
Schönbrunn	Schönbrunn	kejserligt lystslot sydvest for Wien. ¶ kejserligt lystslot sydvest for Wien, hvor Napoleon havde sit hovedkvarter i 1805 og 1809.	1837	1837 1855	5 17	Kun en Spillemand	219	2	v5:219 (1837); v17:164 (1855)	medium	located+place-type	
Scilla	forfalden By	Scilla; se kort.	1842	1842	14	En Digters Bazar	356	1	v14:356 (1842)	high	se-kort	
Scirocco	Scirocco(luft) | Scirocco	kraftig, varm ørkenvind fra Nordafrika. ¶ varm ørkenvind fra Nordafrika.	1869	1869	18	Mit Livs Eventyr (inklusive Fortsættelse og Tillæg)	237	2	v18:237 (1869); v18:258 (1869)	medium	located	
Scutari	Scutari | Scutari(s)	nuværende Üsküdar, bydel på Bosporusstrædets østbred, i Istanbuls asiatiske del. ¶ se kort. ¶ det nuværende Üsküdar, oldtidens Chrysopolis, bydel i Istanbul på den asiatiske side af Bosporus.	1842	1842 1855	14 17	En Digters Bazar	454	3	v14:454 (1842); v14:466 (1842); v17:219 (1855)	high	located+place-type+se-kort	
Seefeld	Seefeldt	Seefeld; se kort.	1842	1842	14	En Digters Bazar	253	1	v14:253 (1842)	high	se-kort	
Seesand	Seesand	den lille ø, Søsand, syd for Amrum.	1849	1849	5	De to Baronesser	397	1	v5:397 (1849)	high	head-noun+located+place-type	
Seiersgudinden	Seiersgudinden	øverst på Thorvaldsens Museum er opstillet en statue af den romerske sejrsgudinde Viktoria med sit firspand: Victoria i en kvadriga, 1845-1848 støbt i bronze af J.B. Dalhoff (1800-1890) efter model af H.W. Bissen (1798-1868) fra 1844-1845.	1844	1844	9	Berlingske politiske og Avertissements-Tidende	439	1	v9:439 (1844)	medium	located	
Seishede	Seishede	hedeområde sydøst for Silkeborg.	1855	1855	2	Klods-Hans	126	1	v2:126 (1855)	medium	located+place-type	
Semiramis	Semiramis	assyrisk sagndronning, som ifølge sagnet skal have anlagt hængende haver på Babylons terrasser. Andre sagn tilskriver Nebukadnezar æren.	1835	1835	4	Improvisatoren	265	1	v4:265 (1835)	medium	located+place-type	
Serail	Serail	palads, harem. ¶ (her) palads.	1837	1837 1842	5 14	Kun en Spillemand	69	2	v5:69 (1837); v14:518 (1842)	high	head-noun+place-type	
Serra da Arrábida	St. Luis og Monte Arrabida	Serra da Arrábida, kæde af kalkstensbjerge langs kysten mellem Sesimbra og Setúbal.	1868	1868	15	Et Besøg i Portugal 1866	431	1	v15:431 (1868)	medium	located+place-type	
Sestri Levante	Sestri di Levante	Sestri Levante, by 40 km sydøst for Genua.	1855	1855	17	Mit Livs Eventyr (inklusive Fortsættelse og Tillæg)	129	1	v17:129 (1855)	medium	located+place-type	
Setubal	Setubal	på engelsk St. Ubes eller St. Ybes; en af landets ældste byer; se kort.	1868	1868	15	Et Besøg i Portugal 1866	439	1	v15:439 (1868)	high	se-kort+place-type	
Sevel	Sevel	degn og lærer ved Vor Frue kirkeskole i Svendborg på romanens tid.	1837	1837	5	Kun en Spillemand	54	1	v5:54 (1837)	medium	located+place-type	
Sevilla	Sevilla	se kort.	1863	1863	15	I Spanien	252	1	v15:252 (1863)	high	se-kort	
Siden ere Aaringer gaaede … gik til Amerika	Siden ere Aaringer gaaede … gik til Amerika	1850 påbegyndte Jenny Lind en to års koncertrejse til Amerika, under hvilken hun 1852 i Boston ægtede pianisten Otto Goldschmidt; H.C. Andersen genså Jenny Lind i Wien i 1854.	1869	1869	18	Mit Livs Eventyr (inklusive Fortsættelse og Tillæg)	36	1	v18:36 (1869)	medium	located	
Siena	Siena	se kort. ¶ italiensk by 50 km syd for Firenze, hvortil H.C. Andersen ankom 4. april 1834.	1842	1842 1855	14 17	En Digters Bazar	281	2	v14:281 (1842); v17:154 (1855)	high	se-kort+located+place-type	
Sierra Morena	Sjerra Morena(s)	Sierra Morena, bjergkæde i Sydvestspanien (se kort), som stadig i 1800-tallet var tilholdssted for røverbander.	1863	1863	15	I Spanien	256	1	v15:256 (1863)	high	se-kort+located+place-type	
Sierra Nevada	Sierra Nevada(s)	bjergkæde ved Granada, se kort.	1863	1863	15	I Spanien	291	1	v15:291 (1863)	high	se-kort+head-noun+located+place-type	
Sifnos	Siphanto, Serpho og Thermia	Sifnos, Serifos og det nu brugte: Kithnos; se kort.	1842	1842	14	En Digters Bazar	377	1	v14:377 (1842)	high	se-kort	
Sigtuna	Sigtuna	en af Sveriges ældste byer og biskopsæder. Se kort 2.	1851	1851	15	I Sverrig	55	1	v15:55 (1851)	high	se-kort+place-type	
Silistra	Silistria	Silistra, grænseby ved Donau i det nuværende Bulgarien; se kort.	1842	1842	14	En Digters Bazar	498	1	v14:498 (1842)	high	se-kort+located+place-type	geo-727221
Silistria	Silistria	Silistra blev en vigtig tyrkisk befæstning og handelscenter i 1400-tallet; se kort.	1842	1842	14	En Digters Bazar	510	1	v14:510 (1842)	high	se-kort	
Siljan	Siljan(s) | Siljans Søen	se kort 1-2. ¶ Siljan; se kort 1-2.	1851	1851	15	I Sverrig	20	2	v15:20 (1851); v15:85 (1851)	high	se-kort	
Silketøier fra Damask	Silketøier fra Damask	den syriske hovedstad Damaskus var fra gammel tid kendt for sine silkestoffer.	1831	1831	10	Skibet	122	1	v10:122 (1831)	high	head-noun+place-type	
Sindbad Søfareren	Sindbads Reiser	Sindbad Søfareren, person i Tusind og én nat, der fortæller om sine syv fantastiske rejser.	1829	1829	9	Fodreise fra Holmens Canal til Østpynten af Amager i Aarene 1828 og 1829	220	1	v9:220 (1829)	medium	located	
Sintra	Cintra	Sintra, gammel kongeby 32 km nordvest for Lissabon. ¶ Sintra, gammel kongeby i bjergene nordvest for Lissabon. Her besøgte H.C. Andersen 26. juli-8. august José O’Neill, der levede ugift som rentier, i Santa Maria, en lille forstad lige over Sintra.	1868	1868 1869	15 18	Et Besøg i Portugal 1866	429	2	v15:429 (1868); v18:315 (1869)	medium	located+place-type	
Siracusa	Syracusa	Siracusa; se kort.	1842	1842	14	En Digters Bazar	359	1	v14:359 (1842)	high	se-kort	geo-2523083
Sirok	Sirok	scirocco (italiensk), varm ørkenvind fra Sahara, der oftest i sensommeren kan blæse op over middelhavsegnene. Her brugt spøgende om den tyske blæst.	1831	1831	14	Skyggebilleder af en Reise til Harzen, det sachsiske Schweitz etc. etc., i Sommeren 1831	171	1	v14:171 (1831)	medium	located	
sit Gods Mem … Godset Sæby	sit Gods Mem … Godset Sæby	godset Mem i Tåby (Östergötland), som Edvard Fredrik von Saltza erhvervede sig 1803 og beboede fra 1804. På godset Sæby syd for Linköping opholdt H.C. Andersen sig 14.-20. juli 1849.	1869	1869	18	Mit Livs Eventyr (inklusive Fortsættelse og Tillæg)	96	1	v18:96 (1869)	high	head-noun+place-type	
Skage	Skage(n)	odde.			8	(untitled)	380	1	v8:380 ()	high	head-noun+place-type	
Skeppsholmen	Skibsholmen	Skeppsholmen; lille ø i Saltsjön i det centrale Stockholm. I perioden 1634-1968 var øen Stockholms flådestation.	1851	1851	15	I Sverrig	57	1	v15:57 (1851)	high	head-noun+located+place-type	
Skibet … Hvirvelvind	Skibet … Hvirvelvind	jf. Oehlenschlägers digt »Til Havet« i kapitel 29 af Øen i Sydhavet, 1824.	1832	1832	7	Vignetter til danske Digtere	324	1	v7:324 (1832)	medium	located+place-type	
Skibet … Oehlenschläger	Skibet … Oehlenschläger	fra Oehlenschlägers digt »Til Havet« i kapitel 29 af Øen i Sydhavet, 1824.	1831	1831	7	Phantasier og Skizzer	252	1	v7:252 (1831)	medium	located+place-type	
Skolen	Skolen	Borgerdydskolen på Christianshavn (nuværende Vestre Borgerdyd Gymnasium).	1869	1869	18	Mit Livs Eventyr (inklusive Fortsættelse og Tillæg)	124	1	v18:124 (1869)	medium	located+place-type	
Skåne	Skaane	Skåne; det sydligste landskab i Sverige.	1851	1851	15	I Sverrig	13	1	v15:13 (1851)	high	head-noun+located+place-type	
Slaget ved Waterloo	Slaget ved Waterloo	by 15 km syd for Bruxelles, hvor Napoleon led sit afgørende nederlag 18. juni 1815.	1868	1868	15	Et Besøg i Portugal 1866	434	1	v15:434 (1868)	high	head-noun+located+place-type	
Slavelænker	Slavelænker	Cervantes blev 1575 taget til fange af sørøvere og solgt som slave i Algier, han blev frikøbt igen i 1780.	1863	1863	15	I Spanien	385	1	v15:385 (1863)	medium	located	
Slavonier	Slavonier	indbygger i Slavonien, som var under det ungarske kongeriges herredømme.	1837	1837	5	Kun en Spillemand	219	1	v5:219 (1837)	medium	located	
Sletten ved Marathon	Sletten ved Marathon	Marathonas ca. 40 km øst for Athen, hvor Athen besejrede perserhæren 490 f.Kr.; se kort.	1842	1842	14	En Digters Bazar	420	1	v14:420 (1842)	high	se-kort	
Slien	Slien	fjord ved Slesvig, som indgik i Danmarks sydlige grænseværn fra Dannevirke over Østervolden til Eckernförde Bugt.			8	Fædrelandske Vers og Sange under Krigen	170	2	v8:170 (); v8:257 ()	high	head-noun+located+place-type	
Slot i Danmark med Hegn af Rosentræer	Slot i Danmark med Hegn af Rosentræer	lystslottet Rosenborg i Kongens Have i København, opført 1606-1634.			8	(untitled)	49	1	v8:49 ()	high	head-noun+located+place-type	
Slotspladsen	Slotspladsen	pladsen ved Christiansborg. ¶ pladsen ved Christiansborg Slot {F3-F4-E3-E4}.	1838	1838 1850	1 9	Tre Digtninger	299	2	v9:299 (1838); v1:462 (1850)	high	head-noun+located+place-type	
Slotsruinen	Slotsruinen	slottet er udbygget utallige gange siden 900-tallet; det brændte 1811 og blev først rekonstrueret 1953-68.	1842	1842	14	En Digters Bazar	561	1	v14:561 (1842)	high	head-noun+place-type	
Slottet	Slottet	Sorgenfri Slot i Lyngby, opført som adeligt landsted 1705-1706 og blev i 1730 overtaget af kongehuset; Christian 8. og Caroline Amalies sommerresidens. ¶ Odense Slot. Bygget på resterne af Sankt Hans Kloster. I 1575 påbegyndte Frederik 2. en omfattende ombygning med henblik på at omdanne klostret til kongsgård. I 1720 indledte Frederik 4. en udbygning af stedet og omdøbte det til Odense Slot. I 1860 blev der indrettet museum i slottet, og i 1907 blev det overtaget af Odense Kommune. ¶ Frederiksborg Slot. Opført 1602-1625 til Christian 4.	1832	1832	8 16	Levnedsbog	69	3	v16:69 (1832); v16:128 (1832); v8:207 ()	high	located+place-type+head-noun	
Slottet Chillon	Slottet Chillon	middelalderborg ved Genèvesøen (Lac Léman) tæt ved Montreux.	1836	1836	7	Af Digte	489	1	v7:489 (1836)	high	head-noun+located+place-type	
Slottet Graasteen	Slottet Graasteen	hovedgård i Sønderjylland ved Gråsten, tilhørte på H.C. Andersens tid hertugen af Augustenborg.	1863	1863	3	Bemærkninger	374	1	v3:374 (1863)	high	head-noun+located+place-type	
Slottet Hohenschwangau	Slottet Hohenschwangau	kongeligt lystslot ved Schwangau mellem alperne og floden Lech nær grænsen til østrigsk Tyrol; slottet, som længe havde henligget som ruin, købtes 1832 af daværende kronprins Maximilian og genopførtes.	1869	1869	18	Mit Livs Eventyr (inklusive Fortsættelse og Tillæg)	150	1	v18:150 (1869)	medium	located+place-type	
Slottet i Pillnitz	Slottet i Pillnitz	slot ved Dresden, bygget som sommererresidens for kurfyrster og konger af Sachsen. Slottet blev 1720-1723 udvidet med to kinesisk inspirerede barokpavillioner og 1788-1826 med Neues Palais i japansk stil.	1831	1831	14	Skyggebilleder af en Reise til Harzen, det sachsiske Schweitz etc. etc., i Sommeren 1831	149	1	v14:149 (1831)	high	head-noun+located+place-type	
Smyrna	Smyrna	det græske navn for Izmir; se kort. ¶ (Smirni) nu Izmir på den tyrkiske Ægæerhavskyst; se kort.	1842	1842	14	En Digters Bazar	351	3	v14:351 (1842); v14:395 (1842); v14:438 (1842)	high	se-kort	
Snurren	Snurren	formodentlig et værtshusnavn; også navn på en gade i Odense på romanens tid.	1837	1837	5	Kun en Spillemand	155	1	v5:155 (1837)	medium	located+place-type	
Sodoma og Gomorra	Sodoma og Gomorra	to byer i Palæstina, der ifølge 1. Mosebog 19 blev ødelagt af Gud på grund af indbyggernes moralske fordærvelse. ¶ to byer i Palæstina, der ifølge 1. Mosebog 19 blev ødelagt af Jahve på grund af indbyggernes moralske fordærv.	1836	1836 1853	2 4	O. T.	447	2	v4:447 (1836); v2:59 (1853)	medium	located+place-type	
Solfatara	Solfatara	vulkankrater ved Napoli.	1851	1851	15	I Sverrig	108	1	v15:108 (1851)	medium	located	
Sollerön	Soller-Øen	Sollerön; ø i Siljan.	1851	1851	15	I Sverrig	90	1	v15:90 (1851)	high	head-noun+located+place-type	
Solna	Solna	H.C. Andersen var 9. juli 1849 ved Solna kirke (nordvest for Stockholm) med Bernhard von Beskow.	1869	1869	18	Mit Livs Eventyr (inklusive Fortsættelse og Tillæg)	95	1	v18:95 (1869)	medium	located+place-type	
som Prinds	som Prinds	Frederik 7. havde 1826 opholdt sig i Genève med Grev Rantzau-Breitenburg som rejseledsager.	1869	1869	18	Mit Livs Eventyr (inklusive Fortsættelse og Tillæg)	246	1	v18:246 (1869)	medium	located	
som Ægyptens … Skuet af	som Ægyptens … Skuet af	Moses skuede ind i det forjættede land fra Nebo bjerg i Jordan, 5. Mosebog 34,1-5.	1842	1842	14	En Digters Bazar	441	1	v14:441 (1842)	medium	located+place-type	
Sophie Charlotte Hermansen	En kjøbenhavnsk Madame	Sophie Charlotte Hermansen, som siden 1816 havde boet i Odense, rejste september 1819 til København, øjensynlig i forbindelse med, at hendes søn havde bestået studentereksamen.	1855	1855	17	Mit Livs Eventyr (inklusive Fortsættelse og Tillæg)	39	1	v17:39 (1855)	medium	located	
Sophie Gade	Sophie … Hartmann	Sophie Gade, gift med Niels W. Gade og datter af J.P.E. Hartmann, døde 15. juni 1855 af komplikationer efter fødslen af tvillingerne Emma og Felix 20. maj; H.C. Andersen deltog i hendes begravelse 21. juni.			8	(untitled)	289	1	v8:289 ()	high	head-noun+place-type	
Sorrento	Sorrento	se kort.	1842	1842	14	En Digters Bazar	354	1	v14:354 (1842)	high	se-kort	
Spandau	Spandau	borganlæg ved Berlin, hvis ældste dele stammer fra midten af det 11. århundrede. I dag også navnet på vestlig forstad til Berlin.	1831	1831	14	Skyggebilleder af en Reise til Harzen, det sachsiske Schweitz etc. etc., i Sommeren 1831	179	1	v14:179 (1831)	high	in-register+located	geo-7290252
Spanien	Tajos og Ebros … Land	Spanien; floden Tajo udspringer i Spanien og udmunder i Portugal, mens Ebro kun løber i Spanien.	1833	1833	7	Aarets tolv Maaneder, Tegnede med Blæk og Pen	373	1	v7:373 (1833)	high	head-noun+place-type	
Spaniens Roeskilde	Spaniens Roeskilde	Roskilde Domkirke er tilsvarende den danske kongefamilies gravsted.	1863	1863	15	I Spanien	401	1	v15:401 (1863)	high	head-noun+place-type	
Sparta	Sparta	græsk by, i oldtiden det politiske centrum i bystaten af samme navn. ¶ græsk bystat, rivaliserede med Athen. Erobrede ca. 700 f.Kr. Lakedaimon og Messenien. Spartas magtposition ophørte med to nederlag til Theben i 371 og 362 f.Kr.	1842	1842 1862	3 14	En Digters Bazar	376	2	v14:376 (1842); v3:27 (1862)	high	in-register+place-type	geo-253394
Spatzier	Hr. Spatzier i Virtuosen	Spatzier, herremanden v. Borgens inspektør i P.A. Heibergs komedie Virtuosen Nr. 2, opført på Det Kongelige Teater 1793.	1848	1848	12	Kunstens Dannevirkevoldkompleks, der fra 600-1200-tallet var et forsvar ved rigets sydgrænse. Det sene Dannevirke bestod af store jordvolde, der i anden halvdel af 1100-tallet afsluttedes med Valdemarsmuren, opført i tegl af Valdemar 1. den Store. Under de slesvigske krige kom Dannevirke til at udgøre rygraden i en moderne feltstilling. Nationalromantiske forestillinger om, at Dannevirke skulle kunne holde stand over for tyskerne, gav fæstningsanlægget symbolværdi.Dannevirke	360	1	v12:360 (1848)	medium	located	
Speilkabinet … Slottet Rosenborg	Speilkabinet … Slottet Rosenborg	Rosenborg Slot {B6-B7}, opført 1606-1634; spejlkabinettet blev opført til Frederik 4. ca. 1700 efter fransk forbillede som den inderste og mest intime del af kongens suite med forbindelse til sovegemakket.	1838	1838	9	Tre Digtninger	313	1	v9:313 (1838)	high	head-noun+place-type	
Sphinx	Sphinx	fabeldyr med menneskehoved og dyrekrop; her den mægtige sfinks i ørkenen ved Giza, Ægypten.	1861	1861	2	Det nye Aarhundredes MusaMusa	386	1	v2:386 (1861)	medium	located+place-type	
Spiegelberg	Spiegelberg(s)	fæstningen Spielberg ved Brunn i Mähren, hvor Silvio Pellico havde siddet fængslet.	1837	1837	5	Kun en Spillemand	225	1	v5:225 (1837)	high	head-noun+place-type	
Spitsbergen	Spitsberg(s) | Spitsbergen	Spitsbergen; den største ø i øgruppen Svalbard i Barentshavet. ¶ øgruppe beliggende i Hvidehavet nord for Norge.	1842	1842	8 14	En Digters Bazar	498	2	v14:498 (1842); v8:20 ()	high	head-noun+place-type+located	
Spoleto	Spoleto	by nord for Rom i Appenninerne. ¶ se kort.	1835	1835 1842	4 14	Improvisatoren	311	2	v4:311 (1835); v14:289 (1842)	high	in-register+head-noun+located+place-type+se-kort	geo-3166236
Springflod	Springflod(en)	højeste flod, højvande.	1868	1868	3	Bemærkninger	382	1	v3:382 (1868)	high	head-noun+place-type	
Sprogö	Sprogö	ø midt i Storebælt.			8	(untitled)	146	1	v8:146 ()	high	head-noun+located+place-type	
St. Anna Kapel	St. Anna Kapel	her tænkes formentlig på Garnisons Kirke, der på Sankt Annæ Plads, tæt ved Bredgade.	1855	1855	17	Mit Livs Eventyr (inklusive Fortsættelse og Tillæg)	57	1	v17:57 (1855)	medium	located+place-type	
St. Denis	St. Denis	by nord for Paris, i hvis klosterkirke de franske kongers kister er hensat.	1836	1836	4	O. T.	401	1	v4:401 (1836)	high	head-noun+located+place-type	
St. Gallen	St. Gallen	by i Schweiz; se kort. ¶ se kort.	1842	1842 1858	14 15	En Digters Bazar	243	2	v14:243 (1842); v15:154 (1858)	high	se-kort+head-noun+located+place-type	
St. Germain	St. Germain	by i Nordfrankrig; her lå et kongeligt slot, som Ludvig 14. efter at have forlagt residensen til Versailles i 1682 overlod til den engelske konge Jakob 2., der i 1688 var blevet fordrevet pga. sine katolske sympatier. Uviljen mod katolikkerne skyldtes, at disse mistænktes for at være støttet af fremmede katolske magter, især Frankrig. Den engelske krone blev efter Jakobs flugt overdraget til den protestantiske nederlandske statholder Vilhelm af Oranien, g.m. Jakobs datter Marie.Ved Jakobs død 1701 anerkendte Ludvig 14. til englændernes forbitrelse hans søn af samme navn som engelsk konge.	1832	1832	10	Bruden fra Lammermoor	174	1	v10:174 (1832)	high	head-noun+located+place-type	
St. Hans’s Kirke	St. Hans’s Kirke	tidligere klosterkirke for johannitterordenen, bygget i 1400-tallet.	1829	1829	14	Brudstykke af en Udflugt i Sommeren 1829	59	1	v14:59 (1829)	high	head-noun+place-type	
St. Knuds Kirke	St. Knuds Kirke(taarn)	den nuværende domkirke på Klosterbakken i Odense.	1855	1855	17	Mit Livs Eventyr (inklusive Fortsættelse og Tillæg)	64	1	v17:64 (1855)	high	head-noun+located+place-type	
St Knuds Kirkegaard	St Knuds Kirkegaard	kirkegård ved Odense domkirke, Sankt Knuds Kirke.	1832	1832	16	Levnedsbog	61	1	v16:61 (1832)	medium	located+place-type	
St Knuds Kirketaarn	St Knuds Kirketaarn	tårnet på Odense domkirke, Sankt Knuds Kirke.	1832	1832	16	Levnedsbog	104	1	v16:104 (1832)	high	head-noun+located+place-type	
St. Knuds Kloster	St. Knuds Kloster	benediktinerkloster, stiftet af Erik Ejegod ca. 1100, lå syd for St. Knuds Kirke.	1829	1829	14	Brudstykke af en Udflugt i Sommeren 1829	54	1	v14:54 (1829)	high	head-noun+place-type	
St. Lucia	St. Lucia	gade i Napoli, hvor H.C. Andersen logerede (nr. 28).	1855	1855	17	Mit Livs Eventyr (inklusive Fortsættelse og Tillæg)	330	1	v17:330 (1855)	high	head-noun+located+place-type	
St. Luis	St. Luis	se kort.	1868	1868	15	Et Besøg i Portugal 1866	446	1	v15:446 (1868)	high	se-kort	
St Luzia	St Luzia	gade i Napoli; H.C. Andersen boede i nr. 28.	1846	1846	16	Mit eget Eventyr uden Digtning	323	1	v16:323 (1846)	high	head-noun+located+place-type	
staaer i Flammer	staaer i Flammer	Frederiksborg Slot brændte natten mellem den 16. og 17. december 1859.	1869	1869	18	Mit Livs Eventyr (inklusive Fortsættelse og Tillæg)	210	1	v18:210 (1869)	high	head-noun+place-type	
Stadt Hamburg …	Stadt Hamburg …	(tysk) Hamborg på Elbens enge, / Hvor er du statelig at skue. Citat fra den afsluttende sang i Georg Nikolaus Bärmanns (1785-1850) skuespil Bürgertreue. Ein vaterstädtisches Schauspiel in drei Akten, 1828 (borgertroskab).	1831	1831	14	Skyggebilleder af en Reise til Harzen, det sachsiske Schweitz etc. etc., i Sommeren 1831	80	1	v14:80 (1831)	high	head-noun+place-type	
Stamsæde	Stamsæde(t)	gods, hvorfra en (adelig) slægt stammer, eller som har været i dens eje i mange generationer.	1829	1829	14	Brudstykke af en Udflugt i Sommeren 1829	55	1	v14:55 (1829)	high	head-noun+place-type	
Staubbach	Staubbach	300 m højt vandfald i Lauterbrunnenthal.	1862	1862	2	Iisjomfruen	393	1	v2:393 (1862)	medium	located+place-type	
Stegeborgs Ruiner	Stegeborgs Ruiner	gods beliggende på en holm i Slätbaken. Det var oprindeligt et fæstningsanlæg fra 1200-tallet, der i de følgende århundreder blev omdannet til et kongeligt renæssanceslot, men som forfaldt fra slutningen af 1600-tallet.	1851	1851	15	I Sverrig	51	1	v15:51 (1851)	high	head-noun+located+place-type	
Steinach	Steinach	se kort.	1842	1842	14	En Digters Bazar	256	1	v14:256 (1842)	high	se-kort	
Stephan Dussan	Stephan Dussan	under Stefan Dusˇan (1308-1355, konge af Serbien 1331-1346 og kejser af serbere og grækere fra 1346) havde landet sin storhedstid. Beograd (se kort) er dog kendt helt fra oldtiden og kom under serbisk herredømme 1284.	1842	1842	14	En Digters Bazar	522	1	v14:522 (1842)	high	se-kort	
Stephans Taarnet	Stephans Taarnet	tårnet på Wiens domkirke St. Stephan, påbegyndt i 1100-tallet og ombygget i gotisk stil i 1300- og 1400-tallet.	1842	1842	14	En Digters Bazar	563	1	v14:563 (1842)	high	head-noun+located+place-type	
Stifts-Provsten	Stifts-Provsten	Stephan Tetens var fra 1811-1819 sognepræst ved St. Knuds Kirke i Odense samt stiftsprovst for Fyn.	1846	1846	16	Mit eget Eventyr uden Digtning	192	1	v16:192 (1846)	medium	located+place-type	
Stiftsprovsten … Capellanen	Stiftsprovsten … Capellanen	Stephan Tetens var fra 1811 sognepræst ved St. Knuds Kirke i Odense samt stiftsprovst for Fyn; sognekapellan ved kirken var fra 1816 Andreas Frederik Wiberg.	1855	1855	17	Mit Livs Eventyr (inklusive Fortsættelse og Tillæg)	32	1	v17:32 (1855)	medium	located+place-type	
Stige	Stige	landsby i Lumby sogn nord for Odense ved Odense Kanal, der fungerede som byens ladeplads og udskibningssted; jf. Levnedsbog s. 26.	1829	1829	14	Brudstykke af en Udflugt i Sommeren 1829	52	1	v14:52 (1829)	high	head-noun+located+place-type	
Stolt bygged’ … Banke	Stolt bygged’ … Banke	Næsbyhoved borgbanke nær Odense Havn blev antagelig anlagt i 1100-tallet, der findes spor af bebyggelse fra omkring 1340 og befæstningsanlæg fra omkring 1370; slottet på banken blev ødelagt i 1534 under Grevens Fejde, og de sidste bygninger blev revet ned i 1764.			8	(untitled)	441	1	v8:441 ()	medium	located+place-type	
stora Kopparberget	stora Kopparberget	(svensk) det store kobberbjerg.	1851	1851	15	I Sverrig	108	1	v15:108 (1851)	high	head-noun+place-type	
Stormfloden	Stormfloden	den største stormflodskatastrofe i nyere tid i Danmark fandt sted den 12.-14. november 1872, hvor store dele af Lolland og Falster blev oversvømmet, 80 mennesker omkom og 50 skibe strandede på Sjællands østkyst.	1872	1872	9	Berlingske politiske og Avertissements-Tidende	555	1	v9:555 (1872)	medium	located	
Stormfloden 1825	Stormfloden 1825	stormfloden i februar 1825, som især ramte Halligerne og Föhr hårdt.	1855	1855	17	Mit Livs Eventyr (inklusive Fortsættelse og Tillæg)	291	1	v17:291 (1855)	high	head-noun+place-type	
Strada Balbi	Strada Balbi	hovedgade i Genova.	1851	1851	15	I Sverrig	58	1	v15:58 (1851)	high	head-noun+located+place-type	
Stranden	Stranden	havet.	1864	1864	13	Paa Langebrovar tidligst anlagt et stykke nordligere end den nuværende Langebro; den lå i linje med byens vold i sydvest, i forlængelse af den nuværende Langebrogade på Christianshavn, og førte over Kalvebodsstrømmen til Christians Brygge.Langebro	339	1	v13:339 (1864)	high	head-noun+place-type	
Stromboli	Stromboli	vulkanø i øgruppen de Lipariske Øer nord for Sicilien; se kort. ¶ aktiv vulkanø i den italienske øgruppe De Lipariske Øer nord for Sicilien.	1842	1842 1855	14 17	En Digters Bazar	354	2	v14:354 (1842); v17:215 (1855)	high	in-register+se-kort+located+place-type	geo-10376243
Stævns Klint … Kirke	Stævns Klint … Kirke	der tænkes på Højerup Kirke fra 1200 i Stevns Herred, som længe var truet af nedstyrtning på grund af havets udhuling af klinten. Et sagn fortæller dog, at dette ikke vil ske, da kirken »hver Julenat hopper ... et Hanefjed længer ind i Landet«, Thiele 1, 1, 83.	1831	1831	14	Skyggebilleder af en Reise til Harzen, det sachsiske Schweitz etc. etc., i Sommeren 1831	68	1	v14:68 (1831)	medium	located+place-type	
Stör	Flod	Stör, en biflod til Elben.	1842	1842	14	En Digters Bazar	222	1	v14:222 (1842)	medium	located+place-type	
Støren	Støren	floden Stör.	1842	1842	14	En Digters Bazar	223	1	v14:223 (1842)	high	head-noun+place-type	
Støtten … Buonaparte	Støtten … Buonaparte	den ca. 43 m høje Vendôme-søjle på Place Vendôme, rejst 1806-1810 som sejrsmonument for Napoleon 1.s (Napoléon Bonapartes) felttog 1805 og støbt af 1200 erobrede kanoner.	1851	1851	13	HyldemoerH.C. Andersen skriver i de »Bemærkninger«, som afsluttede <i>Eventyr og Historier. Andet Bind</i>, 1863 (BFN 974), at kimen til eventyret »Hyldemoer« »ligger i det af <i>Thiele</i> fortalte Sagn: »Der boer i Hyldetræet et Væsen, som kaldes Hyldemo’er, eller Hyldeqvind. Hun hevner al Overlast, der tilføies Træet ... ««(jf. denne udgaves bd. 3, s. 372 samt Thiele 2, 2, s. 282 ff.).Hyldemoer	109	1	v13:109 (1851)	medium	located	
Sulitelma, Øens Øie	Sulitelma, Øens Øie	højfjeldsmassiv i Lappland ved grænsen mellem Sverige og Norge. Det samiske navn er blevet oversat med såvel øens øje som øens tærskel og solens øje. Se kort 1.	1851	1851	15	I Sverrig	13	1	v15:13 (1851)	high	se-kort	
Sumen	Schumla	Sumen, nu Kolarovgrad (se kort). Tyrkernes hovedkvarter,ˇ hvorfra de standsede den russiske fremrykning flere gange, således i 1828; i 1829 lykkedes det imidlertid Diebitsch at gå udenom.	1842	1842	14	En Digters Bazar	518	1	v14:518 (1842)	high	se-kort	
Sundet	Sundet	Øresund.	1851	1851	15	I Sverrig	124	1	v15:124 (1851)	high	head-noun+place-type	
Suniums Ruiner	Suniums Ruiner	på Kabo Kolones, i dag Sunio, Attikas sydøstligste forbjerg (se kort), ligger ruiner af bygninger fra 500-tallet f.Kr. og af en Poseidon-helligdom fra 400-tallet f.Kr. samt af en Athena- og en Frontis-helligdom.	1842	1842	14	En Digters Bazar	432	1	v14:432 (1842)	high	se-kort+place-type	
Svensken ligger for Kjøbenhavn	Svensken ligger for Kjøbenhavn	København blev belejret fra den 11. august 1658. Natten mellem den 10. og 11. februar 1659 stormede svenskerne byen, men blev slået tilbage.	1868	1868	3	Gudfaders Billedbog	181	1	v3:181 (1868)	high	head-noun+place-type	
Svindinge	Svindinge	sogn på Fyn nær Storebælt i det, der dengang var Gudme herred.	1849	1849	5	De to Baronesser	302	1	v5:302 (1849)	high	head-noun+located+place-type	
Svisjtov	Sistowa	Svisjtov; se kort.	1842	1842	14	En Digters Bazar	514	1	v14:514 (1842)	high	se-kort	
Svärdsjö	Svardsjø	Svärdsjö; se kort 2.	1851	1851	15	I Sverrig	93	1	v15:93 (1851)	high	se-kort	
Sybiller	Sybiller	sibyller, spåkvinder; Rafaels sibyller i Santa Maria della Pace er fra 1514.	1837	1837	5	Kun en Spillemand	262	1	v5:262 (1837)	medium	located	
Sydlands-Ø	Sydlands-Ø	fjerntliggende ø langt mod syd.	1830	1830	7	Digte	136	1	v7:136 (1830)	high	head-noun+place-type	
Sydspids	Sydspids	Punta Marroqui ved Tarifa er dog sydligere, se kort.	1863	1863	15	I Spanien	326	1	v15:326 (1863)	high	se-kort	
Sylt	Sylt	øen Sild.	1849	1849	5	De to Baronesser	388	1	v5:388 (1849)	high	head-noun+place-type	
Syra	Syra | Syra(s)	Siros (Syros), en del af øgruppen Kykladerne i det Ægæiske Hav; se kort. ¶ Syros (Siros); se kort. ¶ Syros (Siros), en del af øgruppen Kykladerne i det Ægæiske Hav; se kort.	1842	1842	14	En Digters Bazar	351	3	v14:351 (1842); v14:378 (1842); v14:438 (1842)	high	se-kort+place-type	
Sälens By	Sälens By	se kort 2.	1851	1851	15	I Sverrig	94	1	v15:94 (1851)	high	se-kort	
Särna	Sernasogn	Särna; se kort 2.	1851	1851	15	I Sverrig	117	1	v15:117 (1851)	high	se-kort	
Säter	Säther	Säter; se kort 2.	1851	1851	15	I Sverrig	110	1	v15:110 (1851)	high	se-kort	
Säterdalen	Sæther-Dalen	Säterdalen; snæver v-formet dal med rig natur mellem byen Säter og Dalälven. Se kort 2.	1851	1851	15	I Sverrig	81	1	v15:81 (1851)	high	se-kort+place-type	
Sète	Cette	Sète, fransk by ved Middelhavet, som H.C. Andersen passerede på rejsen mod Spanien.	1863	1863	15	I Spanien	353	1	v15:353 (1863)	medium	located+place-type	
Sölleröd	Sölleröd	Ingeborg og Adolph Drewsen blev gift i Søllerød 18. oktober 1826.			8	(untitled)	183	1	v8:183 ()	high	head-noun+place-type	
Sø	Sø	hav.	1836	1836 1837	1 4 8	O. T.	457	3	v4:457 (1836); v1:156 (1837); v8:418 ()	high	head-noun+place-type	
Søe	Søe	hav.	1846	1846	16	Mit eget Eventyr uden Digtning	193	1	v16:193 (1846)	high	head-noun+place-type	
Søen	Søen	havet.	1838	1838 1842 1855	1 14 17	De vilde Svaner	197	3	v1:197 (1838); v14:432 (1842); v17:129 (1855)	high	head-noun+place-type	
Søen … Søemandskunsten	Søen … Søemandskunsten	ifølge traditionen skal Christian 4. som dreng have lært at sejle på Skanderborg Sø i et specialbygget skib. Informationen kendes dog kun fra én samtidig kilde, hofprædikant Laurits Jacobsens ligprædiken over Christian 4., og det er usikkert, om den er sand.	1832	1832	16	Levnedsbog	160	1	v16:160 (1832)	medium	located+place-type	
Sørgemarschen	Sørgemarschen	Hartmann komponerede Sørgemarch ved Thorvaldsens Bisættelse, 1844.			8	Af	242	1	v8:242 ()	medium	located	
Søvngjængersken	Søvngjængersken	Vicenzo Bellinis La sonnambula, 1831 (dansk Søvngængersken, 1864), hvori Jenny Lind i 1842-1843 havde udført Amines parti; hun fik dog ikke lejlighed til at synge den rolle i København.	1855	1855	17	Mit Livs Eventyr (inklusive Fortsættelse og Tillæg)	274	1	v17:274 (1855)	medium	located	
Tajo	Tajo(s) | Tajo	floden Tajo udspringer i Spanien og udmunder i Portugal. ¶ flod, der udspringer i Østspanien og munder ud i Atlanterhavet ved Lissabon.	1863	1863	8 15	I Spanien	393	2	v15:393 (1863); v8:342 ()	high	head-noun+place-type+located	
Tanger	Tanger	se kort.	1863	1863	15	I Spanien	327	1	v15:327 (1863)	high	se-kort	
Tanker i vingede … Hauch	Tanker i vingede … Hauch	fantasiens første replik i Carsten Hauchs »Søfarten« i Athene, december, 1816; hvor H.C. Andersen skriver »Flugt, jeg skimter« og »ned!«, har Hauch »Flugt jeg skimter,« og »hen.«.	1831	1831	7	Phantasier og Skizzer	270	1	v7:270 (1831)	medium	located	
Taormina	Taormina	se kort.	1842	1842	14	En Digters Bazar	358	1	v14:358 (1842)	high	in-register+se-kort	geo-2522975
Taterqvinden Langemargrethe	Taterqvinden Langemargrethe	den historiske Langemargrethe, Anne Margrethe Sørensdatter, døde i Viborg Tugthus. Det lokalsagn fra Nørre-Wosborg, som H.C. Andersen hentyder til, er ikke den virkelige Langemargrethe, men er optegnet af den engelske rejsende Horace Marryat, der samtidig med H.C. Andersen besøgte gården (17. juli 1859), i hans bog A Residence in Jutland, the Danish Isles, and Copenhagen, II, 1860, s. 200-202. H.C. Andersens version af historien genfindes i Evald Tang Kristensen Danske Sagn, 1. Række IV, 1896, nr. 1588.	1869	1869	18	Mit Livs Eventyr (inklusive Fortsættelse og Tillæg)	211	1	v18:211 (1869)	medium	located+place-type	
Tatra, Fatra, Matra	Tatra, Fatra, Matra	bjergkæder i Ungarn og nuværende Slovakiet.	1842	1842	14	En Digters Bazar	555	1	v14:555 (1842)	medium	located	
Teatro Alibert	Teatro Alibert	bygget i begyndelsen af 1700-tallet på Via Margutta og nedbrændt i 1863. Det var det største teater i Rom i sin tid og berømt bl.a. for sine karnevalsballer.	1842	1842	14	En Digters Bazar	335	1	v14:335 (1842)	high	in-register	place-000058
Tenedos	Tenedos	ø ud for Troja (tyrkisk Bozcaada); se kort over Tyrkiet. I Iliaden gemmer den græske flåde sig bag øen, for at få trojanerne til at tro, de er flygtet.	1842	1842	14	En Digters Bazar	444	1	v14:444 (1842)	high	se-kort+head-noun+place-type	
Terni	Terni	by 50 km nord for Nepi. ¶ se kort.	1835	1835 1842	4 14	Improvisatoren	309	2	v4:309 (1835); v14:281 (1842)	high	in-register+head-noun+located+place-type+se-kort	geo-3165771
Terni for at see Vandfaldet	Terni for at see Vandfaldet	byen Terni ligger 75 km nord for Rom, anlagt i oldtiden ved floden Nera 6 km neden for det 360 m høje vandfald Cascata delle Marmore.	1855	1855	17	Mit Livs Eventyr (inklusive Fortsættelse og Tillæg)	132	1	v17:132 (1855)	high	head-noun+place-type	
Terracina	Terracina | Terracina(s) | Terrazina	kystby ca. 125 km nord for Napoli. ¶ kystby midtvejs mellem Rom og Napoli ved det Tyrrhenske Hav; se kort. ¶ italiensk by ved kysten syd for Rom; se kort. ¶ se kort. ¶ italiensk kystby syd for Napoli. ¶ Terracina; kystby 90 km sydøst for Rom.	1835	1835 1842 1855 1868	4 14 15 17	Improvisatoren	196	6	v4:196 (1835); v14:200 (1835); v14:228 (1842); v14:339 (1842); v17:151 (1855); v15:423 (1868)	high	in-register+head-noun+located+place-type+se-kort	geo-3165762
Teufelsbrücke	Teufelsbrücke	(tysk) djævlebroen.	1831	1831	14	Skyggebilleder af en Reise til Harzen, det sachsiske Schweitz etc. etc., i Sommeren 1831	156	1	v14:156 (1831)	high	in-register	place-000040
Thalatta, Thalatta	Thalatta, Thalatta	(græsk) havet, havet; citat fra den oldgræske forfatter Xenofon fra Athens krigsreportage Anabasis (marchen ind i landet), IV,7,24 (dansk 1929).	1855	1855	17	Mit Livs Eventyr (inklusive Fortsættelse og Tillæg)	87	1	v17:87 (1855)	high	head-noun+place-type	
Tharandt	Tharand	Tharandt; se kort.	1831	1831	14	Skyggebilleder af en Reise til Harzen, det sachsiske Schweitz etc. etc., i Sommeren 1831	167	1	v14:167 (1831)	high	se-kort	
The Thames	Temsen	The Thames, Themsen; engelsk flod, der løber gennem London.	1840	1840	9	Billedbog uden Billederjf. den tyske komponist Felix Mendelssohn-Bartholdys (1809-1847) klaverstykker <i>Lieder ohne Worte</i>, 1829-1845 (sange uden ord).Billedbog uden Billeder	392	1	v9:392 (1840)	medium	located+place-type	
Theben	Theben | Theben (stod i Flammer)	daværende grænseby; se kort. ¶ daværende grænseby.	1842	1842 1855	14 17	En Digters Bazar	562	2	v14:562 (1842); v17:223 (1855)	high	se-kort+head-noun+place-type	
Therapia	Therapia	by på Bosporusstrædets vestbred, ca. 30 km nord for Istanbul; se kort.	1842	1842	14	En Digters Bazar	493	1	v14:493 (1842)	high	se-kort+head-noun+located+place-type	
Thorvaldsens Museum	Museet	Thorvaldsens Museum, tegnet af M.G.B. Bindesbøll og opført 1839-1848.			8	Af	239	1	v8:239 ()	high	in-register	
Thorwaldsen … Nysøe	Thorwaldsen … Nysøe	hovedgård 1 km sydvest for Præstø, hvor Thorvaldsen havde et lille atelier.	1846	1846	16	Mit eget Eventyr uden Digtning	263	1	v16:263 (1846)	high	head-noun+located+place-type	
Tiberen	Tiberen(s)	flod, der løber gennem Rom.	1863	1863	15	I Spanien	371	1	v15:371 (1863)	high	head-noun+located+place-type	
Tidslen saae han mod Guds Sol sig bøie	Tidslen saae han mod Guds Sol sig bøie	måske hentydning til H.A. Brorsons (som var bror til C.F. Brorsons farfar) »Den yndigste rose er funden«, hvor syvende strofe lyder: »Forhærdede tidselgemøtter, / Saa stive som torne og støtter, / Hvi holde I eder saa ranke / I stoltheds fordervede tanke?«.			8	(untitled)	65	1	v8:65 ()	medium	located	
Til San Peder de Cordoña	Til San Peder de Cordoña	oversat fra Oskar 2. nr. 68 s. 391, jf. Der Cid s. 245. Cid blev begravet i klosteret San Pedro de Cardeña ved Burgos (se kort), jf. s. 210.	1863	1863	15	I Spanien	247	1	v15:247 (1863)	high	se-kort	
Tilsigelse til Taffelet paa Jagtslottet Stärnberg	Tilsigelse til Taffelet paa Jagtslottet Stärnberg	19. juni 1852 var H.C. Andersen Maximilian 2.s gæst på jagtslottet i Berg ved Starnbergersøen.	1869	1869	18	Mit Livs Eventyr (inklusive Fortsættelse og Tillæg)	139	1	v18:139 (1869)	medium	located+place-type	
Timok	En lille Flod	Timok; se kort.	1842	1842	14	En Digters Bazar	520	1	v14:520 (1842)	high	se-kort	
Tinos	Tenos, Delos, Naxos og Toppen af Andros | Tenos	Tinos, Dilos, Naxos, Andros se kort. ¶ Tinos; se kort.	1842	1842	14	En Digters Bazar	380	2	v14:380 (1842); v14:438 (1842)	high	se-kort	
Tivoli	Tivoli	forlystelsespark anlagt på initiativ af Georg Carstensen i 1843. ¶ by øst for Rom ved foden af Sabinerbjergene. ¶ lille by 26 km øst for Rom med berømt vandfald og mange springvand (italiensk: cascade). ¶ grundlagt af Georg Carstensen i 1843. ¶ grundlagt 1843 af Georg Carstensen. ¶ forlystelsesetablissementet Tivoli-Vauxhall ved Paris. ¶ se kort. ¶ lille by 26 km øst for Rom med berømt vandfald og mange springvand.	1831	1831 1835 1837 1845 1846 1855 1870 1872	3 4 5 8 12 14 15 17	Skyggebilleder af en Reise til Harzen, det sachsiske Schweitz etc. etc., i Sommeren 1831	176	9	v14:176 (1831); v4:296 (1835); v5:261 (1837); v12:138 (1845); v12:177 (1846); v17:140 (1855); v15:491 (1870); v3:323 (1872); v8:273 ()	high	in-register+head-noun+located+place-type+se-kort	geo-3165624
Tjeneste	Tjeneste	plads.	1849	1849	12	Meer end Perler og Guld	471	1	v12:471 (1849)	high	head-noun+place-type	
to Floder	to Floder	Donau og Prut; se kort.	1842	1842	14	En Digters Bazar	504	1	v14:504 (1842)	high	se-kort	
Toboso	Toboso	lille by ca. 20 km nordøst for Alcazar de San Juan, berømt som hjembyen for Don Quixotes elskede, Dulzinea.	1863	1863	15	I Spanien	379	1	v15:379 (1863)	high	head-noun+located+place-type	
Toby	Toby	Tobby Wilson i Henrik Hertz’ skuespil De Deporterede, 21. februar 1853.	1869	1869	18	Mit Livs Eventyr (inklusive Fortsættelse og Tillæg)	325	1	v18:325 (1869)	high	head-noun+place-type	
Tolderlund	Tolderlund	herregård nord for Odense, som oprindeligt tilhørte Oluf Bagger, ejedes af Kirstine Marie Iversen, f. Nielsen (1767-1837), enke efter bogtrykker, boghandler og udgiver af Fyens Stifts Journal Christian Henrik Iversen (1748-1827). Nyerup citerer Frederiks 2.s gavebrev på Tolderlund (oprindelig Tollelund) med tilliggende jorder. ¶ landstedet Marieshøj (Tolderlund) ved kanalen nord for Odense. Tolderlund betegnede tidligere et større landområde, der 13. december 1564 blev skænket Oluf Bager af Frederik 2. Efter Oluf Bagers død 1602 solgtes hans landområder, og den sidste, der ejede det oprindelige Tolderlund udelt, var forfatteren Elias Naur. Siden opsplittedes ejendommen og solgtes stykvist. Landstedet Marieshøj opførtes 1786 (ombygget 1802-1803) på disse jorder.	1829	1829 1832	14 16	Brudstykke af en Udflugt i Sommeren 1829	60	3	v14:60 (1829); v16:115 (1832); v16:160 (1832)	high	head-noun+located+place-type	
Toledo	Toledo	se kort. H.C. Andersen opholdt sig her 2.-7. december 1862.	1863	1863	15	I Spanien	393	1	v15:393 (1863)	high	se-kort	
Toledogade	Toledogade	berygtet gade i Napoli.	1835	1835	4	Improvisatoren	283	1	v4:283 (1835)	medium	located+place-type	
Tophana	Topschana	Tophana, bydel ca. 4 km øst for Pera.	1842	1842	14	En Digters Bazar	461	1	v14:461 (1842)	medium	located+place-type	
Topschana	Topschana	eller Tophane, forstad ca. 4 km øst for Pera.	1842	1842	14	En Digters Bazar	490	1	v14:490 (1842)	medium	located+place-type	
Torpa	Torpa	gods i Länghem sogn, Västergötland, som tilhørte Stenbock-slægten.	1851	1851	15	I Sverrig	43	1	v15:43 (1851)	high	head-noun+located+place-type	
Torquato Tasso, Lucrezia Borgia	Torquato Tasso, Lucrezia Borgia	operaer fra 1833 af Donizetti; Lucrezia Borgia spillede på Det Kgl. Teater 1859.	1842	1842	14	En Digters Bazar	568	1	v14:568 (1842)	medium	located	
Toulon … Napoleon den Store	Toulon … Napoleon den Store	den franske Middelhavsby Toulon, øst for Marseille, blev i 1793 besat af den engelsk-franske hær, men blev generobret af revolutionære tropper anført af den unge kaptajn Napoléon Bonaparte, den senere Napoleon 1.	1831	1831	7	Phantasier og Skizzer	230	1	v7:230 (1831)	high	head-noun+place-type	
Traad under Verdenshavet	Traad under Verdenshavet	det første længere søkabel blev nedlagt mellem Dover og Calais, og i 1866 etableredes forbindelse over Atlanten.	1853	1853	2	Nissen hos Spekhøker(en)Spekhøkeren	72	1	v2:72 (1853)	medium	located	
Trafalgar	Trafalgar(s)	Kap Trafalgar ved den spanske atlanterhavskyst lidt nord for Gibraltarstrædet.			8	(untitled)	337	1	v8:337 ()	medium	located	
Trafalgar-Bugten	Trafalgar-Bugten	ud for Cabo (Kap) Trafalgar, se kort.	1863	1863	15	I Spanien	334	1	v15:334 (1863)	high	se-kort	
Trajans By	Trajans By	byen er dog ikke identisk med Nikopolis ad Istrum, som Trajan (53-117, romersk kejser fra 98) grundlagde til minde om sejren over dakerne (folkeslag i nuværende Rumænien) 106 e.Kr.	1842	1842	14	En Digters Bazar	514	1	v14:514 (1842)	high	head-noun+place-type	
Trajans Muur	Trajans Muur	Trajanvolden er et fæstningsværk, som strækker sig fra Donau ved det nuværende Cernavoda˘ i Rumænien til Sortehavet; opført af Trajan, romersk kejser 98-117.	1842	1842	14	En Digters Bazar	501	1	v14:501 (1842)	medium	located	
Trajanspladsen	Trajanspladsen	muligvis pladsen ved Trajansøjlen, tæt på Trajans Markeder.	1835	1835	4	Improvisatoren	283	1	v4:283 (1835)	medium	located+place-type	
Trakten är vacker … små berg	Trakten är vacker … små berg	(svensk) egnen er smuk! det som findes og forsvinder for øjet i Italien, gør nu en stor effekt; citat fra Resa til Italien, 1780, 1781, 1782 fra 1786 af den svenske greve, admiral, kunstner og forfatter Carl August Ehrensvärd (1745-1800), s. 33. Hvor H.C. Andersen har »vacker!«, »og«, »efect;« og »berg!« har Ehrensvärd »vacker,«, »och«, »efect,« og »berg.«.	1842	1842	14	En Digters Bazar	576	1	v14:576 (1842)	medium	located	
Trastevere	Trastevere	bydel i Rom på den anden side (trans) af Tiberen (tevere), dvs. modsat den antikke bys centrum.	1835	1835	4	Improvisatoren	138	1	v4:138 (1835)	high	head-noun+located+place-type	
Trave	Trave	118 km lang flod i den tyske delstat Slesvig-Holsten; se kort.	1831	1831	14	Skyggebilleder af en Reise til Harzen, det sachsiske Schweitz etc. etc., i Sommeren 1831	69	1	v14:69 (1831)	high	in-register+se-kort+place-type	geo-2821483
Travemünde	Travemünde	by ved floden Traves udmunding i Østersøen, nord for Lübeck.	1831	1831	14	Skyggebilleder af en Reise til Harzen, det sachsiske Schweitz etc. etc., i Sommeren 1831	67	1	v14:67 (1831)	high	in-register+head-noun+located+place-type	geo-2821480
Trekroner	Trekroner(s) | Trekroner	søfortet ved indsejlingen til København. ¶ søfort ved indsejlingen til København.	1855	1855	8 17	Mit Livs Eventyr (inklusive Fortsættelse og Tillæg)	236	2	v17:236 (1855); v8:490 ()	medium	located+place-type	
Triana	Triana	bydel, der tidligere var sigøjnerkvarter. Den er opkaldt efter den romerske kejser Trajan (ca. 53-117 e.Kr.), der var født i den romerske by Italica nær Sevilla.	1863	1863	15	I Spanien	364	1	v15:364 (1863)	high	head-noun+place-type	
Trianon	Trianon	her: Grand Trianon, lystslot i Versailles’ slotspark, opført 1687, hvor Napoleon 1. havde soveværelse.	1855	1855	17	Mit Livs Eventyr (inklusive Fortsættelse og Tillæg)	113	1	v17:113 (1855)	medium	located+place-type	
Triest	Triest	by øst for Venezia på Istrien ved Adriaterhavet.	1835	1835	4 8	Improvisatoren	335	2	v4:335 (1835); v8:126 ()	high	head-noun+located+place-type	
Trieste	Triest	Trieste, italiensk havneby ved grænsen til Slovenien; se kort.	1842	1842	14	En Digters Bazar	351	1	v14:351 (1842)	high	se-kort+located+place-type	
Troias Slette	Troias Slette	mellem højdedraget ved Hisarlik, hvor Troja menes at have ligget, og havet; se kort over Tyrkiet.	1842	1842	14	En Digters Bazar	431	1	v14:431 (1842)	high	se-kort+place-type	
Trolhättacanalen	Trolhättacanalen	kanal med et omfattende slusesystem, som gør Götaelven farbar mellem Kattegat og søen Vänern i Sverige. Åbnet 1800.	1846	1846	16	Mit eget Eventyr uden Digtning	271	1	v16:271 (1846)	high	head-noun+place-type	
Trollhättan	Trollhättan	se kort 1-2. Byens attraktion var Göta älvs vandfald og et omfattende slusesystem, som gjorde elven farbar mellem Kattegat og Vänern. Arbejdet blev indledt 1749, Trollhätte kanal åbnedes 1800, og sammen med Göta kanal, der blev udgravet fra 1810 til 1832, dannede den en vandvej gennem Sverige.	1851	1851	15	I Sverrig	15	1	v15:15 (1851)	high	se-kort+place-type	
Tróia	Troja	Tróia, den fønikiske, senere romerske by Cetobriga, se kort.	1868	1868	15	Et Besøg i Portugal 1866	456	1	v15:456 (1868)	high	se-kort+place-type	
Tuilerierne	Tuilerierne	det tidligere residensslot i Paris, sammenbygget med Louvre.	1836	1836	4	O. T.	423	1	v4:423 (1836)	high	head-noun+located+place-type	
Tuillerierne	Tuillerierne	Palais des Tuileries, 1564, kongeligt residensslot i Paris.	1861	1861	15	Illustreret Tidende	210	1	v15:210 (1861)	medium	located+place-type	
tunge Dage	tunge Dage	Robert Watts far, proprietær William Watt, ejer af Holmstrupgård ved Århus, døde, da sønnen var 6 år. Robert tog realeksamen i 1854.	1869	1869	18	Mit Livs Eventyr (inklusive Fortsættelse og Tillæg)	328	1	v18:328 (1869)	medium	located	
Tuskulum	Tuskulum	oldtidsby med enkelte bevarede ruiner ca. 20 km sydøst for Rom.	1835	1835	4	Improvisatoren	189	1	v4:189 (1835)	high	head-noun+located+place-type	
Tutrakan	Tuturcan	Tutrakan; se kort.	1842	1842	14	En Digters Bazar	510	1	v14:510 (1842)	high	se-kort	geo-726141
Tweed	Floden, der gjør Grændsen mellem England og Skotland	Tweed; H.C. Andersen og Joseph Hambro krydsede floden ved Berwick on Tweed.	1869	1869	18	Mit Livs Eventyr (inklusive Fortsættelse og Tillæg)	46	1	v18:46 (1869)	medium	located+place-type	
Tyrketiden	Tyrketiden	det græske område var under tyrkisk herredømme fra Konstantinopels fald i 1453 og Athens i 1456 indtil frihedskrigens ophør i 1832.	1842	1842	14	En Digters Bazar	389	1	v14:389 (1842)	medium	located	
Tyrol	Tyrol(s) | Tyrol	alpeområde i Østrig og Italien. ¶ region, der strækker sig hen over grænsen mellem Østrig og Italien.	1831	1831 1842	14	Skyggebilleder af en Reise til Harzen, det sachsiske Schweitz etc. etc., i Sommeren 1831	162	2	v14:162 (1831); v14:253 (1842)	high	in-register+head-noun+place-type	geo-2763587
Tétouan	Tetuan	Tétouan, se kort.	1863	1863	15	I Spanien	341	1	v15:341 (1863)	high	se-kort	
Töplitz	Töplitz	kurbadeby i Slovenien.	1837	1837	5	Kun en Spillemand	231	1	v5:231 (1837)	high	head-noun+located+place-type	
ud til Amalienborg	ud til Amalienborg	Amalienborg var blevet kongebolig efter Christiansborg Slots brand 1794.	1849	1849	5	De to Baronesser	453	1	v5:453 (1849)	high	head-noun+place-type	
Udgivne samlede	Udgivne samlede	syv af samlingens i alt fjorten sange og vers havde været trykt i Fædrelandet i perioden 31. marts 1848 til 10. februar 1851.			8	Fædrelandske Vers og Sange under Krigen	158	1	v8:158 ()	medium	located	
Uelzen	Uelzen	se kort.	1831	1831	14	Skyggebilleder af en Reise til Harzen, det sachsiske Schweitz etc. etc., i Sommeren 1831	88	1	v14:88 (1831)	high	in-register+se-kort	geo-6557455
Ulriksdal	Ulriksdal	lystslot ved Edsviken, nord for Stockholm. Besøget fandt sted 28. september.	1869	1869	18	Mit Livs Eventyr (inklusive Fortsættelse og Tillæg)	286	1	v18:286 (1869)	high	head-noun+located+place-type	
Uppsala	Upsala	Uppsala; se kort 1-2.	1851	1851	15	I Sverrig	68	1	v15:68 (1851)	high	se-kort	
v. Benzon	v. Benzon	Christian Albrecht von Benzon blev født i København, men havde gået i skole i Odense, hvor H.C. Andersen formodentlig havde gjort familien Benzons bekendtskab gennem familien Hanck. C.A. von Benzons portræt af H.C. Andersen er malet i marts 1836 og befinder sig nu på Det Nationalhistoriske Museum på Frederiksborg Slot.	1855	1855	17	Mit Livs Eventyr (inklusive Fortsættelse og Tillæg)	250	1	v17:250 (1855)	medium	located+place-type	
Vadstena	Wadstena	Vadstena; se kort 2.	1851	1851	15	I Sverrig	34	1	v15:34 (1851)	high	se-kort	
Valby … laae	Valby … laae	det var almindeligt, at det københavnske borgerskab lå på landet i Valby.	1869	1869	13	I Vetturin(ens)(italiensk) hyrekusk.Vetturinens Vogn	554	1	v13:554 (1869)	medium	located+place-type	
Valencia	Valencia | Valencia(s)	østspansk region ved Middelhavskysten. ¶ region i Sydspanien. ¶ se kort.	1839	1839 1842 1863	11 14 15	Den Usynlige paa Sprogø	266	3	v11:266 (1839); v14:219 (1842); v15:233 (1863)	high	located+place-type+head-noun+se-kort	
Vandfaldene ved Tivoli	Vandfaldene ved Tivoli	floden Aniene (en biflod til Tiberen) danner et vandfald ved Tivoli. Efter at floden rev en del af byen med sig i 1826, ændredes flodens løb, således at den faldt i kaskader, hvoraf den største blev en stor attraktion. Jf. s. 174.	1842	1842	14	En Digters Bazar	320	1	v14:320 (1842)	high	head-noun+located+place-type	
Vandfaldet ved Golling	Vandfaldet ved Golling	75 m højt vandfald ved Golling an der Salzach, 10 km syd for Hallein.	1855	1855	17	Mit Livs Eventyr (inklusive Fortsættelse og Tillæg)	162	1	v17:162 (1855)	medium	located+place-type	
varme Kilder	varme Kilder	øen er af vulkansk oprindelse og har mineralske kilder, der besøgtes af europæere, hvis helbred led under klimaet.	1840	1840	11	Mulatten	280	1	v11:280 (1840)	high	head-noun+place-type	
Varna	Warna	Varna, by ved Sortehavet i det nuværende Bulgarien; se kort.	1842	1842	14	En Digters Bazar	502	1	v14:502 (1842)	high	se-kort+located+place-type	
ved din Dør	ved din Dør	Tivoli blev opført på fæstningsterrænet uden for Vesterport i 1843.			8	(untitled)	440	1	v8:440 ()	medium	located	
Ved Languedoc-Canalen … Trækfartøi	Ved Languedoc-Canalen … Trækfartøi	skildringen af sejladsen på kanalen stammer fra Dagbogen 15. juli 1846, dvs. fra hjemturen, mens den store mængde vandmænd blev observeret 4. juli på udturen.	1855	1855	17	Mit Livs Eventyr (inklusive Fortsættelse og Tillæg)	339	1	v17:339 (1855)	medium	located+place-type	
ved Roeskilde er endnu hans Grav	ved Roeskilde er endnu hans Grav	C.E.F. Weyse blev efter eget ønske begravet på Gråbrødre kirkegård i Roskilde (13. oktober 1842) på et gravsted, han erhvervede sig under et af sine sidste besøg i byen.	1855	1855	17	Mit Livs Eventyr (inklusive Fortsættelse og Tillæg)	247	1	v17:247 (1855)	medium	located	
Vega	Vega	frodig slette mellem bjergene omkring Granada.	1840	1840	11	Maurerpigen	466	1	v11:466 (1840)	medium	located+place-type	
Veirmøller tre	Veirmøller tre	byen havde 16 møller på voldene.	1829	1829	10	Kjærlighed paa Nicolai TaarnSankt Nicolai Kirke på Nicolai Plads er første gang nævnt 1261, men er formentlig betydelig ældre. Tårnet opførtes 1582-1591.Ved branden 1795 blev kirken ødelagt og lå hen som ruin; tårnet blev siden indrettet til brug for brandvæsenet, der ejede det 1808-1882. Fra 1820 anvendtes det til brandvagt og signalstation. Den nuværende kirkebygning er opført 1914-1917. Tårnet blev istandsat og fik nyt spir 1908-1910. Om helgenen Sankt Nicolai: se note til s. 87.Nicolai Taarn eller Hvad siger Parterretstå- og siddepladser på teatrets gulv; blev benyttet af bl.a. borgere og studenter og var billigere end logerne, hvor det fine publikum sad. Ofte gav tilskuerne i parterret deres bifald eller mishag stærkt til kende.Parterret	74	1	v10:74 (1829)	high	head-noun+place-type	
Velletri	Velletri	se kort.	1842	1842	14	En Digters Bazar	338	1	v14:338 (1842)	high	se-kort	
Vendome	Vendome	Vendôme-pladsen i Paris, anlagt i 1600-tallet; pladsen domineres af en sejrssøjle, rejst 1806-1810 af kejser Napoleon 1., med en statue af ham selv på toppen.	1867	1867	8	Af Kjendte og glemte Digte	391	1	v8:391 (1867)	medium	located+place-type	
Venersborg	Wenersborg	Venersborg, hvor H.C. Andersen opholdt sig 2.-5. august 1849.	1869	1869	18	Mit Livs Eventyr (inklusive Fortsættelse og Tillæg)	104	1	v18:104 (1869)	high	head-noun+place-type	
Venlo	Venlo(s)	by i den nederlandske provins Limburg, 70 km syd for Maastricht; blev 1543 belejret og erobret af den tyske kejser Karl 5. og hans hær på 40.000 mand.	1774	1774	11	Festen paa Kenilworthengelsk by sydøst for Birmingham med ruiner af Kenilworth Slot.Kenilworth	16	1	v11:16 (1774)	high	head-noun+place-type	
Verdenshav	Verdenshav	Atlanterhavet.	1868	1868	15	Et Besøg i Portugal 1866	432	1	v15:432 (1868)	high	head-noun+place-type	
Verdun	Verdun	formentlig Vardim; se kort.	1842	1842	14	En Digters Bazar	514	1	v14:514 (1842)	high	se-kort	
Verona	Verona	på den nordlige del af Posletten øst for Gardasøen; byen er kendt for sit romerske amfiteater. ¶ se kort.	1835	1835 1842	4 14	Improvisatoren	347	2	v4:347 (1835); v14:261 (1842)	high	in-register+place-type+se-kort	geo-3164527
Versailles sminkede Guddom	Versailles sminkede Guddom	slottet Versailles blev opført 1623, men ombygget til det nuværende slot af den franske konge Ludvig 14. den Store (1638-1715, konge fra 1643), der også kaldes solkongen, idet han lod sig dyrke som hoflivets sol.	1851	1851	15	I Sverrig	56	1	v15:56 (1851)	high	head-noun+place-type	
Vesterviig	Vesterviig	folkevisen lokaliserer begivenhederne til Vestervig klosterkirke i Thy; Buris lænkes til kirken og Kirsten begraves i den.			8	(untitled)	413	1	v8:413 ()	medium	located+place-type	
Vestervovov	Vestervovov	Vesterhavet.	1836	1836	4	O. T.	373	1	v4:373 (1836)	high	head-noun+place-type	
Vestervovvov	Vestervovvov	Vesterhavet. 	1865	1865	3	Bispen paa Børglum og hans Frænde	79	1	v3:79 (1865)	high	head-noun+place-type	
Vestfold	Vestfold	landskab i Norge beliggende på vestsiden af Oslofjorden; i det 8. og 9. århundrede var Vestfold sæde for den kongeslægt, der senere kom til at herske over Norden.	1822	1822	9	Ungdoms-Forsøg	82	1	v9:82 (1822)	high	head-noun+located+place-type	
Vesuv	Vesuv | Vesuv(s)	vulkan 10 km sydøst for Napoli; se kort. ¶ vulkan ved Napoli, hvis udbrud 79 e.Kr. ødelagde de to romerske byer Pompeji og Herculanum.	1842	1842 1855	14 17	En Digters Bazar	228	2	v14:228 (1842); v17:292 (1855)	high	se-kort+head-noun+located+place-type	
Vi følge Hakon … borg	Vi følge Hakon … borg	jf. Oehlenschläger »Hakon Jarl hin Rige. Et Sørgespil« fra Nordiske Digte, 1807, s. 233-423; Thora er Jarlens kæreste.	1832	1832	7	Vignetter til danske Digtere	333	1	v7:333 (1832)	medium	located	
Via Toledo	Toledogade | Toledogaden	Via Toledo, hovedgade i Napoli. ¶ Via Toledo, hovedgade i Napoli, dengang berygtet for sin prostitution.	1842	1842 1846	14 16	En Digters Bazar	363	2	v14:363 (1842); v16:324 (1846)	medium	located+place-type	
Vicenza	Vicenza	by nord for Padua.	1835	1835	4	Improvisatoren	347	1	v4:347 (1835)	high	head-noun+located+place-type	
Vidin	Widdin	Vidin; se kort. ¶ Vidin; by ved Donau i det nordvestlige Bulgarien, den anden af landets to grænseovergange over Donau.	1842	1842 1855	14 17	En Digters Bazar	516	2	v14:516 (1842); v17:221 (1855)	high	se-kort+head-noun+located+place-type	geo-725905
Vierlandene	Vierlandene	Vierlande. Landskab ved Hamborg bestående af fire kirkesogne.	1831	1831	14	Skyggebilleder af en Reise til Harzen, det sachsiske Schweitz etc. etc., i Sommeren 1831	74	1	v14:74 (1831)	medium	located+place-type	
Viken	Wigen	Viken; se kort 2.	1851	1851	15	I Sverrig	32	1	v15:32 (1851)	high	se-kort	
Villa Borghese	Villa Borghese	Borghesefamiliens sommerpalads, opført 1613-1614 med tilhørende anlagt park.	1842	1842	14	En Digters Bazar	310	1	v14:310 (1842)	high	in-register	geo-6946429
Villa d’ Este	Villa d’ Este	haveanlæg ved Tivoli med hundreder af springvand, anlagt omkring 1600 af kardinal d’Este.	1835	1835	4	Improvisatoren	299	1	v4:299 (1835)	medium	located	
Villa reale	Villa reale	offentligt parkanlæg ud mod havet i Napoli anlagt 1780, nu Villa Communale.	1851	1851	15	I Sverrig	56	1	v15:56 (1851)	medium	located+place-type	
Villa-Borghese	Villa-Borghese	fyrsteslægten Borgheses lystslot og parkanlæg i Rom.	1851	1851	15	I Sverrig	61	1	v15:61 (1851)	medium	located+place-type	
Villaer ved Blankenese	Villaer ved Blankenese	den holstenske by nær Altona var netop bekendt herfor; villaerne tilhørte især rige borgere fra Hamborg.	1854	1854	15	Folkekalender for Danmark	141	1	v15:141 (1854)	high	head-noun+located+place-type	
Villafranca di Verona	Villa franca	Villafranca di Verona, ca. 25 km fra Mantova, som er domineret af Sgaligernes kolossale fæstning Castello Scaligero; se kort.	1842	1842	14	En Digters Bazar	262	1	v14:262 (1842)	high	se-kort	
Virginien	Virginien	1583-1588 forsøgte den engelske søfarer Walter Raleigh at anlægge kolonier på Nordamerikas kyst i det nuværende North Carolina. Det mislykkedes, men landet fik ved den lejlighed sit navn efter den ugifte dronning Elisabeth. Først fra 1606 blomstrede landet op som koloni. Det blev i tidens løb delt op, og den nuværende USA-stat Virginia svarer kun delvis til det oprindelige landområde.	1774	1774	11	Festen paa Kenilworthengelsk by sydøst for Birmingham med ruiner af Kenilworth Slot.Kenilworth	45	1	v11:45 (1774)	medium	located	
Vissenbjerg	Vissenberg	Vissenbjerg, sogn ca. 10 km vest for Odense. Sagnet fortæller, at en røverbande her havde dybe gange under landevejene, og at der i røverkulens loft hang klokker, som ringede, når nogen kørte forbi, jf. Thiele 1, 2.	1822	1822	10	Scene af: Røverne i VissenbergVissenbjerg, sogn ca. 10 km vest for Odense. Sagnet fortæller, at en røverbande her havde dybe gange under landevejene, og at der i røverkulens loft hang klokker, som ringede, når nogen kørte forbi, jf. Thiele 1, 2.Vissenberg i Fyen	63	1	v10:63 (1822)	high	head-noun+located+place-type	
Vitoria	Vitoria	se kort.	1863	1863	15	I Spanien	407	1	v15:407 (1863)	high	se-kort	
Voel	Voel	landsby nordøst for Silkeborg.	1857	1857	6	»At være eller ikke være«	43	1	v6:43 (1857)	high	head-noun+located+place-type	
Volden	Volden	Christianshavn blev oprindelig i tiden efter 1618 anlagt efter en symmetrisk byplan, omgivet af grave og volde med bastioner.	1829	1829	9	Fodreise fra Holmens Canal til Østpynten af Amager i Aarene 1828 og 1829	199	1	v9:199 (1829)	high	head-noun+place-type	
Volksgarten	Volksgarten	Folkeparken ved Burgtheater og parlamentet.	1837	1837	5	Kun en Spillemand	220	1	v5:220 (1837)	high	in-register	geo-6697258
Vouga	Vouga	se kort.	1868	1868	15	Et Besøg i Portugal 1866	461	1	v15:461 (1868)	high	se-kort	
Vukovar	Yucavar	Vukovar, 50 km vest for Novi-Sad; se kort.	1842	1842	14	En Digters Bazar	543	1	v14:543 (1842)	high	se-kort	geo-3187047
Vänern	Sverrigs største Indsøe	Vänern; se kort 1-2.	1851	1851	15	I Sverrig	15	1	v15:15 (1851)	high	se-kort	
Vänersborg	Canalen mellem Trollhätten og Venersborg	Vänersborg, 10 km nord for Trollhättan.	1855	1855	17	Mit Livs Eventyr (inklusive Fortsættelse og Tillæg)	183	1	v17:183 (1855)	high	head-noun+place-type	
Västergötland	Vestgothland | Westergötland	Västergötland, landskab i Sydsverige mellem Göteborg og Vättern. ¶ Västergötland; se kort.	1822	1822 1851	9 15	Ungdoms-Forsøg	90	2	v9:90 (1822); v15:37 (1851)	high	located+place-type+se-kort	
Västerås	Westeraas	Västerås; se kort 1-2.	1851	1851	15	I Sverrig	70	1	v15:70 (1851)	high	se-kort	
Vättern	Wettern	Vättern; se kort 1-2.	1851	1851	15	I Sverrig	35	1	v15:35 (1851)	high	se-kort	
Vélez Málaga	Velez-Malaga	Vélez Málaga, se kort.	1863	1863	15	I Spanien	290	1	v15:290 (1863)	high	se-kort	
Waizen	Waizen	tysk navn for Vác; se kort.	1842	1842	14	En Digters Bazar	559	1	v14:559 (1842)	high	se-kort	
Walhalla	Valhalla | Walhalla	Walhalla, marmortempel opført 1830-1842 ved Donaufloden 10 km øst for Regensburg (se kort) af Klenze, på foranledning af Ludwig 1. af Bayern. Det er opkaldt efter gudernes bolig i nordisk mytologi og rummer buster af betydningsfulde personer i den tyske historie. ¶ jf. Dagbogen 28. februar 1843: »interessantest var et Tog af Børn til Hest, hvor deres egne Been bar dem og Paphestene svævede omkring dem de reed et indstuderet Ridt efter Musikken, dernæst et Narhalle / Parodie paa det ved Regensburg«. Walhalla, marmortempel opført 1830-1842 ved Donaufloden øst for Regensburg af Leo von Klenze på foranledning af Ludwig 1. af Bayern. Det er opkaldt efter gudernes bolig i nordisk mytologi og rummer buster af betydningsfulde personer i den tyske historie.	1842	1842 1855	14 17	En Digters Bazar	246	2	v14:246 (1842); v17:250 (1855)	high	se-kort+place-type+in-register	geo-2814751
Wandsbeck	Wandsbeck	se kort.	1831	1831	14	Skyggebilleder af en Reise til Harzen, det sachsiske Schweitz etc. etc., i Sommeren 1831	72	1	v14:72 (1831)	high	se-kort	
Wartburg	Wartburg	slottet Wartburg ved Eisenach, grundlagt 1067 og opført i det 11. og 12. århundrede, tidligere residens for landsgreverne af Thüringen; på Carl Alexanders foranledning blev det stærkt forfaldne slot restaureret 1847-1889. H.C. Andersen besøgte Wartburg 30. juni 1854.	1869	1869	18	Mit Livs Eventyr (inklusive Fortsættelse og Tillæg)	152	1	v18:152 (1869)	high	head-noun+place-type	
Wedels Troup	Wedels Troup	baron Frederik Christian Wedel Jarlsberg, som havde sit eget private teater i Næstved, havde i 1804 opnået tilladelse til at turnere med sin teatertrup bestående af omkring 15 personer. Han udså sig Odense Teater, der siden 1802 havde været uden en tilknyttet trup, og i december 1804 indtog hans trup scenen. Året efter købte Wedel Odense Teater, men allerede i 1806 forlod han igen byen.	1832	1832	16	Levnedsbog	72	1	v16:72 (1832)	medium	located	
Wesenitz	Wesenitz	biflod til Elben; se kort.	1831	1831	14	Skyggebilleder af en Reise til Harzen, det sachsiske Schweitz etc. etc., i Sommeren 1831	150	1	v14:150 (1831)	high	in-register+se-kort+head-noun+located+place-type	geo-2810656
Wetterhorn	Wetterhorn	bjergmassiv i Finsteraarhorn-gruppen; højeste top er Mittelhorn på 3708 m.			2	(untitled)	391	1	v2:391 ()	medium	located	
»Wetterhorn«, »Silberhorn«	»Wetterhorn«, »Silberhorn«	bjergmassiver i Berneralperne.	1869	1869	18	Mit Livs Eventyr (inklusive Fortsættelse og Tillæg)	16	1	v18:16 (1869)	medium	located	
Weyse … Jubilæum	Weyse … Jubilæum	komponisten C.E.F. Weyse fejrede i 1842 sit 50-års-jubilæum som organist ved Vor Frue Kirke i København.			8	(untitled)	74	1	v8:74 ()	medium	located	
Wilhelm Hensel	Hensel	Wilhelm Hensel, gift med Fanny Hensel, søster til Felix Mendelssohn-Bartholdy. Fanny Hensel døde 14. maj 1847 i Paris.	1869	1869	18	Mit Livs Eventyr (inklusive Fortsættelse og Tillæg)	26	1	v18:26 (1869)	medium	located	
Wilhelms-Höhe	Wilhelms-Höhe	slot uden for Kassel.	1855	1855	17	Mit Livs Eventyr (inklusive Fortsættelse og Tillæg)	109	1	v17:109 (1855)	high	head-noun+located+place-type	
Willenscharen	Willenscharen	(tysk) viljeskarer; by mellem Neumünster (se kort) og Itzehoe.	1842	1842	14	En Digters Bazar	223	1	v14:223 (1842)	high	se-kort+located+place-type	
Wreta Klosterkirke … Steenkister	Wreta Klosterkirke … Steenkister	i Vreta Kloster, nordvest for Linköping, findes en række gravmonumenter, bl.a. over de svenske konger Inge den Yngre (ca. 1110-1118 konge sammen med broderen Filip, 1118-1125 enekonge) og Magnus Nilssön; gravmonumenterne er dog først bygget i slutningen af 1500-tallet, mens klosteret selv brændte ned i 1248 og en ny kirke i dens sted indviedes 1289.	1840	1840	9	Billedbog uden Billederjf. den tyske komponist Felix Mendelssohn-Bartholdys (1809-1847) klaverstykker <i>Lieder ohne Worte</i>, 1829-1845 (sange uden ord).Billedbog uden Billeder	394	1	v9:394 (1840)	medium	located+place-type	
Würtemberg	Würtemberg	da et selvstændigt kongerige i Det Tyske Forbund, nu Baden-Württemberg.	1863	1863	15	I Spanien	352	1	v15:352 (1863)	medium	located+place-type	
Xenil	Xenil	el. Genil, se kort.	1863	1863	15	I Spanien	290	1	v15:290 (1863)	high	se-kort	
Xeres de la Frontera	Xeres de la Frontera	el. Jeres de la Frontera, se kort.	1863	1863	15	I Spanien	352	1	v15:352 (1863)	high	se-kort	
Yrun	Yrun	Irún ved grænsen til Frankrig, se kort.	1863	1863	15	I Spanien	411	1	v15:411 (1863)	high	se-kort	
Zacatin	Zacatin	handelsgade fra maurisk tid.	1863	1863	15	I Spanien	302	1	v15:302 (1863)	high	head-noun+place-type	
Zaragoza	Saragossa	Zaragoza, se kort.	1863	1863	15	I Spanien	236	1	v15:236 (1863)	high	se-kort	
Zea	Zea	eller Tzia; ø i det Ægæiske Hav, sydøst for Attika; del af øgruppen Kykladerne; se kort.	1842	1842	14	En Digters Bazar	397	1	v14:397 (1842)	high	se-kort+located+place-type	
Zemin	Semlin	Zemin; se kort.	1842	1842	14	En Digters Bazar	542	1	v14:542 (1842)	high	se-kort	
Zenil	Zenil(s)	eller Genil, flod ved Granada.	1840	1840	11	Maurerpigen	465	1	v11:465 (1840)	medium	located+place-type	
Zibru	Zibru	Corabia (Cibaˇr), 15 km før Lom; se kort.	1842	1842	14	En Digters Bazar	517	1	v14:517 (1842)	high	se-kort	
Zigeuner-Qvarteret	Zigeuner-Qvarteret	bydelen Albaicin, som menes før at have huset maurerflygtninge, jf. Hackländer 2 s. 252.	1863	1863	15	I Spanien	297	1	v15:297 (1863)	high	head-noun+place-type	
Zimnicea	Simnitza	Zimnicea; se kort.	1842	1842	14	En Digters Bazar	514	1	v14:514 (1842)	high	se-kort	geo-662187
Zürich	Zürich	se kort.	1858	1858	15	Fortællinger og Vers for Større og Mindre	153	1	v15:153 (1858)	high	se-kort	
Årsta	Godset Aosta | Aosta	Årsta, gods i Österhaninge, ca. 25 km fra Stockholm; godset købtes 1805 af Carl Fredrik Bremer, Fredrika Bremers far. ¶ Årsta; gods 25 km fra Stockholm ved Horsfjorden. Det var 1805 blevet købt af Fredrika Bremers far, og her døde hun selv.	1869	1869	18	Mit Livs Eventyr (inklusive Fortsættelse og Tillæg)	95	2	v18:95 (1869); v18:289 (1869)	high	located+place-type+head-noun	
Årøsund	Arøsund	Årøsund, 15 km øst for Haderslev ved Årø i Lillebælt.	1855	1855	17	Mit Livs Eventyr (inklusive Fortsættelse og Tillæg)	223	1	v17:223 (1855)	high	head-noun+located+place-type	
Ægina	Ægina	(Ejina, evt. Egina); se kort.	1842	1842	14	En Digters Bazar	382	1	v14:382 (1842)	high	se-kort	
Ætna og Vesuv	Ætna og Vesuv	vulkaner henholdsvis på Sicilien og ved Napoli.	1845	1845	1	Sneedronningen	327	1	v1:327 (1845)	medium	located	
Çanakkale	store Dardanel-By	Çanakkale; se kort.	1842	1842	14	En Digters Bazar	448	1	v14:448 (1842)	high	se-kort	geo-749780
Érd	Erdød	Érd; se kort.	1842	1842	14	En Digters Bazar	550	1	v14:550 (1842)	high	se-kort	
ødelagdes i den svenske Krig	ødelagdes i den svenske Krig	jf. SGr 18 og ADr XXI om beskydning af slottet fra Galgebakken.	1857	1857	6	»At være eller ikke være«	62	1	v6:62 (1857)	medium	located+place-type	
Ødipus	Oedip	Ødipus, som i Sofokles’ (495-406 f.Kr.) tragedie Kong Ødipus løser sfinksens gåde.	1857	1857	6	»At være eller ikke være«	158	1	v6:158 (1857)	medium	located	
Øen i Sydhavet	Øen i Sydhavet	Adam Oehlenschläger Øen i Sydhavet. Roman, 1824-1825.	1832	1832	16	Levnedsbog	138	1	v16:138 (1832)	medium	located+place-type	
Øen med … Slot	Øen med … Slot	øen Stadsholmen, hvor blandt andet Stockholms slott findes.	1851	1851	15	I Sverrig	61	1	v15:61 (1851)	high	head-noun+place-type	
Ørebæk	Ørebæk	landsbyen Ørbæk sydvest for Nyborg.	1837	1837	5	Kun en Spillemand	21	1	v5:21 (1837)	high	head-noun+located+place-type	
Øresund	Sundet … Skibe møde	Øresund, formodentlig mellem Helsingør og Helsingborg, hvor det er smallest.			8	Af Samlede Skrifter	537	1	v8:537 ()	high	head-noun+located+place-type	
Ørk	Ørk | (Steen)ørk	ørken.	1842	1842 1863	14 15	En Digters Bazar	578	2	v14:578 (1842); v15:394 (1863)	high	head-noun+place-type	
Ørsted … i mit Fædreland	Ørsted … i mit Fædreland	H.C. Ørsted var en af H.C. Andersens vigtigste støtter helt fra de første år i København; han gjorde som den første H.C. Andersen opmærksom på det nybrydende ved Eventyr, fortalte for Børn, jf. et brev til Henriette Wulff den 16. marts 1835, hvor H.C. Andersen fortæller, at han har »skrevet nogle Eventyr for Børn, om hvilke Ørsted siger, at naar Improvisatoren gjør mig berømt, gjør Eventyrene mig udødelig, de ere det meest fuldendte jeg har skrevet, men det synes jeg ikke« (H.C. Andersen og Henriette Wulff. En Brevveksling, bd. I, 1959, s. 211).	1855	1855	17	Mit Livs Eventyr (inklusive Fortsættelse og Tillæg)	56	1	v17:56 (1855)	medium	located	
Østens Patriark	Østens Patriark	den kristne kirke blev fra 395 gradvist delt i en vestlig og en østlig med henholdsvis paven i Rom og paven i Konstantinopel som magtcentrer.			12	AhasverusDen evige Jøde, Jerusalems Skomager, skikkelse fra et middelalderligt sagn, ofte behandlet i dansk litteratur på H.C. Andersens tid. If. sagnet slog Ahasverus Jesus, da denne var på vej til korsfæstelsen på Golgathabjerget; derfor må han vandre fredløs om i verden til evig tid uden at kunne dø. En dansk bearbejdelse, 1607, af en tysk folkebog om Ahasverus fra 1602 er gået tabt; en dansk udgave fra 1631 er bevaret. En almuevise om Ahasverus stammer formentlig fra 1700-tallets første del.Ahasverus	302	1	v12:302 ()	high	head-noun+place-type	
Østerrigs stærkeste Fæstning	Østerrigs stærkeste Fæstning	den middelalderlige fæstning blev genopbygget af østrigerne efter 1699.	1842	1842	14	En Digters Bazar	548	1	v14:548 (1842)	high	head-noun+place-type	
østerrigske Soldater	østerrigske Soldater	den nordlige italienske region, Lombardiet, hørte under Østrig 1713-1796 og igen efter Napoleons endelige fald 1815, nu som en del af kongeriget Lombardiet-Venetien.	1842	1842	14	En Digters Bazar	262	1	v14:262 (1842)	high	head-noun+place-type	
